"year","county","municip_number","municip","production_final","feed_kg","gapfilled"
2006,"Nordland",1820,"Alstahaug",2550567.09,2690900,"n"
2007,"Nordland",1820,"Alstahaug",3437337.553,4419500,"n"
2008,"Nordland",1820,"Alstahaug",7430120.398,6619678,"n"
2009,"Nordland",1820,"Alstahaug",7264618.221,10947412,"n"
2010,"Nordland",1820,"Alstahaug",7083720.189,8043951,"n"
2011,"Nordland",1820,"Alstahaug",7520891.776,8057122,"n"
2012,"Nordland",1820,"Alstahaug",8616880.279,8208776,"n"
2013,"Nordland",1820,"Alstahaug",5039734.386,7159576,"n"
2014,"Nordland",1820,"Alstahaug",8166082.703,8035446,"n"
2015,"Nordland",1820,"Alstahaug",5967840.458,6493422,"n"
2016,"Nordland",1820,"Alstahaug",8742321.288,9889128,"n"
2017,"Nordland",1820,"Alstahaug",2548072.571,4140936,"n"
2018,"Nordland",1820,"Alstahaug",5195401.354,5564015,"n"
2005,"Nordland",1820,"Alstahaug",4196882.265,5291750,"n"
2006,"Finnmark",2012,"Alta",14925546.698,19458582,"n"
2007,"Finnmark",2012,"Alta",14112492.488,18518323,"n"
2008,"Finnmark",2012,"Alta",8331204.678,11850434,"n"
2009,"Finnmark",2012,"Alta",14008774.976,16360587,"n"
2010,"Finnmark",2012,"Alta",20725371.761,29497416,"n"
2011,"Finnmark",2012,"Alta",15863685.276,20840054,"n"
2012,"Finnmark",2012,"Alta",22295638.956,28113079,"n"
2013,"Finnmark",2012,"Alta",23690162.501,29490375,"n"
2014,"Finnmark",2012,"Alta",23522612.386,29915733,"n"
2015,"Finnmark",2012,"Alta",25902557.229,34292060,"n"
2016,"Finnmark",2012,"Alta",27861500.869,34464214,"n"
2017,"Finnmark",2012,"Alta",20419781.145,28035024,"n"
2018,"Finnmark",2012,"Alta",24423884.652,31681931,"n"
2005,"Finnmark",2012,"Alta",21471019.945,22288483,"n"
2006,"Nordland",1854,"Ballangen",843627.096,1113160,"n"
2007,"Nordland",1854,"Ballangen",746083.603,923130,"n"
2008,"Nordland",1854,"Ballangen",1085368.37,1338536,"n"
2009,"Nordland",1854,"Ballangen",1194383.435,1404559,"n"
2010,"Nordland",1854,"Ballangen",1642739.596,2290761,"n"
2011,"Nordland",1854,"Ballangen",1713477.315,2424680,"n"
2012,"Nordland",1854,"Ballangen",1386647.926,1458902,"n"
2013,"Nordland",1854,"Ballangen",4552448.536,5629523,"n"
2014,"Nordland",1854,"Ballangen",4577458.963,5715337,"n"
2015,"Nordland",1854,"Ballangen",2313119.501,2565634,"n"
2016,"Nordland",1854,"Ballangen",6550896.01,7508936,"n"
2017,"Nordland",1854,"Ballangen",7280738.337,8033530,"n"
2018,"Nordland",1854,"Ballangen",6012780.837,7105411,"n"
2005,"Nordland",1854,"Ballangen",833739.187,961978,"n"
2006,"Nordland",1811,"Bindal",3960461.713,4124646,"n"
2007,"Nordland",1811,"Bindal",3341492.749,4797859,"n"
2008,"Nordland",1811,"Bindal",6731652.362,5964456,"n"
2009,"Nordland",1811,"Bindal",8625473.566,6486560,"n"
2010,"Nordland",1811,"Bindal",8239329.013,9546322,"n"
2011,"Nordland",1811,"Bindal",12961240.997,7890825,"n"
2012,"Nordland",1811,"Bindal",16273110.356,8579202,"n"
2013,"Nordland",1811,"Bindal",10342787.844,6396605,"n"
2014,"Nordland",1811,"Bindal",13902598.509,8265640,"n"
2015,"Nordland",1811,"Bindal",19455629.228,14920640,"n"
2016,"Nordland",1811,"Bindal",23850733.627,15958490,"n"
2017,"Nordland",1811,"Bindal",31196253.431,23111608,"n"
2018,"Nordland",1811,"Bindal",6151192,7116448,"n"
2005,"Nordland",1811,"Bindal",1773994.385,3554451,"n"
2006,"Nordland",1867,"Bo",3816942.867,4661259,"n"
2007,"Nordland",1867,"Bo",2670691.315,3868423,"n"
2008,"Nordland",1867,"Bo",8288860.307,7198597,"n"
2009,"Nordland",1867,"Bo",7625684.187,7835431,"n"
2010,"Nordland",1867,"Bo",7825528.485,7653629,"n"
2011,"Nordland",1867,"Bo",7973258.45,8785763,"n"
2012,"Nordland",1867,"Bo",7961244.854,9349767,"n"
2013,"Nordland",1867,"Bo",5653407.995,8142300,"n"
2014,"Nordland",1867,"Bo",2327203.308,5163996,"n"
2015,"Nordland",1867,"Bo",7024899.167,6580665,"n"
2016,"Nordland",1867,"Bo",3978811.777,4765081,"n"
2017,"Nordland",1867,"Bo",8469575.096,8666455,"n"
2018,"Nordland",1867,"Bo",6115245.778,7262180,"n"
2005,"Nordland",1867,"Bo",3049089.626,3461400,"n"
2006,"Nordland",1813,"Bronnoy",2653181.922,3555140,"n"
2007,"Nordland",1813,"Bronnoy",4058115.728,5345480,"n"
2008,"Nordland",1813,"Bronnoy",4909839.223,6000699,"n"
2009,"Nordland",1813,"Bronnoy",5091458.137,7230474,"n"
2010,"Nordland",1813,"Bronnoy",3770497.024,7303390,"n"
2011,"Nordland",1813,"Bronnoy",10414267.873,12415471,"n"
2012,"Nordland",1813,"Bronnoy",5755712.601,9427190,"n"
2013,"Nordland",1813,"Bronnoy",16614561.216,14459294,"n"
2014,"Nordland",1813,"Bronnoy",9079071.99,7412062,"n"
2015,"Nordland",1813,"Bronnoy",21659765.246,14837173,"n"
2016,"Nordland",1813,"Bronnoy",12870525.955,5396515,"n"
2017,"Nordland",1813,"Bronnoy",13798468.763,16243976,"n"
2018,"Nordland",1813,"Bronnoy",26003285.267,16482445,"n"
2005,"Nordland",1813,"Bronnoy",1613751.035,4910265,"n"
2006,"Nordland",1827,"Donna",516232.278,861159,"n"
2007,"Nordland",1827,"Donna",3889541.828,4907730,"n"
2008,"Nordland",1827,"Donna",2329025.409,3032825,"n"
2009,"Nordland",1827,"Donna",7025504.095,7831030,"n"
2010,"Nordland",1827,"Donna",1960500.914,7880907,"n"
2011,"Nordland",1827,"Donna",7801180.366,11501052,"n"
2012,"Nordland",1827,"Donna",3337959.17,4262871,"n"
2013,"Nordland",1827,"Donna",8834103.081,10714242,"n"
2014,"Nordland",1827,"Donna",5104353.409,8637276,"n"
2015,"Nordland",1827,"Donna",12146845.856,16758778,"n"
2016,"Nordland",1827,"Donna",11681326.452,17492943,"n"
2017,"Nordland",1827,"Donna",16492320.284,19448516,"n"
2018,"Nordland",1827,"Donna",12657641.742,15588438,"n"
2005,"Nordland",1827,"Donna",4161043.07,4242586,"n"
2006,"Troms",1926,"Dyroy",3012068.935,3826335,"n"
2007,"Troms",1926,"Dyroy",8194271.18,10278064,"n"
2008,"Troms",1926,"Dyroy",8903198.441,10971273,"n"
2009,"Troms",1926,"Dyroy",2840230.898,4423919,"n"
2010,"Troms",1926,"Dyroy",6453332.47,4671324,"n"
2011,"Troms",1926,"Dyroy",6959738.182,9526488,"n"
2012,"Troms",1926,"Dyroy",7816728.931,11722320,"n"
2013,"Troms",1926,"Dyroy",6655366.951,10452883,"n"
2014,"Troms",1926,"Dyroy",14988029.753,17150433,"n"
2015,"Troms",1926,"Dyroy",7463902.727,6183404,"n"
2016,"Troms",1926,"Dyroy",17947947.883,21401262,"n"
2017,"Troms",1926,"Dyroy",6961745.513,7908432,"n"
2018,"Troms",1926,"Dyroy",13810755.948,15798284,"n"
2005,"Troms",1926,"Dyroy",5777425.793,6966975,"n"
2006,"Nordland",1859,"Flakstad",2858617.055,3249855,"n"
2007,"Nordland",1859,"Flakstad",2641130.559,3006525,"n"
2008,"Nordland",1859,"Flakstad",4269865.433,3667300,"n"
2009,"Nordland",1859,"Flakstad",2179651.487,2324050,"n"
2010,"Nordland",1859,"Flakstad",3126739.442,4311644,"n"
2011,"Nordland",1859,"Flakstad",2994134.522,3737962,"n"
2012,"Nordland",1859,"Flakstad",4030309.274,4615444,"n"
2013,"Nordland",1859,"Flakstad",1113827.834,1207938,"n"
2014,"Nordland",1859,"Flakstad",2641325.291,3110485,"n"
2016,"Nordland",1859,"Flakstad",1498282.052,1745743,"n"
2017,"Nordland",1859,"Flakstad",1961830.13,2450400,"n"
2018,"Nordland",1859,"Flakstad",1511648.602,1639138,"n"
2005,"Nordland",1859,"Flakstad",1605962.919,2684500,"n"
2005,"Finnmark",2023,"Gamvik",774463,2287,"n"
2006,"Nordland",1838,"Gildeskal",6472464.789,10928195,"n"
2007,"Nordland",1838,"Gildeskal",7040888.45,10580468,"n"
2008,"Nordland",1838,"Gildeskal",11070170.767,13829634,"n"
2009,"Nordland",1838,"Gildeskal",9599890.062,8012410,"n"
2010,"Nordland",1838,"Gildeskal",6003036.277,9272947,"n"
2011,"Nordland",1838,"Gildeskal",7990068.942,11315610,"n"
2012,"Nordland",1838,"Gildeskal",12923865.35,16435120,"n"
2013,"Nordland",1838,"Gildeskal",11650856.411,16394493,"n"
2014,"Nordland",1838,"Gildeskal",19420514.453,20107715,"n"
2015,"Nordland",1838,"Gildeskal",19796934.809,19882733,"n"
2016,"Nordland",1838,"Gildeskal",18207688.419,19013973,"n"
2017,"Nordland",1838,"Gildeskal",17538976.188,15676559,"n"
2018,"Nordland",1838,"Gildeskal",11976550.313,13237674,"n"
2005,"Nordland",1838,"Gildeskal",6419499.983,10942564,"n"
2006,"Troms",1919,"Gratangen",2805316.024,2712326,"n"
2007,"Troms",1919,"Gratangen",5880480.152,5836552,"n"
2008,"Troms",1919,"Gratangen",13727.2889999999,617259,"n"
2009,"Troms",1919,"Gratangen",1793281.285,1811595,"n"
2010,"Troms",1919,"Gratangen",2733414.89,3899171,"n"
2013,"Troms",1919,"Gratangen",1303402.22,292112,"n"
2014,"Troms",1919,"Gratangen",1664713.098,982174,"n"
2015,"Troms",1919,"Gratangen",3584969.753,2048093,"n"
2016,"Troms",1919,"Gratangen",4485763.472,1526714,"n"
2017,"Troms",1919,"Gratangen",3367418.127,3070453,"n"
2018,"Troms",1919,"Gratangen",41971.6640000001,1692640,"n"
2005,"Troms",1919,"Gratangen",4123798.154,4882763,"n"
2006,"Nordland",1866,"Hadsel",5873921.994,7700290,"n"
2007,"Nordland",1866,"Hadsel",10450302.522,12113287,"n"
2008,"Nordland",1866,"Hadsel",3482179.297,5495530,"n"
2009,"Nordland",1866,"Hadsel",11751190.836,13537831,"n"
2010,"Nordland",1866,"Hadsel",6293965.056,8881964,"n"
2011,"Nordland",1866,"Hadsel",11975291.102,15434448,"n"
2012,"Nordland",1866,"Hadsel",5796016.687,8401465,"n"
2013,"Nordland",1866,"Hadsel",16120605.567,20829754,"n"
2014,"Nordland",1866,"Hadsel",13336445.937,17019033,"n"
2015,"Nordland",1866,"Hadsel",7800060.707,12464457,"n"
2016,"Nordland",1866,"Hadsel",12441168.895,15268118,"n"
2017,"Nordland",1866,"Hadsel",15563258.849,17037120,"n"
2018,"Nordland",1866,"Hadsel",7272766.734,9545892,"n"
2005,"Nordland",1866,"Hadsel",7176123.601,9109763,"n"
2006,"Nordland",1849,"Hamaroy",1092343.348,1237825,"n"
2007,"Nordland",1849,"Hamaroy",5076429.863,5454894,"n"
2008,"Nordland",1849,"Hamaroy",1546734.396,1795462,"n"
2009,"Nordland",1849,"Hamaroy",2263478.327,891525,"n"
2010,"Nordland",1849,"Hamaroy",5084572.402,6221498,"n"
2011,"Nordland",1849,"Hamaroy",2780577.532,2383250,"n"
2012,"Nordland",1849,"Hamaroy",3862092.704,4710250,"n"
2013,"Nordland",1849,"Hamaroy",3946562.487,3696250,"n"
2014,"Nordland",1849,"Hamaroy",2558141.786,3365250,"n"
2015,"Nordland",1849,"Hamaroy",1456441.05,936271,"n"
2016,"Nordland",1849,"Hamaroy",5379646.794,6096840,"n"
2017,"Nordland",1849,"Hamaroy",2888174.885,2541971,"n"
2018,"Nordland",1849,"Hamaroy",5065211.387,5710298,"n"
2005,"Nordland",1849,"Hamaroy",2475057.207,2916252,"n"
2006,"Finnmark",2004,"Hammerfest",1150485.368,1217960,"n"
2007,"Finnmark",2004,"Hammerfest",7008104.775,8145615,"n"
2008,"Finnmark",2004,"Hammerfest",11308631.13,13034769,"n"
2009,"Finnmark",2004,"Hammerfest",11115522.511,15294918,"n"
2010,"Finnmark",2004,"Hammerfest",9546299.395,12852972,"n"
2011,"Finnmark",2004,"Hammerfest",18035794.082,22537376,"n"
2012,"Finnmark",2004,"Hammerfest",13166151.033,17473890,"n"
2013,"Finnmark",2004,"Hammerfest",18475266.146,25913238,"n"
2014,"Finnmark",2004,"Hammerfest",10877271.312,15127665,"n"
2015,"Finnmark",2004,"Hammerfest",15770201.343,21289982,"n"
2016,"Finnmark",2004,"Hammerfest",16279556.841,21234758,"n"
2017,"Finnmark",2004,"Hammerfest",15328573.511,21028491,"n"
2018,"Finnmark",2004,"Hammerfest",20454635.399,24402694,"n"
2005,"Finnmark",2004,"Hammerfest",3781340.428,5343202,"n"
2006,"Troms",1903,"Harstad",3481073.55,5941257,"n"
2007,"Troms",1903,"Harstad",852440.669999999,4389752,"n"
2008,"Troms",1903,"Harstad",5142534.205,7273457,"n"
2009,"Troms",1903,"Harstad",8966895.83,10802234,"n"
2010,"Troms",1903,"Harstad",10811490.85,15297121,"n"
2011,"Troms",1903,"Harstad",11562116.249,13916511,"n"
2012,"Troms",1903,"Harstad",20584236.571,21143940,"n"
2013,"Troms",1903,"Harstad",13618855.336,16187716,"n"
2014,"Troms",1903,"Harstad",19571008.259,22284894,"n"
2015,"Troms",1903,"Harstad",22045794.503,27718001,"n"
2016,"Troms",1903,"Harstad",19205661.862,21167391,"n"
2017,"Troms",1903,"Harstad",33421457.657,34086214,"n"
2018,"Troms",1903,"Harstad",15861940.226,22498817,"n"
2005,"Troms",1903,"Harstad",4108036.155,5235541,"n"
2015,"Finnmark",2015,"Hasvik",5810947.458,7328816,"n"
2016,"Finnmark",2015,"Hasvik",3326018.65,4898272,"n"
2017,"Finnmark",2015,"Hasvik",3082923.567,3630918,"n"
2018,"Finnmark",2015,"Hasvik",9390480.688,10131798,"n"
2014,"Finnmark",2015,"Hasvik",639209.116,962076,"n"
2006,"Troms",1917,"Ibestad",4094627.156,5193959,"n"
2007,"Troms",1917,"Ibestad",1742259.482,2054797,"n"
2008,"Troms",1917,"Ibestad",5876019.479,7472909,"n"
2009,"Troms",1917,"Ibestad",5547939.884,7714524,"n"
2010,"Troms",1917,"Ibestad",6643258.661,7379674,"n"
2011,"Troms",1917,"Ibestad",10066139.798,12311979,"n"
2012,"Troms",1917,"Ibestad",10079890.597,12530918,"n"
2013,"Troms",1917,"Ibestad",9703160.47,13714834,"n"
2014,"Troms",1917,"Ibestad",16294374.82,19120345,"n"
2015,"Troms",1917,"Ibestad",10016751.164,10479383,"n"
2016,"Troms",1917,"Ibestad",15631047.428,16784457,"n"
2017,"Troms",1917,"Ibestad",15889314.857,14732673,"n"
2018,"Troms",1917,"Ibestad",18482001.421,23423533,"n"
2005,"Troms",1917,"Ibestad",3490338.262,3689406,"n"
2006,"Troms",1940,"Kafjord",1902365.71,2416751,"n"
2007,"Troms",1940,"Kafjord",5574208.103,5577533,"n"
2008,"Troms",1940,"Kafjord",1544602.792,1584598,"n"
2009,"Troms",1940,"Kafjord",3618065.942,4811655,"n"
2011,"Troms",1940,"Kafjord",887798.704,1090461,"n"
2012,"Troms",1940,"Kafjord",5254781.808,6217976,"n"
2013,"Troms",1940,"Kafjord",2954213.14,4572174,"n"
2014,"Troms",1940,"Kafjord",1068254.918,1653975,"n"
2015,"Troms",1940,"Kafjord",4393648.462,4589825,"n"
2016,"Troms",1940,"Kafjord",1651429.673,2643601,"n"
2017,"Troms",1940,"Kafjord",4172890.134,2645987,"n"
2018,"Troms",1940,"Kafjord",1649206.536,997433,"n"
2005,"Troms",1940,"Kafjord",3145678.034,5631146,"n"
2006,"Troms",1936,"Karlsoy",4949279.871,6441723,"n"
2007,"Troms",1936,"Karlsoy",3776748.969,5229919,"n"
2008,"Troms",1936,"Karlsoy",6730839.33,9703917,"n"
2009,"Troms",1936,"Karlsoy",5497918.914,7691306,"n"
2010,"Troms",1936,"Karlsoy",10782569.545,12485357,"n"
2011,"Troms",1936,"Karlsoy",9007076.523,12403717,"n"
2012,"Troms",1936,"Karlsoy",7216672.258,8948574,"n"
2013,"Troms",1936,"Karlsoy",6886610.062,8371690,"n"
2014,"Troms",1936,"Karlsoy",13215597.48,16356752,"n"
2015,"Troms",1936,"Karlsoy",12791559.24,14312989,"n"
2016,"Troms",1936,"Karlsoy",9606529.186,13299613,"n"
2017,"Troms",1936,"Karlsoy",20379697.398,24682109,"n"
2018,"Troms",1936,"Karlsoy",14164440.528,19241721,"n"
2005,"Troms",1936,"Karlsoy",3616492.241,4191541,"n"
2006,"Troms",1911,"Kvaefjord",4338264.036,6322215,"n"
2007,"Troms",1911,"Kvaefjord",6233649.763,8608643,"n"
2008,"Troms",1911,"Kvaefjord",5223489.988,7996891,"n"
2009,"Troms",1911,"Kvaefjord",11881415.777,15762545,"n"
2010,"Troms",1911,"Kvaefjord",6650780.86,8833742,"n"
2011,"Troms",1911,"Kvaefjord",5098656.142,8221621,"n"
2012,"Troms",1911,"Kvaefjord",10816251.248,14781940,"n"
2013,"Troms",1911,"Kvaefjord",5820023.285,5407194,"n"
2014,"Troms",1911,"Kvaefjord",6807389.122,7758987,"n"
2015,"Troms",1911,"Kvaefjord",9591426.144,14046420,"n"
2016,"Troms",1911,"Kvaefjord",8749086.973,7964791,"n"
2017,"Troms",1911,"Kvaefjord",4151720.05,6077058,"n"
2018,"Troms",1911,"Kvaefjord",7646400.908,8161545,"n"
2005,"Troms",1911,"Kvaefjord",4352943.719,6324663,"n"
2006,"Troms",1943,"Kvaenangen",5475042.331,6804103,"n"
2007,"Troms",1943,"Kvaenangen",9639301.248,6679453,"n"
2008,"Troms",1943,"Kvaenangen",7322099.782,7864161,"n"
2009,"Troms",1943,"Kvaenangen",8952726.16,7590092,"n"
2010,"Troms",1943,"Kvaenangen",12372588.385,8905568,"n"
2011,"Troms",1943,"Kvaenangen",4604877.108,7331794,"n"
2012,"Troms",1943,"Kvaenangen",6422766.891,8982562,"n"
2013,"Troms",1943,"Kvaenangen",9009633.648,9242326,"n"
2014,"Troms",1943,"Kvaenangen",19655416.448,13570362,"n"
2015,"Troms",1943,"Kvaenangen",3194937.152,12472272,"n"
2016,"Troms",1943,"Kvaenangen",11671436.701,13210280,"n"
2017,"Troms",1943,"Kvaenangen",9692142.276,13259890,"n"
2018,"Troms",1943,"Kvaenangen",10486779.381,12547636,"n"
2005,"Troms",1943,"Kvaenangen",5896290.858,5990889,"n"
2006,"Finnmark",2017,"Kvalsund",3011720.29,3351825,"n"
2007,"Finnmark",2017,"Kvalsund",1275195.862,1063448,"n"
2008,"Finnmark",2017,"Kvalsund",1570039.065,2578180,"n"
2009,"Finnmark",2017,"Kvalsund",1263144.293,1886000,"n"
2010,"Finnmark",2017,"Kvalsund",2673101.881,3625320,"n"
2011,"Finnmark",2017,"Kvalsund",6160729.19,7361502,"n"
2012,"Finnmark",2017,"Kvalsund",10516535.076,12594007,"n"
2013,"Finnmark",2017,"Kvalsund",5203841.074,6954919,"n"
2014,"Finnmark",2017,"Kvalsund",12547681.468,15741414,"n"
2015,"Finnmark",2017,"Kvalsund",948140.366999999,3459880,"n"
2016,"Finnmark",2017,"Kvalsund",5621656.376,8274068,"n"
2017,"Finnmark",2017,"Kvalsund",9048327.377,11819120,"n"
2018,"Finnmark",2017,"Kvalsund",12590853.362,17230170,"n"
2005,"Finnmark",2017,"Kvalsund",1890184.324,375500,"n"
2009,"Finnmark",2022,"Lebesby",252806.863,341332,"n"
2010,"Finnmark",2022,"Lebesby",1610053.708,2305411,"n"
2011,"Finnmark",2022,"Lebesby",3457654.572,4333581,"n"
2012,"Finnmark",2022,"Lebesby",5603964.197,6654867,"n"
2013,"Finnmark",2022,"Lebesby",8084184.081,8285045,"n"
2014,"Finnmark",2022,"Lebesby",13402271.802,13709732,"n"
2015,"Finnmark",2022,"Lebesby",6826597.383,11412365,"n"
2016,"Finnmark",2022,"Lebesby",14702735.056,14925048,"n"
2017,"Finnmark",2022,"Lebesby",9135849.65,10166457,"n"
2018,"Finnmark",2022,"Lebesby",2932602.314,3710586,"n"
2005,"Finnmark",2022,"Lebesby",758095.434,1281592,"n"
2006,"Troms",1931,"Lenvik",2173552.638,1600900,"n"
2007,"Troms",1931,"Lenvik",1918767.102,1415500,"n"
2008,"Troms",1931,"Lenvik",4917267.416,6117555,"n"
2009,"Troms",1931,"Lenvik",5635392.601,5794339,"n"
2010,"Troms",1931,"Lenvik",3746580.369,4317062,"n"
2011,"Troms",1931,"Lenvik",7623195.257,9863448,"n"
2012,"Troms",1931,"Lenvik",5716689.853,6372602,"n"
2013,"Troms",1931,"Lenvik",8326684.797,8822258,"n"
2014,"Troms",1931,"Lenvik",10633952.187,10846978,"n"
2015,"Troms",1931,"Lenvik",29051423.098,19233270,"n"
2016,"Troms",1931,"Lenvik",10151668.242,11707287,"n"
2017,"Troms",1931,"Lenvik",13917936.479,15067438,"n"
2018,"Troms",1931,"Lenvik",16675511.654,17404959,"n"
2005,"Troms",1931,"Lenvik",1164203.46,1341380,"n"
2006,"Nordland",1851,"Lodingen",4887889.985,5947243,"n"
2007,"Nordland",1851,"Lodingen",3117862.506,4112353,"n"
2008,"Nordland",1851,"Lodingen",8567312.432,11309462,"n"
2009,"Nordland",1851,"Lodingen",7592712.534,9094282,"n"
2010,"Nordland",1851,"Lodingen",5648846.404,8317252,"n"
2011,"Nordland",1851,"Lodingen",4683279.347,5039121,"n"
2012,"Nordland",1851,"Lodingen",8282154.566,12235702,"n"
2013,"Nordland",1851,"Lodingen",3788311.045,5904705,"n"
2014,"Nordland",1851,"Lodingen",5510657.06,7226511,"n"
2015,"Nordland",1851,"Lodingen",6695620.456,8171504,"n"
2016,"Nordland",1851,"Lodingen",6548344.1,8659721,"n"
2017,"Nordland",1851,"Lodingen",7335240.152,9085956,"n"
2018,"Nordland",1851,"Lodingen",8119862.543,9712485,"n"
2005,"Nordland",1851,"Lodingen",1770713.465,2771533,"n"
2006,"Finnmark",2014,"Loppa",7714625.581,9962016,"n"
2007,"Finnmark",2014,"Loppa",6093070.341,9113491,"n"
2008,"Finnmark",2014,"Loppa",6429937.68,8978921,"n"
2009,"Finnmark",2014,"Loppa",11307124.156,14762235,"n"
2010,"Finnmark",2014,"Loppa",6850179.179,9406850,"n"
2011,"Finnmark",2014,"Loppa",11108665.273,13313436,"n"
2012,"Finnmark",2014,"Loppa",13823587.098,16645075,"n"
2013,"Finnmark",2014,"Loppa",11609890.236,19368013,"n"
2014,"Finnmark",2014,"Loppa",9969769.108,13966832,"n"
2015,"Finnmark",2014,"Loppa",12077349.749,15752388,"n"
2016,"Finnmark",2014,"Loppa",1755554.043,3492166,"n"
2017,"Finnmark",2014,"Loppa",19567000.338,22679513,"n"
2018,"Finnmark",2014,"Loppa",6756424.568,12005937,"n"
2005,"Finnmark",2014,"Loppa",4366246.411,3685929,"n"
2006,"Nordland",1834,"Luroy",12915239.591,11731972,"n"
2007,"Nordland",1834,"Luroy",12538161.093,14395368,"n"
2008,"Nordland",1834,"Luroy",9722553.139,12073795,"n"
2009,"Nordland",1834,"Luroy",14601676.136,15830238,"n"
2010,"Nordland",1834,"Luroy",7387640.523,10818297,"n"
2011,"Nordland",1834,"Luroy",9798644.353,13951461,"n"
2012,"Nordland",1834,"Luroy",9516566.922,15337617,"n"
2013,"Nordland",1834,"Luroy",12598893.984,15905140,"n"
2014,"Nordland",1834,"Luroy",9261784.869,12958970,"n"
2015,"Nordland",1834,"Luroy",11182848.753,14481880,"n"
2016,"Nordland",1834,"Luroy",12504841.25,14239763,"n"
2017,"Nordland",1834,"Luroy",19025193.234,21795762,"n"
2018,"Nordland",1834,"Luroy",12980006.055,15567940,"n"
2005,"Nordland",1834,"Luroy",5450264.845,10551569,"n"
2006,"Troms",1938,"Lyngen",759953.067,1598630,"n"
2007,"Troms",1938,"Lyngen",4185405.28,5372027,"n"
2008,"Troms",1938,"Lyngen",1079817.764,1367821,"n"
2009,"Troms",1938,"Lyngen",4408871.63,5379085,"n"
2010,"Troms",1938,"Lyngen",983403.1,1380697,"n"
2011,"Troms",1938,"Lyngen",3379265.127,5441600,"n"
2012,"Troms",1938,"Lyngen",1188848.548,1391481,"n"
2013,"Troms",1938,"Lyngen",4557327.56,4803047,"n"
2014,"Troms",1938,"Lyngen",1117893.985,1182236,"n"
2015,"Troms",1938,"Lyngen",2709209.792,3914642,"n"
2016,"Troms",1938,"Lyngen",1054673.723,1896117,"n"
2017,"Troms",1938,"Lyngen",7508763.525,6282006,"n"
2018,"Troms",1938,"Lyngen",5752996.4,4058139,"n"
2005,"Troms",1938,"Lyngen",2416888.251,2356582,"n"
2012,"Finnmark",2018,"Masoy",5923373.861,9476443,"n"
2013,"Finnmark",2018,"Masoy",3879185.738,6157892,"n"
2014,"Finnmark",2018,"Masoy",14278626.308,14881075,"n"
2015,"Finnmark",2018,"Masoy",1277780.113,7490718,"n"
2016,"Finnmark",2018,"Masoy",8252655.101,8012747,"n"
2017,"Finnmark",2018,"Masoy",12856871.283,13842776,"n"
2018,"Finnmark",2018,"Masoy",9653859.332,11992067,"n"
2011,"Finnmark",2018,"Masoy",2081365.091,2816696,"n"
2006,"Nordland",1837,"Meloy",5801144.897,6536083,"n"
2007,"Nordland",1837,"Meloy",8053776.578,9441737,"n"
2008,"Nordland",1837,"Meloy",6047142.01,6406677,"n"
2009,"Nordland",1837,"Meloy",11903828.737,13328628,"n"
2010,"Nordland",1837,"Meloy",9970585.808,12668813,"n"
2011,"Nordland",1837,"Meloy",7879096.262,9751487,"n"
2012,"Nordland",1837,"Meloy",9561202.982,12624949,"n"
2013,"Nordland",1837,"Meloy",4695951.202,6242292,"n"
2014,"Nordland",1837,"Meloy",12091134.997,14434958,"n"
2015,"Nordland",1837,"Meloy",10101387.261,10300048,"n"
2016,"Nordland",1837,"Meloy",13718700.027,15424097,"n"
2017,"Nordland",1837,"Meloy",11603015.292,13872132,"n"
2018,"Nordland",1837,"Meloy",12299812.856,13621327,"n"
2005,"Nordland",1837,"Meloy",6228463.047,8881568,"n"
2015,"Nordland",1874,"Moskenes",477791.66,1008750,"n"
2014,"Nordland",1874,"Moskenes",185051.615,235400,"n"
2006,"Nordland",1828,"Nesna",926686.309,1046825,"n"
2007,"Nordland",1828,"Nesna",1324564.144,1505050,"n"
2008,"Nordland",1828,"Nesna",1088970.686,1373650,"n"
2009,"Nordland",1828,"Nesna",1477549.241,1466500,"n"
2010,"Nordland",1828,"Nesna",637865.923,1906353,"n"
2011,"Nordland",1828,"Nesna",4157572.973,4086741,"n"
2012,"Nordland",1828,"Nesna",4900823.503,5277573,"n"
2013,"Nordland",1828,"Nesna",3652797.093,5302652,"n"
2014,"Nordland",1828,"Nesna",3572759.036,3948329,"n"
2015,"Nordland",1828,"Nesna",5088542.52,6008746,"n"
2016,"Nordland",1828,"Nesna",2476427.174,2330013,"n"
2017,"Nordland",1828,"Nesna",2099367.216,1939509,"n"
2018,"Nordland",1828,"Nesna",1907301.173,2241404,"n"
2005,"Nordland",1828,"Nesna",1315955.447,1441950,"n"
2006,"Finnmark",2019,"Nordkapp",115461.352,123468,"n"
2007,"Finnmark",2019,"Nordkapp",955798.935,1146273,"n"
2008,"Finnmark",2019,"Nordkapp",2579759.587,3824147,"n"
2009,"Finnmark",2019,"Nordkapp",4577883.025,7145946,"n"
2010,"Finnmark",2019,"Nordkapp",1461757.275,2900965,"n"
2011,"Finnmark",2019,"Nordkapp",1570719.83,2092582,"n"
2012,"Finnmark",2019,"Nordkapp",4501978.025,5625932,"n"
2013,"Finnmark",2019,"Nordkapp",4610977.019,7414668,"n"
2014,"Finnmark",2019,"Nordkapp",5055512.776,4630811,"n"
2015,"Finnmark",2019,"Nordkapp",3862343.789,5715692,"n"
2016,"Finnmark",2019,"Nordkapp",4997001.464,7583389,"n"
2017,"Finnmark",2019,"Nordkapp",7083276.029,10569232,"n"
2018,"Finnmark",2019,"Nordkapp",4177152.66,6207462,"n"
2005,"Finnmark",2019,"Nordkapp",229582,25304,"n"
2006,"Troms",1942,"Nordreisa",4867534.404,6297215,"n"
2007,"Troms",1942,"Nordreisa",4727483.259,5793586,"n"
2008,"Troms",1942,"Nordreisa",5257632.932,6873456,"n"
2009,"Troms",1942,"Nordreisa",4733759.85,7031097,"n"
2010,"Troms",1942,"Nordreisa",5468165.149,6516617,"n"
2011,"Troms",1942,"Nordreisa",1310997.923,1827092,"n"
2012,"Troms",1942,"Nordreisa",7776204.545,8499392,"n"
2013,"Troms",1942,"Nordreisa",6152874.653,8519212,"n"
2014,"Troms",1942,"Nordreisa",2600900.94,3130493,"n"
2015,"Troms",1942,"Nordreisa",10609756.907,12110553,"n"
2016,"Troms",1942,"Nordreisa",722076.194,1031582,"n"
2017,"Troms",1942,"Nordreisa",2593190.888,3530498,"n"
2018,"Troms",1942,"Nordreisa",7292101.138,8899699,"n"
2005,"Troms",1942,"Nordreisa",3225714.706,4675202,"n"
2006,"Nordland",1868,"Oksnes",6688259.255,10403192,"n"
2007,"Nordland",1868,"Oksnes",8338282.778,11477917,"n"
2008,"Nordland",1868,"Oksnes",9692554.814,12166894,"n"
2009,"Nordland",1868,"Oksnes",10643830.627,12746870,"n"
2010,"Nordland",1868,"Oksnes",9573957.488,11759696,"n"
2011,"Nordland",1868,"Oksnes",10939051.432,13638303,"n"
2012,"Nordland",1868,"Oksnes",8524384.315,11217280,"n"
2013,"Nordland",1868,"Oksnes",9114314.722,11648992,"n"
2014,"Nordland",1868,"Oksnes",7610515.807,11204963,"n"
2015,"Nordland",1868,"Oksnes",6520647.005,7983674,"n"
2016,"Nordland",1868,"Oksnes",8236212.294,9771825,"n"
2017,"Nordland",1868,"Oksnes",9998583.7,11670849,"n"
2018,"Nordland",1868,"Oksnes",10906337.878,13146192,"n"
2005,"Nordland",1868,"Oksnes",9576502.455,11016155,"n"
2006,"Nordland",1833,"Rana",858279.262,1127500,"n"
2007,"Nordland",1833,"Rana",2887685.123,3528000,"n"
2008,"Nordland",1833,"Rana",178397.587,195635,"n"
2009,"Nordland",1833,"Rana",3252876.185,3569432,"n"
2010,"Nordland",1833,"Rana",877819.393,1185366,"n"
2011,"Nordland",1833,"Rana",3300927.639,3604704,"n"
2012,"Nordland",1833,"Rana",1885255.335,1973057,"n"
2013,"Nordland",1833,"Rana",5255162.955,5685427,"n"
2014,"Nordland",1833,"Rana",1472815.242,1282470,"n"
2015,"Nordland",1833,"Rana",3835988.836,4209007,"n"
2016,"Nordland",1833,"Rana",2871541.914,2608686,"n"
2017,"Nordland",1833,"Rana",7141994.147,8142254,"n"
2018,"Nordland",1833,"Rana",2670707.767,4229532,"n"
2005,"Nordland",1833,"Rana",2515529.399,3016500,"n"
2006,"Nordland",1836,"Rodoy",13077426.265,15691520,"n"
2007,"Nordland",1836,"Rodoy",9577124.956,10459464,"n"
2008,"Nordland",1836,"Rodoy",12576418.794,17302653,"n"
2009,"Nordland",1836,"Rodoy",9880149.654,10137821,"n"
2010,"Nordland",1836,"Rodoy",14349858.371,16943547,"n"
2011,"Nordland",1836,"Rodoy",11569640.765,13163485,"n"
2012,"Nordland",1836,"Rodoy",25734456.556,27512273,"n"
2013,"Nordland",1836,"Rodoy",18283216.064,21492650,"n"
2014,"Nordland",1836,"Rodoy",26391907.763,30094033,"n"
2015,"Nordland",1836,"Rodoy",23912162.338,27137914,"n"
2016,"Nordland",1836,"Rodoy",9554862.769,14757621,"n"
2017,"Nordland",1836,"Rodoy",12329393.695,14753962,"n"
2018,"Nordland",1836,"Rodoy",32950266.706,40212446,"n"
2005,"Nordland",1836,"Rodoy",9379465.991,14143170,"n"
2006,"Nordland",1840,"Saltdal",237593.887,305514,"n"
2007,"Nordland",1840,"Saltdal",2860968.383,2692144,"n"
2008,"Nordland",1840,"Saltdal",2470413.146,4169200,"n"
2009,"Nordland",1840,"Saltdal",1289564.016,1678200,"n"
2010,"Nordland",1840,"Saltdal",2988451.104,3426250,"n"
2011,"Nordland",1840,"Saltdal",1025250.534,1679616,"n"
2012,"Nordland",1840,"Saltdal",4270395.465,4113487,"n"
2013,"Nordland",1840,"Saltdal",1331181.743,2365000,"n"
2014,"Nordland",1840,"Saltdal",958565.507,3610554,"n"
2015,"Nordland",1840,"Saltdal",4614558.837,2572936,"n"
2016,"Nordland",1840,"Saltdal",4691809.58,5037132,"n"
2017,"Nordland",1840,"Saltdal",2333615.584,3532567,"n"
2018,"Nordland",1840,"Saltdal",4261142.265,4926147,"n"
2005,"Nordland",1840,"Saltdal",816275.121,1115320,"n"
2006,"Troms",1913,"Skanland",6208081.66,8432735,"n"
2007,"Troms",1913,"Skanland",5428840.7,6554603,"n"
2008,"Troms",1913,"Skanland",2687374.235,4606944,"n"
2009,"Troms",1913,"Skanland",2024367.85,2248663,"n"
2010,"Troms",1913,"Skanland",5225820.095,6919361,"n"
2011,"Troms",1913,"Skanland",1491205.18,1815472,"n"
2012,"Troms",1913,"Skanland",2906232.56,3547117,"n"
2013,"Troms",1913,"Skanland",5265926.05,6453582,"n"
2014,"Troms",1913,"Skanland",3635994.656,4106141,"n"
2015,"Troms",1913,"Skanland",11295940.477,14088294,"n"
2016,"Troms",1913,"Skanland",3926087.421,5382072,"n"
2017,"Troms",1913,"Skanland",12531227.105,14847599,"n"
2018,"Troms",1913,"Skanland",3711088.007,4181092,"n"
2005,"Troms",1913,"Skanland",2335461.395,2185223,"n"
2006,"Troms",1941,"Skjervoy",8266246.591,9411090,"n"
2007,"Troms",1941,"Skjervoy",6613650.347,5899888,"n"
2008,"Troms",1941,"Skjervoy",8368886.994,9297623,"n"
2009,"Troms",1941,"Skjervoy",6430391.637,6236358,"n"
2010,"Troms",1941,"Skjervoy",10513142.61,11668810,"n"
2011,"Troms",1941,"Skjervoy",7156959.843,7202664,"n"
2012,"Troms",1941,"Skjervoy",13888100.526,14242757,"n"
2013,"Troms",1941,"Skjervoy",12120047.543,12513237,"n"
2014,"Troms",1941,"Skjervoy",12781781.55,12965070,"n"
2015,"Troms",1941,"Skjervoy",6843763.583,7894308,"n"
2016,"Troms",1941,"Skjervoy",20144648.928,23898603,"n"
2017,"Troms",1941,"Skjervoy",15052085.146,17576525,"n"
2018,"Troms",1941,"Skjervoy",19952663.3,24006539,"n"
2005,"Troms",1941,"Skjervoy",6553475.55,5409717,"n"
2006,"Nordland",1812,"Somna",3567771.951,4093839,"n"
2007,"Nordland",1812,"Somna",2623136.414,3415278,"n"
2008,"Nordland",1812,"Somna",5140063.252,5954146,"n"
2009,"Nordland",1812,"Somna",9283142.405,10336393,"n"
2010,"Nordland",1812,"Somna",6978888.878,5416887,"n"
2011,"Nordland",1812,"Somna",452490.777,1024254,"n"
2012,"Nordland",1812,"Somna",480238.012,520688,"n"
2013,"Nordland",1812,"Somna",6498861.763,7117775,"n"
2014,"Nordland",1812,"Somna",2016788.25,2708777,"n"
2016,"Nordland",1812,"Somna",664515.414,703893,"n"
2017,"Nordland",1812,"Somna",3967874.164,7178839,"n"
2018,"Nordland",1812,"Somna",656408.458,2487705,"n"
2005,"Nordland",1812,"Somna",4266908.258,5298452,"n"
2006,"Nordland",1845,"Sorfold",7823168.482,6623002,"n"
2007,"Nordland",1845,"Sorfold",5979684.931,6888438,"n"
2008,"Nordland",1845,"Sorfold",8824633.156,11642144,"n"
2009,"Nordland",1845,"Sorfold",12894097.797,13623828,"n"
2010,"Nordland",1845,"Sorfold",12720728.28,14572542,"n"
2011,"Nordland",1845,"Sorfold",9058842.004,10261010,"n"
2012,"Nordland",1845,"Sorfold",10590906.582,12043026,"n"
2013,"Nordland",1845,"Sorfold",12838858.286,15747480,"n"
2014,"Nordland",1845,"Sorfold",13962435.327,16371273,"n"
2015,"Nordland",1845,"Sorfold",12185337.343,13786991,"n"
2016,"Nordland",1845,"Sorfold",9890469.054,9717752,"n"
2017,"Nordland",1845,"Sorfold",9202615.661,13756374,"n"
2018,"Nordland",1845,"Sorfold",15503304.006,14541634,"n"
2005,"Nordland",1845,"Sorfold",6281232.558,6672959,"n"
2012,"Troms",1925,"Sorreisa",2316505.498,4325418,"n"
2013,"Troms",1925,"Sorreisa",1379284.767,2282545,"n"
2014,"Troms",1925,"Sorreisa",6735956.651,4138110,"n"
2011,"Troms",1925,"Sorreisa",931588.526,1351737,"n"
2006,"Nordland",1870,"Sortland",4409348.607,5005755,"n"
2007,"Nordland",1870,"Sortland",3567735.996,4096920,"n"
2008,"Nordland",1870,"Sortland",2149366.084,2302037,"n"
2009,"Nordland",1870,"Sortland",4161325.239,5295257,"n"
2010,"Nordland",1870,"Sortland",2313204.108,2779833,"n"
2011,"Nordland",1870,"Sortland",5103404.981,6685559,"n"
2012,"Nordland",1870,"Sortland",4988663.652,6883068,"n"
2013,"Nordland",1870,"Sortland",4564335.384,7296319,"n"
2014,"Nordland",1870,"Sortland",7159376,9663839,"n"
2015,"Nordland",1870,"Sortland",8457583.233,9573828,"n"
2016,"Nordland",1870,"Sortland",4945997.572,6126124,"n"
2017,"Nordland",1870,"Sortland",7931231.864,9393793,"n"
2018,"Nordland",1870,"Sortland",8708401.114,11746739,"n"
2005,"Nordland",1870,"Sortland",3325228.905,4056850,"n"
2006,"Nordland",1848,"Steigen",10766202.927,12818904,"n"
2007,"Nordland",1848,"Steigen",10825384.149,12903835,"n"
2008,"Nordland",1848,"Steigen",13326947.78,16507492,"n"
2009,"Nordland",1848,"Steigen",13456731.718,18790675,"n"
2010,"Nordland",1848,"Steigen",13642698.04,18394694,"n"
2011,"Nordland",1848,"Steigen",17432137.829,21730258,"n"
2012,"Nordland",1848,"Steigen",16893552.412,20180700,"n"
2013,"Nordland",1848,"Steigen",14714675.488,19408371,"n"
2014,"Nordland",1848,"Steigen",24026466.073,25587002,"n"
2015,"Nordland",1848,"Steigen",18105304.9,25027092,"n"
2016,"Nordland",1848,"Steigen",20082370.291,21981266,"n"
2017,"Nordland",1848,"Steigen",21358343.742,25926989,"n"
2018,"Nordland",1848,"Steigen",16887751.835,18885320,"n"
2005,"Nordland",1848,"Steigen",6958914.299,8981990,"n"
2017,"Nordland",1852,"Tjeldsund",2788370.905,3457390,"n"
2018,"Nordland",1852,"Tjeldsund",1332616.746,1520046,"n"
2016,"Nordland",1852,"Tjeldsund",1424412.913,1653018,"n"
2006,"Troms",1928,"Torsken",8661518.904,8518966,"n"
2007,"Troms",1928,"Torsken",6457290.828,7316969,"n"
2008,"Troms",1928,"Torsken",6008723.042,9442350,"n"
2009,"Troms",1928,"Torsken",6134179.778,8461468,"n"
2010,"Troms",1928,"Torsken",8400025.061,11493670,"n"
2011,"Troms",1928,"Torsken",13744993.352,12077677,"n"
2012,"Troms",1928,"Torsken",10708958.684,7240945,"n"
2013,"Troms",1928,"Torsken",8691374.843,11120968,"n"
2014,"Troms",1928,"Torsken",17604339.344,21081355,"n"
2015,"Troms",1928,"Torsken",3861498.687,5976835,"n"
2016,"Troms",1928,"Torsken",9876520.029,11333225,"n"
2017,"Troms",1928,"Torsken",14023350.636,14339997,"n"
2018,"Troms",1928,"Torsken",3575365.029,3911813,"n"
2005,"Troms",1928,"Torsken",3442741.236,4219510,"n"
2006,"Nordland",1835,"Traena",566303.081,1474500,"n"
2007,"Nordland",1835,"Traena",1481303.331,2171500,"n"
2008,"Nordland",1835,"Traena",1639304.42,1702700,"n"
2009,"Nordland",1835,"Traena",1533226.45,1834000,"n"
2010,"Nordland",1835,"Traena",1777151.217,1896500,"n"
2011,"Nordland",1835,"Traena",2338948.047,2829498,"n"
2012,"Nordland",1835,"Traena",2563013.568,2792000,"n"
2013,"Nordland",1835,"Traena",1449241.021,1469500,"n"
2014,"Nordland",1835,"Traena",2703367.972,3041500,"n"
2015,"Nordland",1835,"Traena",1456412.123,1670000,"n"
2016,"Nordland",1835,"Traena",2531493.804,2818624,"n"
2017,"Nordland",1835,"Traena",1450600.64,2665350,"n"
2018,"Nordland",1835,"Traena",1837861.723,2158241,"n"
2005,"Nordland",1835,"Traena",1189785.45,2197500,"n"
2006,"Troms",1927,"Tranoy",4277229.275,5629887,"n"
2007,"Troms",1927,"Tranoy",10338866.579,11755458,"n"
2008,"Troms",1927,"Tranoy",3584115.8,3859978,"n"
2009,"Troms",1927,"Tranoy",12122017.254,14730275,"n"
2010,"Troms",1927,"Tranoy",10916418.845,11170930,"n"
2011,"Troms",1927,"Tranoy",15496352.242,13771834,"n"
2012,"Troms",1927,"Tranoy",12797295.398,17537268,"n"
2013,"Troms",1927,"Tranoy",18992299.91,19595538,"n"
2014,"Troms",1927,"Tranoy",10939146.151,13365515,"n"
2015,"Troms",1927,"Tranoy",15412283.471,16555724,"n"
2016,"Troms",1927,"Tranoy",18712290.886,22753828,"n"
2017,"Troms",1927,"Tranoy",5232906.119,6499042,"n"
2018,"Troms",1927,"Tranoy",20544554.701,23152572,"n"
2005,"Troms",1927,"Tranoy",5000446.141,6777617,"n"
2006,"Troms",1902,"Tromso",4524556.192,6188515,"n"
2007,"Troms",1902,"Tromso",7494038.14,8165682,"n"
2008,"Troms",1902,"Tromso",4876694.813,7405534,"n"
2009,"Troms",1902,"Tromso",7936189.074,9575754,"n"
2010,"Troms",1902,"Tromso",9960403.368,12723576,"n"
2011,"Troms",1902,"Tromso",7492644.903,10728430,"n"
2012,"Troms",1902,"Tromso",9189436.808,9341699,"n"
2013,"Troms",1902,"Tromso",12502049.5,15028995,"n"
2014,"Troms",1902,"Tromso",11060076.524,13323579,"n"
2015,"Troms",1902,"Tromso",14930939.127,16432849,"n"
2016,"Troms",1902,"Tromso",19216985.817,21367450,"n"
2017,"Troms",1902,"Tromso",18719021.398,24490150,"n"
2018,"Troms",1902,"Tromso",16717794.396,17485742,"n"
2005,"Troms",1902,"Tromso",4063242.107,4664052,"n"
2006,"Nordland",1850,"Tysfjord",1515136.956,1011064,"n"
2007,"Nordland",1850,"Tysfjord",2283094.441,2228814,"n"
2008,"Nordland",1850,"Tysfjord",3970701.215,4702270,"n"
2009,"Nordland",1850,"Tysfjord",3777026.916,4964387,"n"
2010,"Nordland",1850,"Tysfjord",2010012.844,6593548,"n"
2011,"Nordland",1850,"Tysfjord",8997965.305,11824354,"n"
2012,"Nordland",1850,"Tysfjord",12656460.563,16996973,"n"
2013,"Nordland",1850,"Tysfjord",19327186.671,17906533,"n"
2014,"Nordland",1850,"Tysfjord",19914168.958,24198710,"n"
2015,"Nordland",1850,"Tysfjord",19039130.596,24282013,"n"
2016,"Nordland",1850,"Tysfjord",16178972.926,17259509,"n"
2017,"Nordland",1850,"Tysfjord",6671599.393,7476301,"n"
2018,"Nordland",1850,"Tysfjord",18770947.762,21543890,"n"
2005,"Nordland",1850,"Tysfjord",177054.426,902635,"n"
2006,"Nordland",1865,"Vagan",8064381.01,9030223,"n"
2007,"Nordland",1865,"Vagan",5630430.227,6835143,"n"
2008,"Nordland",1865,"Vagan",13928089.315,13981797,"n"
2009,"Nordland",1865,"Vagan",7814729.18,7656938,"n"
2010,"Nordland",1865,"Vagan",15878855.321,15767611,"n"
2011,"Nordland",1865,"Vagan",11060694.317,11266952,"n"
2012,"Nordland",1865,"Vagan",13648635.385,9134900,"n"
2013,"Nordland",1865,"Vagan",5693952.496,7530128,"n"
2014,"Nordland",1865,"Vagan",8411790.657,10201809,"n"
2015,"Nordland",1865,"Vagan",45644.9470000002,1247480,"n"
2016,"Nordland",1865,"Vagan",5723662.917,8944166,"n"
2017,"Nordland",1865,"Vagan",4827632.529,7286959,"n"
2018,"Nordland",1865,"Vagan",423909.891,969566,"n"
2005,"Nordland",1865,"Vagan",8014323.758,12689536,"n"
2006,"Nordland",1824,"Vefsn",1780708.236,2491000,"n"
2007,"Nordland",1824,"Vefsn",1231114.132,1528000,"n"
2008,"Nordland",1824,"Vefsn",2453842.922,3250500,"n"
2009,"Nordland",1824,"Vefsn",1397985.876,1350000,"n"
2010,"Nordland",1824,"Vefsn",2713372.999,3496500,"n"
2011,"Nordland",1824,"Vefsn",935479.636,1003000,"n"
2012,"Nordland",1824,"Vefsn",3265592.397,4229750,"n"
2013,"Nordland",1824,"Vefsn",1389717.339,1592750,"n"
2014,"Nordland",1824,"Vefsn",2689282.299,3576999,"n"
2015,"Nordland",1824,"Vefsn",1945701.58,1819499,"n"
2016,"Nordland",1824,"Vefsn",2364836.695,3094240,"n"
2017,"Nordland",1824,"Vefsn",2477282.39,2790407,"n"
2018,"Nordland",1824,"Vefsn",864815.453,1385867,"n"
2005,"Nordland",1824,"Vefsn",1676524.266,1665500,"n"
2006,"Nordland",1815,"Vega",1706243.373,2003500,"n"
2007,"Nordland",1815,"Vega",1181988.261,1179000,"n"
2008,"Nordland",1815,"Vega",3769231.935,4660000,"n"
2009,"Nordland",1815,"Vega",734096.966,854000,"n"
2010,"Nordland",1815,"Vega",2731278.359,3328000,"n"
2011,"Nordland",1815,"Vega",1422228.051,1451236,"n"
2012,"Nordland",1815,"Vega",5335186.859,6259611,"n"
2013,"Nordland",1815,"Vega",3402622.929,3370264,"n"
2014,"Nordland",1815,"Vega",6543595.06,8128364,"n"
2015,"Nordland",1815,"Vega",2191715.575,3993259,"n"
2016,"Nordland",1815,"Vega",5952267.679,7870296,"n"
2017,"Nordland",1815,"Vega",3407408.171,6588360,"n"
2018,"Nordland",1815,"Vega",2368284.433,7078508,"n"
2005,"Nordland",1815,"Vega",722991.653,712805,"n"
2006,"Nordland",1816,"Vevelstad",4763285.334,5216731,"n"
2007,"Nordland",1816,"Vevelstad",5161954.959,6804301,"n"
2008,"Nordland",1816,"Vevelstad",4512208.592,5327425,"n"
2009,"Nordland",1816,"Vevelstad",5003510.452,6282812,"n"
2010,"Nordland",1816,"Vevelstad",3513761.807,4009000,"n"
2011,"Nordland",1816,"Vevelstad",6772829.655,8077763,"n"
2012,"Nordland",1816,"Vevelstad",3313382.939,3902322,"n"
2013,"Nordland",1816,"Vevelstad",6977795.737,7903120,"n"
2014,"Nordland",1816,"Vevelstad",3974875.31,5589771,"n"
2015,"Nordland",1816,"Vevelstad",6882954.904,7380405,"n"
2016,"Nordland",1816,"Vevelstad",4584052.021,6216392,"n"
2017,"Nordland",1816,"Vevelstad",3862184.978,4892360,"n"
2018,"Nordland",1816,"Vevelstad",7102917.599,10007870,"n"
2005,"Nordland",1816,"Vevelstad",424869.348,1661570,"n"
2016,"Finnmark",2028,"Batsfjord",892273.679,1112188,"n"
2017,"Finnmark",2028,"Batsfjord",3304081.298,4087230,"n"
2018,"Finnmark",2028,"Batsfjord",3304081.298,109320,"y"
2005,"Troms",1929,"Berg",2924700.404,4605120,"n"
2006,"Troms",1929,"Berg",3371386.657,6568715,"n"
2007,"Troms",1929,"Berg",1035532.566,3258979,"n"
2008,"Troms",1929,"Berg",2046377.611,3218243,"n"
2009,"Troms",1929,"Berg",2373355.9835,5125708,"y"
2010,"Troms",1929,"Berg",2700334.356,4460042,"n"
2011,"Troms",1929,"Berg",5284626.528,5410500,"n"
2012,"Troms",1929,"Berg",5801840.161,5045302,"n"
2013,"Troms",1929,"Berg",10653563.43,8118693,"n"
2014,"Troms",1929,"Berg",3029855.041,2714257,"n"
2015,"Troms",1929,"Berg",16428081.037,15584330,"n"
2016,"Troms",1929,"Berg",7046517.397,7196386,"n"
2017,"Troms",1929,"Berg",19390562.203,19374527,"n"
2018,"Troms",1929,"Berg",6576819.056,8621596,"n"
2005,"Nordland",1804,"Bodo",342154.779,425852,"n"
2006,"Nordland",1804,"Bodo",1565082.681,1739372,"n"
2007,"Nordland",1804,"Bodo",143911.12,1615891,"n"
2008,"Nordland",1804,"Bodo",376647.5345,59185,"y"
2009,"Nordland",1804,"Bodo",609383.949,344639,"n"
2010,"Nordland",1804,"Bodo",1954468.558,2374241,"n"
2011,"Nordland",1804,"Bodo",1433268.791,772045,"y"
2012,"Nordland",1804,"Bodo",912069.024,817942,"n"
2013,"Nordland",1804,"Bodo",3821257.052,3997971,"n"
2014,"Nordland",1804,"Bodo",1590014.487,1517740,"n"
2015,"Nordland",1804,"Bodo",5039273.41,5034743,"n"
2016,"Nordland",1804,"Bodo",6369457.247,7995613,"n"
2017,"Nordland",1804,"Bodo",13324138.237,13212554,"n"
2018,"Nordland",1804,"Bodo",15115102.313,12916994,"n"
2005,"Nordland",1841,"Fauske",938417.42,1551350,"n"
2006,"Nordland",1841,"Fauske",2282362.926,2441565,"n"
2007,"Nordland",1841,"Fauske",350569.929,676000,"n"
2008,"Nordland",1841,"Fauske",1347640.259,1326766,"n"
2009,"Nordland",1841,"Fauske",3053647.484,3145000,"n"
2010,"Nordland",1841,"Fauske",3576095.3355,1478940,"y"
2011,"Nordland",1841,"Fauske",4098543.187,4600484,"n"
2012,"Nordland",1841,"Fauske",1793594.806,2485070,"n"
2013,"Nordland",1841,"Fauske",1724650.592,2053515,"n"
2014,"Nordland",1841,"Fauske",1803549.195,2649500,"n"
2015,"Nordland",1841,"Fauske",1562955.413,1429267,"n"
2016,"Nordland",1841,"Fauske",2098244.462,2440364,"n"
2017,"Nordland",1841,"Fauske",1682938.915,1598499,"n"
2018,"Nordland",1841,"Fauske",2028617.231,2705949,"n"
2005,"Nordland",1818,"Heroy",753421.045,3376002,"n"
2006,"Nordland",1818,"Heroy",1976423.025,7911931,"y"
2007,"Nordland",1818,"Heroy",3199425.005,3981401,"n"
2008,"Nordland",1818,"Heroy",5834968.577,6969246,"n"
2009,"Nordland",1818,"Heroy",4873714.413,5630120,"n"
2010,"Nordland",1818,"Heroy",7277555.501,6582445,"n"
2011,"Nordland",1818,"Heroy",1852133.961,6822166,"n"
2012,"Nordland",1818,"Heroy",8704381.926,11954577,"n"
2013,"Nordland",1818,"Heroy",8063804.509,9896954,"n"
2014,"Nordland",1818,"Heroy",9239672.468,11310273,"n"
2015,"Nordland",1818,"Heroy",9761412.11,12012105,"n"
2016,"Nordland",1818,"Heroy",14579318.822,16344916,"n"
2017,"Nordland",1818,"Heroy",15012637.356,17704210,"n"
2018,"Nordland",1818,"Heroy",19876499.963,21952216,"n"
2005,"Troms",1920,"Lavangen",501552.882,627845,"n"
2006,"Troms",1920,"Lavangen",3054058.616,2935542,"n"
2007,"Troms",1920,"Lavangen",3616574.75366667,1052201,"y"
2008,"Troms",1920,"Lavangen",4179090.89133333,4251077,"y"
2009,"Troms",1920,"Lavangen",4741607.029,5256949,"n"
2010,"Troms",1920,"Lavangen",1203268.548,1502048,"n"
2011,"Troms",1920,"Lavangen",3552017.011,4218685,"n"
2012,"Troms",1920,"Lavangen",971832.644,1688439,"n"
2013,"Troms",1920,"Lavangen",6044053.252,5976917,"n"
2014,"Troms",1920,"Lavangen",1135303.029,1070921,"n"
2015,"Troms",1920,"Lavangen",1710438.229,2005401,"n"
2016,"Troms",1920,"Lavangen",4741566.809,5163760,"n"
2017,"Troms",1920,"Lavangen",5568834.216,5708190,"n"
2018,"Troms",1920,"Lavangen",358207.921,820387,"n"
2011,"Nordland",1822,"Leirfjord",188637.052,310971,"n"
2012,"Nordland",1822,"Leirfjord",1247334.467,1333500,"n"
2013,"Nordland",1822,"Leirfjord",667776.518,490886,"y"
2015,"Nordland",1822,"Leirfjord",88218.569,90692,"n"
2016,"Nordland",1822,"Leirfjord",4244374.841,2789347,"n"
2017,"Nordland",1822,"Leirfjord",1185792.715,1412521,"n"
2018,"Nordland",1822,"Leirfjord",1359711.116,1775468,"n"
2011,"Nordland",1805,"Narvik",3741632.545,312503,"y"
2012,"Nordland",1805,"Narvik",3741632.545,4598218,"n"
2013,"Nordland",1805,"Narvik",308305.196,379804,"n"
2014,"Nordland",1805,"Narvik",1846597.281,1887047,"n"
2015,"Nordland",1805,"Narvik",3640358.836,6079014,"n"
2016,"Nordland",1805,"Narvik",416946.021,740666,"n"
2018,"Nordland",1805,"Narvik",1555224.935,1546760,"n"
2005,"Finnmark",2027,"Nesseby",1607358.578,2281297,"n"
2006,"Finnmark",2027,"Nesseby",822959.8345,130929,"y"
2007,"Finnmark",2027,"Nesseby",38561.091,93519,"n"
2008,"Finnmark",2027,"Nesseby",1651918.804,2029287,"n"
2009,"Finnmark",2027,"Nesseby",5735302.79,7282220,"n"
2010,"Finnmark",2027,"Nesseby",3985609.311,5279910,"n"
2011,"Finnmark",2027,"Nesseby",3830330.977,4839639,"n"
2012,"Finnmark",2027,"Nesseby",9209813.839,9716739,"n"
2013,"Finnmark",2027,"Nesseby",3947129.526,5895820,"n"
2014,"Finnmark",2027,"Nesseby",1613815.465,2060481,"n"
2015,"Finnmark",2027,"Nesseby",3170553.708,5034907,"n"
2016,"Finnmark",2027,"Nesseby",6108353.868,6608115,"n"
2017,"Finnmark",2027,"Nesseby",10516420.223,10412762,"n"
2018,"Finnmark",2027,"Nesseby",5406687.949,6902496,"n"
2005,"Troms",1923,"Salangen",2960115.408,1580060,"n"
2006,"Troms",1923,"Salangen",512334.774,975337,"n"
2007,"Troms",1923,"Salangen",1152718.15,1625758,"y"
2009,"Troms",1923,"Salangen",1793101.526,1726212,"n"
2010,"Troms",1923,"Salangen",1258604.174,2833205,"n"
2011,"Troms",1923,"Salangen",793292.125,3559,"n"
2012,"Troms",1923,"Salangen",3474028.943,1902964,"n"
2013,"Troms",1923,"Salangen",6824029.782,1652991,"n"
2014,"Troms",1923,"Salangen",5488051.908,1879899,"n"
2015,"Troms",1923,"Salangen",8201510.123,6505293,"n"
2016,"Troms",1923,"Salangen",1359007.394,999151,"n"
2017,"Troms",1923,"Salangen",1042008.226,1902293,"n"
2018,"Troms",1923,"Salangen",4101116.924,4364449,"n"
2005,"Finnmark",2030,"Sor-Varanger",333026,0,"n"
2006,"Finnmark",2030,"Sor-Varanger",385288.077,761459,"n"
2007,"Finnmark",2030,"Sor-Varanger",1820437.488,2228741,"n"
2008,"Finnmark",2030,"Sor-Varanger",2665849.513,3787647,"n"
2009,"Finnmark",2030,"Sor-Varanger",4879929.02,6258162,"n"
2010,"Finnmark",2030,"Sor-Varanger",5071579.322,7449782,"n"
2011,"Finnmark",2030,"Sor-Varanger",6712890.034,8281099,"n"
2012,"Finnmark",2030,"Sor-Varanger",4301646.547,5890177,"n"
2013,"Finnmark",2030,"Sor-Varanger",11999569.8,13382570,"n"
2014,"Finnmark",2030,"Sor-Varanger",6222480.997,8631847,"n"
2015,"Finnmark",2030,"Sor-Varanger",2258143.975,2994706,"n"
2016,"Finnmark",2030,"Sor-Varanger",2142776.713,3069190,"n"
2017,"Finnmark",2030,"Sor-Varanger",2399869.68,25574,"y"
2018,"Finnmark",2030,"Sor-Varanger",2656962.647,3277886,"n"
2010,"Troms",1939,"Storfjord",NA,228963,"y"
2011,"Troms",1939,"Storfjord",NA,376700,"y"
2005,"Nordland",1860,"Vestvagoy",724285.009,1169335,"y"
2006,"Nordland",1860,"Vestvagoy",724285.009,3115758,"y"
2007,"Nordland",1860,"Vestvagoy",724285.009,4150800,"n"
2008,"Nordland",1860,"Vestvagoy",742628.8995,4934450,"y"
2009,"Nordland",1860,"Vestvagoy",760972.79,6505100,"n"
2010,"Nordland",1860,"Vestvagoy",1928323.32833333,7497925,"y"
2011,"Nordland",1860,"Vestvagoy",3095673.86666667,7585555,"y"
2012,"Nordland",1860,"Vestvagoy",4263024.405,7493119,"n"
2013,"Nordland",1860,"Vestvagoy",4139547.481,5451960,"n"
2014,"Nordland",1860,"Vestvagoy",1192253.771,2260430,"n"
2015,"Nordland",1860,"Vestvagoy",1500505.7015,604152,"y"
2016,"Nordland",1860,"Vestvagoy",1808757.632,1811726,"n"
2017,"Nordland",1860,"Vestvagoy",4220969.679,3962979,"n"
2018,"Nordland",1860,"Vestvagoy",3727945.173,3917735,"n"
