Year,momb_mean,Komnum_new,Kommune_new,replaced,gapfilled
2009,NA,1820,Alstahaug,0.9886666666666667,y
2010,0.8866666666666667,1820,Alstahaug,0.8866666666666667,n
2011,0.9433333333333334,1820,Alstahaug,0.9433333333333334,n
2012,0.9433333333333334,1820,Alstahaug,0.9433333333333334,n
2013,1,1820,Alstahaug,1,n
2014,1,1820,Alstahaug,1,n
2015,1,1820,Alstahaug,1,n
2016,1,1820,Alstahaug,1,n
2018,NA,1820,Alstahaug,0.9886666666666667,y
2004,NA,1820,Alstahaug,0.9886666666666667,y
2005,NA,1820,Alstahaug,0.9886666666666667,y
2006,NA,1820,Alstahaug,0.9886666666666667,y
2007,NA,1820,Alstahaug,0.9886666666666667,y
2008,NA,1820,Alstahaug,0.9886666666666667,y
2017,NA,1820,Alstahaug,0.9886666666666667,y
2019,NA,1820,Alstahaug,0.9886666666666667,y
2008,NA,2012,Alta,0.8139655677655678,y
2009,0.5761904761904763,2012,Alta,0.5761904761904763,n
2010,0.6006349206349206,2012,Alta,0.6006349206349206,n
2011,0.7484126984126984,2012,Alta,0.7484126984126984,n
2012,0.8780555555555556,2012,Alta,0.8780555555555556,n
2013,0.9169444444444445,2012,Alta,0.9169444444444445,n
2014,0.8583974358974359,2012,Alta,0.8583974358974359,n
2015,0.7689743589743591,2012,Alta,0.7689743589743591,n
2016,0.7784981684981686,2012,Alta,0.7784981684981686,n
2017,0.8222673992673992,2012,Alta,0.8222673992673992,n
2018,0.8416904761904762,2012,Alta,0.8416904761904762,n
2019,NA,2012,Alta,0.8139655677655678,y
2004,NA,2012,Alta,0.8139655677655678,y
2005,NA,2012,Alta,0.8139655677655678,y
2006,NA,2012,Alta,0.8139655677655678,y
2007,NA,2012,Alta,0.8139655677655678,y
2008,NA,1854,Ballangen,0.932,y
2009,0.8866666666666667,1854,Ballangen,0.8866666666666667,n
2011,1,1854,Ballangen,1,n
2012,0.8866666666666667,1854,Ballangen,0.8866666666666667,n
2014,0.8866666666666667,1854,Ballangen,0.8866666666666667,n
2016,0.8866666666666667,1854,Ballangen,0.8866666666666667,n
2017,1,1854,Ballangen,1,n
2018,NA,1854,Ballangen,0.932,y
2004,NA,1854,Ballangen,0.932,y
2005,NA,1854,Ballangen,0.932,y
2006,NA,1854,Ballangen,0.932,y
2007,NA,1854,Ballangen,0.932,y
2010,NA,1854,Ballangen,0.932,y
2013,NA,1854,Ballangen,0.932,y
2015,NA,1854,Ballangen,0.932,y
2019,NA,1854,Ballangen,0.932,y
2011,NA,2028,Batsfjord,0.9244444444444445,y
2014,1,2028,Batsfjord,1,n
2016,0.8866666666666667,2028,Batsfjord,0.8866666666666667,n
2017,0.8866666666666667,2028,Batsfjord,0.8866666666666667,n
2018,NA,2028,Batsfjord,0.9244444444444445,y
2004,NA,2028,Batsfjord,0.9244444444444445,y
2005,NA,2028,Batsfjord,0.9244444444444445,y
2006,NA,2028,Batsfjord,0.9244444444444445,y
2007,NA,2028,Batsfjord,0.9244444444444445,y
2008,NA,2028,Batsfjord,0.9244444444444445,y
2009,NA,2028,Batsfjord,0.9244444444444445,y
2010,NA,2028,Batsfjord,0.9244444444444445,y
2012,NA,2028,Batsfjord,0.9244444444444445,y
2013,NA,2028,Batsfjord,0.9244444444444445,y
2015,NA,2028,Batsfjord,0.9244444444444445,y
2019,NA,2028,Batsfjord,0.9244444444444445,y
2008,NA,1929,Berg,0.7597333333333335,y
2010,0.7733333333333334,1929,Berg,0.7733333333333334,n
2012,0.7733333333333334,1929,Berg,0.7733333333333334,n
2013,0.7733333333333334,1929,Berg,0.7733333333333334,n
2014,0.7733333333333334,1929,Berg,0.7733333333333334,n
2015,0.8111111111111112,1929,Berg,0.8111111111111112,n
2016,0.6977777777777779,1929,Berg,0.6977777777777779,n
2017,0.7204444444444444,1929,Berg,0.7204444444444444,n
2018,0.7960000000000002,1929,Berg,0.7960000000000002,n
2019,NA,1929,Berg,0.7597333333333335,y
2004,NA,1929,Berg,0.7597333333333335,y
2005,NA,1929,Berg,0.7597333333333335,y
2006,NA,1929,Berg,0.7597333333333335,y
2007,NA,1929,Berg,0.7597333333333335,y
2009,NA,1929,Berg,0.7597333333333335,y
2011,NA,1929,Berg,0.7597333333333335,y
2010,NA,1811,Bindal,0.796415873015873,y
2011,0.9338888888888889,1811,Bindal,0.9338888888888889,n
2012,0.8866666666666667,1811,Bindal,0.8866666666666667,n
2014,0.8866666666666667,1811,Bindal,0.8866666666666667,n
2015,0.8186666666666667,1811,Bindal,0.8186666666666667,n
2016,0.8045555555555556,1811,Bindal,0.8045555555555556,n
2017,0.7304285714285714,1811,Bindal,0.7304285714285714,n
2018,0.7417619047619048,1811,Bindal,0.7417619047619048,n
2019,NA,1811,Bindal,0.796415873015873,y
2004,NA,1811,Bindal,0.796415873015873,y
2005,NA,1811,Bindal,0.796415873015873,y
2006,NA,1811,Bindal,0.796415873015873,y
2007,NA,1811,Bindal,0.796415873015873,y
2008,NA,1811,Bindal,0.796415873015873,y
2009,NA,1811,Bindal,0.796415873015873,y
2013,NA,1811,Bindal,0.796415873015873,y
2007,NA,1867,Bo,0.6951746031746032,y
2009,0.4222222222222222,1867,Bo,0.4222222222222222,n
2010,0.5108888888888888,1867,Bo,0.5108888888888888,n
2011,0.6025555555555555,1867,Bo,0.6025555555555555,n
2012,0.5936666666666667,1867,Bo,0.5936666666666667,n
2013,0.6163333333333333,1867,Bo,0.6163333333333333,n
2014,0.6518095238095238,1867,Bo,0.6518095238095238,n
2015,0.7918095238095239,1867,Bo,0.7918095238095239,n
2016,0.7251428571428571,1867,Bo,0.7251428571428571,n
2017,0.6907777777777778,1867,Bo,0.6907777777777778,n
2018,0.6163333333333333,1867,Bo,0.6163333333333333,n
2019,NA,1867,Bo,0.6951746031746032,y
2004,NA,1867,Bo,0.6951746031746032,y
2005,NA,1867,Bo,0.6951746031746032,y
2006,NA,1867,Bo,0.6951746031746032,y
2008,NA,1867,Bo,0.6951746031746032,y
2009,NA,1804,Bodo,1,y
2011,1,1804,Bodo,1,n
2012,1,1804,Bodo,1,n
2013,1,1804,Bodo,1,n
2014,1,1804,Bodo,1,n
2015,1,1804,Bodo,1,n
2016,1,1804,Bodo,1,n
2017,1,1804,Bodo,1,n
2018,1,1804,Bodo,1,n
2019,NA,1804,Bodo,1,y
2004,NA,1804,Bodo,1,y
2005,NA,1804,Bodo,1,y
2006,NA,1804,Bodo,1,y
2007,NA,1804,Bodo,1,y
2008,NA,1804,Bodo,1,y
2010,NA,1804,Bodo,1,y
2007,NA,1813,Bronnoy,0.8985079365079366,y
2008,0.8866666666666667,1813,Bronnoy,0.8866666666666667,n
2009,0.8488888888888889,1813,Bronnoy,0.8488888888888889,n
2010,0.8205555555555556,1813,Bronnoy,0.8205555555555556,n
2011,0.8772222222222222,1813,Bronnoy,0.8772222222222222,n
2012,0.8405555555555556,1813,Bronnoy,0.8405555555555556,n
2013,0.8122222222222223,1813,Bronnoy,0.8122222222222223,n
2014,0.7884126984126985,1813,Bronnoy,0.7884126984126985,n
2015,0.862857142857143,1813,Bronnoy,0.862857142857143,n
2016,0.9195238095238096,1813,Bronnoy,0.9195238095238096,n
2017,0.888,1813,Bronnoy,0.888,n
2018,0.888,1813,Bronnoy,0.888,n
2019,NA,1813,Bronnoy,0.8985079365079366,y
2004,NA,1813,Bronnoy,0.8985079365079366,y
2005,NA,1813,Bronnoy,0.8985079365079366,y
2006,NA,1813,Bronnoy,0.8985079365079366,y
2006,NA,1827,Donna,0.8638800705467372,y
2007,1,1827,Donna,1,n
2008,1,1827,Donna,1,n
2009,1,1827,Donna,1,n
2010,0.9676190476190477,1827,Donna,0.9676190476190477,n
2011,0.9676190476190477,1827,Donna,0.9676190476190477,n
2012,0.9514285714285714,1827,Donna,0.9514285714285714,n
2013,0.9838095238095238,1827,Donna,0.9838095238095238,n
2014,0.9838095238095238,1827,Donna,0.9838095238095238,n
2015,0.9433333333333334,1827,Donna,0.9433333333333334,n
2016,0.8785714285714286,1827,Donna,0.8785714285714286,n
2017,0.8282010582010582,1827,Donna,0.8282010582010582,n
2018,0.8848677248677248,1827,Donna,0.8848677248677248,n
2019,NA,1827,Donna,0.8638800705467372,y
2004,NA,1827,Donna,0.8638800705467372,y
2005,NA,1827,Donna,0.8638800705467372,y
2009,NA,1926,Dyroy,0.7353444444444446,y
2010,0.8300000000000001,1926,Dyroy,0.8300000000000001,n
2011,0.9433333333333334,1926,Dyroy,0.9433333333333334,n
2012,1,1926,Dyroy,1,n
2013,0.9244444444444445,1926,Dyroy,0.9244444444444445,n
2014,0.7677777777777779,1926,Dyroy,0.7677777777777779,n
2015,0.6551111111111112,1926,Dyroy,0.6551111111111112,n
2016,0.6373333333333334,1926,Dyroy,0.6373333333333334,n
2017,0.794,1926,Dyroy,0.794,n
2018,0.8225000000000001,1926,Dyroy,0.8225000000000001,n
2019,NA,1926,Dyroy,0.7353444444444446,y
2004,NA,1926,Dyroy,0.7353444444444446,y
2005,NA,1926,Dyroy,0.7353444444444446,y
2006,NA,1926,Dyroy,0.7353444444444446,y
2007,NA,1926,Dyroy,0.7353444444444446,y
2008,NA,1926,Dyroy,0.7353444444444446,y
2008,NA,1841,Fauske,0.9490000000000001,y
2009,0.915,1841,Fauske,0.915,n
2011,0.915,1841,Fauske,0.915,n
2013,0.915,1841,Fauske,0.915,n
2015,1,1841,Fauske,1,n
2017,1,1841,Fauske,1,n
2018,NA,1841,Fauske,0.9490000000000001,y
2004,NA,1841,Fauske,0.9490000000000001,y
2005,NA,1841,Fauske,0.9490000000000001,y
2006,NA,1841,Fauske,0.9490000000000001,y
2007,NA,1841,Fauske,0.9490000000000001,y
2010,NA,1841,Fauske,0.9490000000000001,y
2012,NA,1841,Fauske,0.9490000000000001,y
2014,NA,1841,Fauske,0.9490000000000001,y
2016,NA,1841,Fauske,0.9490000000000001,y
2019,NA,1841,Fauske,0.9490000000000001,y
2006,NA,1838,Gildeskal,0.9244444444444445,y
2007,0.8866666666666667,1838,Gildeskal,0.8866666666666667,n
2008,0.8441666666666667,1838,Gildeskal,0.8441666666666667,n
2009,0.9575,1838,Gildeskal,0.9575,n
2010,0.9251190476190477,1838,Gildeskal,0.9251190476190477,n
2011,0.9109523809523811,1838,Gildeskal,0.9109523809523811,n
2012,0.8542857142857144,1838,Gildeskal,0.8542857142857144,n
2013,0.8740740740740742,1838,Gildeskal,0.8740740740740742,n
2014,0.9307407407407409,1838,Gildeskal,0.9307407407407409,n
2015,0.9307407407407409,1838,Gildeskal,0.9307407407407409,n
2016,0.9433333333333334,1838,Gildeskal,0.9433333333333334,n
2017,0.8866666666666667,1838,Gildeskal,0.8866666666666667,n
2018,0.9433333333333334,1838,Gildeskal,0.9433333333333334,n
2019,NA,1838,Gildeskal,0.9244444444444445,y
2004,NA,1838,Gildeskal,0.9244444444444445,y
2005,NA,1838,Gildeskal,0.9244444444444445,y
2005,NA,1919,Gratangen,0.7814444444444445,y
2008,1,1919,Gratangen,1,n
2013,1,1919,Gratangen,1,n
2014,0.8866666666666667,1919,Gratangen,0.8866666666666667,n
2015,0.8488888888888889,1919,Gratangen,0.8488888888888889,n
2016,0.7355555555555556,1919,Gratangen,0.7355555555555556,n
2017,0.7363888888888889,1919,Gratangen,0.7363888888888889,n
2018,0.6997222222222222,1919,Gratangen,0.6997222222222222,n
2019,NA,1919,Gratangen,0.7814444444444445,y
2004,NA,1919,Gratangen,0.7814444444444445,y
2006,NA,1919,Gratangen,0.7814444444444445,y
2007,NA,1919,Gratangen,0.7814444444444445,y
2009,NA,1919,Gratangen,0.7814444444444445,y
2010,NA,1919,Gratangen,0.7814444444444445,y
2011,NA,1919,Gratangen,0.7814444444444445,y
2012,NA,1919,Gratangen,0.7814444444444445,y
2007,NA,1866,Hadsel,0.7911619047619048,y
2008,0.7306666666666667,1866,Hadsel,0.7306666666666667,n
2009,0.544,1866,Hadsel,0.544,n
2010,0.612,1866,Hadsel,0.612,n
2011,0.7233333333333333,1866,Hadsel,0.7233333333333333,n
2012,0.7975,1866,Hadsel,0.7975,n
2013,0.7680185185185185,1866,Hadsel,0.7680185185185185,n
2014,0.7376851851851852,1866,Hadsel,0.7376851851851852,n
2015,0.785899470899471,1866,Hadsel,0.785899470899471,n
2016,0.8323809523809524,1866,Hadsel,0.8323809523809524,n
2017,0.8318253968253968,1866,Hadsel,0.8318253968253968,n
2018,NA,1866,Hadsel,0.7911619047619048,y
2004,NA,1866,Hadsel,0.7911619047619048,y
2005,NA,1866,Hadsel,0.7911619047619048,y
2006,NA,1866,Hadsel,0.7911619047619048,y
2019,NA,1866,Hadsel,0.7911619047619048,y
2009,NA,1849,Hamaroy,0.8096666666666666,y
2010,0.6066666666666667,1849,Hamaroy,0.6066666666666667,n
2011,0.5516666666666666,1849,Hamaroy,0.5516666666666666,n
2012,0.6066666666666667,1849,Hamaroy,0.6066666666666667,n
2013,0.6066666666666667,1849,Hamaroy,0.6066666666666667,n
2014,0.6633333333333333,1849,Hamaroy,0.6633333333333333,n
2015,0.7200000000000001,1849,Hamaroy,0.7200000000000001,n
2016,0.7766666666666667,1849,Hamaroy,0.7766666666666667,n
2017,0.8883333333333333,1849,Hamaroy,0.8883333333333333,n
2018,1,1849,Hamaroy,1,n
2019,NA,1849,Hamaroy,0.8096666666666666,y
2004,NA,1849,Hamaroy,0.8096666666666666,y
2005,NA,1849,Hamaroy,0.8096666666666666,y
2006,NA,1849,Hamaroy,0.8096666666666666,y
2007,NA,1849,Hamaroy,0.8096666666666666,y
2008,NA,1849,Hamaroy,0.8096666666666666,y
2009,NA,2004,Hammerfest,0.9054476190476192,y
2010,0.905925925925926,2004,Hammerfest,0.905925925925926,n
2011,0.8492592592592594,2004,Hammerfest,0.8492592592592594,n
2012,0.7844973544973546,2004,Hammerfest,0.7844973544973546,n
2013,0.821904761904762,2004,Hammerfest,0.821904761904762,n
2014,0.8785714285714287,2004,Hammerfest,0.8785714285714287,n
2015,0.9433333333333334,2004,Hammerfest,0.9433333333333334,n
2016,0.9206666666666669,2004,Hammerfest,0.9206666666666669,n
2017,0.9490000000000002,2004,Hammerfest,0.9490000000000002,n
2018,0.8356666666666669,2004,Hammerfest,0.8356666666666669,n
2019,NA,2004,Hammerfest,0.9054476190476192,y
2004,NA,2004,Hammerfest,0.9054476190476192,y
2005,NA,2004,Hammerfest,0.9054476190476192,y
2006,NA,2004,Hammerfest,0.9054476190476192,y
2007,NA,2004,Hammerfest,0.9054476190476192,y
2008,NA,2004,Hammerfest,0.9054476190476192,y
2009,NA,1903,Harstad,0.8433386243386244,y
2010,0.6066666666666667,1903,Harstad,0.6066666666666667,n
2011,0.49666666666666665,1903,Harstad,0.49666666666666665,n
2012,0.5161111111111111,1903,Harstad,0.5161111111111111,n
2013,0.6827777777777778,1903,Harstad,0.6827777777777778,n
2014,0.8305555555555556,1903,Harstad,0.8305555555555556,n
2015,0.7977777777777778,1903,Harstad,0.7977777777777778,n
2016,0.8058730158730159,1903,Harstad,0.8058730158730159,n
2017,0.8562433862433863,1903,Harstad,0.8562433862433863,n
2018,0.9262433862433862,1903,Harstad,0.9262433862433862,n
2019,NA,1903,Harstad,0.8433386243386244,y
2004,NA,1903,Harstad,0.8433386243386244,y
2005,NA,1903,Harstad,0.8433386243386244,y
2006,NA,1903,Harstad,0.8433386243386244,y
2007,NA,1903,Harstad,0.8433386243386244,y
2008,NA,1903,Harstad,0.8433386243386244,y
2007,NA,1818,Heroy,0.7333055555555557,y
2008,0.8300000000000001,1818,Heroy,0.8300000000000001,n
2009,0.9433333333333334,1818,Heroy,0.9433333333333334,n
2010,0.9433333333333334,1818,Heroy,0.9433333333333334,n
2011,0.9546666666666667,1818,Heroy,0.9546666666666667,n
2012,0.9263333333333333,1818,Heroy,0.9263333333333333,n
2013,0.9263333333333333,1818,Heroy,0.9263333333333333,n
2014,0.9716666666666667,1818,Heroy,0.9716666666666667,n
2015,0.866,1818,Heroy,0.866,n
2016,0.7264166666666667,1818,Heroy,0.7264166666666667,n
2017,0.6697500000000001,1818,Heroy,0.6697500000000001,n
2018,0.8037500000000001,1818,Heroy,0.8037500000000001,n
2019,NA,1818,Heroy,0.7333055555555557,y
2004,NA,1818,Heroy,0.7333055555555557,y
2005,NA,1818,Heroy,0.7333055555555557,y
2006,NA,1818,Heroy,0.7333055555555557,y
2007,NA,1917,Ibestad,0.7997777777777778,y
2011,0.8394444444444445,1917,Ibestad,0.8394444444444445,n
2012,0.7261111111111113,1917,Ibestad,0.7261111111111113,n
2013,0.7450000000000001,1917,Ibestad,0.7450000000000001,n
2014,0.7922222222222223,1917,Ibestad,0.7922222222222223,n
2015,0.8488888888888889,1917,Ibestad,0.8488888888888889,n
2016,0.7922222222222223,1917,Ibestad,0.7922222222222223,n
2017,0.7733333333333334,1917,Ibestad,0.7733333333333334,n
2018,0.7922222222222223,1917,Ibestad,0.7922222222222223,n
2019,NA,1917,Ibestad,0.7997777777777778,y
2004,NA,1917,Ibestad,0.7997777777777778,y
2005,NA,1917,Ibestad,0.7997777777777778,y
2006,NA,1917,Ibestad,0.7997777777777778,y
2008,NA,1917,Ibestad,0.7997777777777778,y
2009,NA,1917,Ibestad,0.7997777777777778,y
2010,NA,1917,Ibestad,0.7997777777777778,y
2008,NA,1940,Kafjord,0.9093333333333333,y
2009,0.6633333333333333,1940,Kafjord,0.6633333333333333,n
2011,0.6633333333333333,1940,Kafjord,0.6633333333333333,n
2012,0.8866666666666667,1940,Kafjord,0.8866666666666667,n
2013,0.8866666666666667,1940,Kafjord,0.8866666666666667,n
2014,1,1940,Kafjord,1,n
2015,0.9433333333333334,1940,Kafjord,0.9433333333333334,n
2017,0.8300000000000001,1940,Kafjord,0.8300000000000001,n
2018,NA,1940,Kafjord,0.9093333333333333,y
2004,NA,1940,Kafjord,0.9093333333333333,y
2005,NA,1940,Kafjord,0.9093333333333333,y
2006,NA,1940,Kafjord,0.9093333333333333,y
2007,NA,1940,Kafjord,0.9093333333333333,y
2010,NA,1940,Kafjord,0.9093333333333333,y
2016,NA,1940,Kafjord,0.9093333333333333,y
2019,NA,1940,Kafjord,0.9093333333333333,y
2008,NA,1936,Karlsoy,0.9773333333333334,y
2009,0.915,1936,Karlsoy,0.915,n
2010,0.86,1936,Karlsoy,0.86,n
2011,0.8883333333333333,1936,Karlsoy,0.8883333333333333,n
2012,0.8883333333333333,1936,Karlsoy,0.8883333333333333,n
2013,1,1936,Karlsoy,1,n
2014,1,1936,Karlsoy,1,n
2015,1,1936,Karlsoy,1,n
2016,1,1936,Karlsoy,1,n
2017,0.9433333333333334,1936,Karlsoy,0.9433333333333334,n
2018,0.9433333333333334,1936,Karlsoy,0.9433333333333334,n
2019,NA,1936,Karlsoy,0.9773333333333334,y
2004,NA,1936,Karlsoy,0.9773333333333334,y
2005,NA,1936,Karlsoy,0.9773333333333334,y
2006,NA,1936,Karlsoy,0.9773333333333334,y
2007,NA,1936,Karlsoy,0.9773333333333334,y
2010,NA,1911,Kvaefjord,0.815888888888889,y
2011,0.7183333333333334,1911,Kvaefjord,0.7183333333333334,n
2012,0.6427777777777779,1911,Kvaefjord,0.6427777777777779,n
2013,0.7561111111111112,1911,Kvaefjord,0.7561111111111112,n
2014,0.8488888888888889,1911,Kvaefjord,0.8488888888888889,n
2015,0.9244444444444445,1911,Kvaefjord,0.9244444444444445,n
2016,0.775,1911,Kvaefjord,0.775,n
2017,0.793888888888889,1911,Kvaefjord,0.793888888888889,n
2018,0.7372222222222223,1911,Kvaefjord,0.7372222222222223,n
2019,NA,1911,Kvaefjord,0.815888888888889,y
2004,NA,1911,Kvaefjord,0.815888888888889,y
2005,NA,1911,Kvaefjord,0.815888888888889,y
2006,NA,1911,Kvaefjord,0.815888888888889,y
2007,NA,1911,Kvaefjord,0.815888888888889,y
2008,NA,1911,Kvaefjord,0.815888888888889,y
2009,NA,1911,Kvaefjord,0.815888888888889,y
2005,NA,1943,Kvaenangen,0.7125185185185186,y
2006,0.9433333333333334,1943,Kvaenangen,0.9433333333333334,n
2007,1,1943,Kvaenangen,1,n
2008,0.9622222222222222,1943,Kvaenangen,0.9622222222222222,n
2009,0.9055555555555556,1943,Kvaenangen,0.9055555555555556,n
2010,0.8772222222222222,1943,Kvaenangen,0.8772222222222222,n
2011,0.915,1943,Kvaenangen,0.915,n
2012,0.9716666666666667,1943,Kvaenangen,0.9716666666666667,n
2013,0.8866666666666667,1943,Kvaenangen,0.8866666666666667,n
2014,0.8300000000000001,1943,Kvaenangen,0.8300000000000001,n
2015,0.7177777777777777,1943,Kvaenangen,0.7177777777777777,n
2016,0.6524444444444445,1943,Kvaenangen,0.6524444444444445,n
2017,0.6864444444444445,1943,Kvaenangen,0.6864444444444445,n
2018,0.7986666666666666,1943,Kvaenangen,0.7986666666666666,n
2019,NA,1943,Kvaenangen,0.7125185185185186,y
2004,NA,1943,Kvaenangen,0.7125185185185186,y
2010,NA,2017,Kvalsund,0.9546666666666667,y
2011,0.9622222222222222,2017,Kvalsund,0.9622222222222222,n
2012,0.9244444444444445,2017,Kvalsund,0.9244444444444445,n
2013,0.8866666666666667,2017,Kvalsund,0.8866666666666667,n
2014,0.9244444444444445,2017,Kvalsund,0.9244444444444445,n
2015,0.9622222222222222,2017,Kvalsund,0.9622222222222222,n
2016,0.9622222222222222,2017,Kvalsund,0.9622222222222222,n
2017,0.9622222222222222,2017,Kvalsund,0.9622222222222222,n
2018,0.9622222222222222,2017,Kvalsund,0.9622222222222222,n
2019,NA,2017,Kvalsund,0.9546666666666667,y
2004,NA,2017,Kvalsund,0.9546666666666667,y
2005,NA,2017,Kvalsund,0.9546666666666667,y
2006,NA,2017,Kvalsund,0.9546666666666667,y
2007,NA,2017,Kvalsund,0.9546666666666667,y
2008,NA,2017,Kvalsund,0.9546666666666667,y
2009,NA,2017,Kvalsund,0.9546666666666667,y
2009,NA,1920,Lavangen,0.6726666666666667,y
2010,0.8111111111111112,1920,Lavangen,0.8111111111111112,n
2012,0.7733333333333334,1920,Lavangen,0.7733333333333334,n
2013,0.7166666666666668,1920,Lavangen,0.7166666666666668,n
2014,0.7166666666666668,1920,Lavangen,0.7166666666666668,n
2016,0.7166666666666668,1920,Lavangen,0.7166666666666668,n
2017,0.5500000000000002,1920,Lavangen,0.5500000000000002,n
2018,0.6633333333333334,1920,Lavangen,0.6633333333333334,n
2019,NA,1920,Lavangen,0.6726666666666667,y
2004,NA,1920,Lavangen,0.6726666666666667,y
2005,NA,1920,Lavangen,0.6726666666666667,y
2006,NA,1920,Lavangen,0.6726666666666667,y
2007,NA,1920,Lavangen,0.6726666666666667,y
2008,NA,1920,Lavangen,0.6726666666666667,y
2011,NA,1920,Lavangen,0.6726666666666667,y
2015,NA,1920,Lavangen,0.6726666666666667,y
2010,NA,2022,Lebesby,0.6027594627594628,y
2011,0.9433333333333334,2022,Lebesby,0.9433333333333334,n
2012,0.8677777777777779,2022,Lebesby,0.8677777777777779,n
2013,0.7487301587301588,2022,Lebesby,0.7487301587301588,n
2014,0.570063492063492,2022,Lebesby,0.570063492063492,n
2015,0.5074139194139194,2022,Lebesby,0.5074139194139194,n
2016,0.5044615384615384,2022,Lebesby,0.5044615384615384,n
2017,0.6831282051282052,2022,Lebesby,0.6831282051282052,n
2018,NA,2022,Lebesby,0.6027594627594628,y
2004,NA,2022,Lebesby,0.6027594627594628,y
2005,NA,2022,Lebesby,0.6027594627594628,y
2006,NA,2022,Lebesby,0.6027594627594628,y
2007,NA,2022,Lebesby,0.6027594627594628,y
2008,NA,2022,Lebesby,0.6027594627594628,y
2009,NA,2022,Lebesby,0.6027594627594628,y
2019,NA,2022,Lebesby,0.6027594627594628,y
2009,NA,1931,Lenvik,0.7411282051282051,y
2010,1,1931,Lenvik,1,n
2011,0.8875000000000001,1931,Lenvik,0.8875000000000001,n
2012,0.8308333333333334,1931,Lenvik,0.8308333333333334,n
2013,0.6441666666666667,1931,Lenvik,0.6441666666666667,n
2014,0.6874358974358974,1931,Lenvik,0.6874358974358974,n
2015,0.6941025641025641,1931,Lenvik,0.6941025641025641,n
2016,0.8241025641025641,1931,Lenvik,0.8241025641025641,n
2017,0.8366666666666668,1931,Lenvik,0.8366666666666668,n
2018,0.6633333333333333,1931,Lenvik,0.6633333333333333,n
2019,NA,1931,Lenvik,0.7411282051282051,y
2004,NA,1931,Lenvik,0.7411282051282051,y
2005,NA,1931,Lenvik,0.7411282051282051,y
2006,NA,1931,Lenvik,0.7411282051282051,y
2007,NA,1931,Lenvik,0.7411282051282051,y
2008,NA,1931,Lenvik,0.7411282051282051,y
2011,NA,1851,Lodingen,0.7663333333333334,y
2012,0.8394444444444445,1851,Lodingen,0.8394444444444445,n
2013,0.8027777777777777,1851,Lodingen,0.8027777777777777,n
2014,0.8877777777777779,1851,Lodingen,0.8877777777777779,n
2015,0.8688888888888889,1851,Lodingen,0.8688888888888889,n
2016,0.8583333333333334,1851,Lodingen,0.8583333333333334,n
2017,0.7466666666666667,1851,Lodingen,0.7466666666666667,n
2018,0.47000000000000003,1851,Lodingen,0.47000000000000003,n
2019,NA,1851,Lodingen,0.7663333333333334,y
2004,NA,1851,Lodingen,0.7663333333333334,y
2005,NA,1851,Lodingen,0.7663333333333334,y
2006,NA,1851,Lodingen,0.7663333333333334,y
2007,NA,1851,Lodingen,0.7663333333333334,y
2008,NA,1851,Lodingen,0.7663333333333334,y
2009,NA,1851,Lodingen,0.7663333333333334,y
2010,NA,1851,Lodingen,0.7663333333333334,y
2008,NA,2014,Loppa,0.7377444444444444,y
2009,0.7608888888888888,2014,Loppa,0.7608888888888888,n
2010,0.7192698412698412,2014,Loppa,0.7192698412698412,n
2011,0.6814920634920635,2014,Loppa,0.6814920634920635,n
2012,0.7588253968253968,2014,Loppa,0.7588253968253968,n
2013,0.738111111111111,2014,Loppa,0.738111111111111,n
2014,0.7294999999999999,2014,Loppa,0.7294999999999999,n
2015,0.7563888888888889,2014,Loppa,0.7563888888888889,n
2016,0.7302777777777777,2014,Loppa,0.7302777777777777,n
2017,0.7344444444444443,2014,Loppa,0.7344444444444443,n
2018,NA,2014,Loppa,0.7377444444444444,y
2004,NA,2014,Loppa,0.7377444444444444,y
2005,NA,2014,Loppa,0.7377444444444444,y
2006,NA,2014,Loppa,0.7377444444444444,y
2007,NA,2014,Loppa,0.7377444444444444,y
2019,NA,2014,Loppa,0.7377444444444444,y
2007,NA,1834,Luroy,0.9104936507936507,y
2009,0.8704761904761904,1834,Luroy,0.8704761904761904,n
2010,0.7949206349206349,1834,Luroy,0.7949206349206349,n
2011,0.9082539682539682,1834,Luroy,0.9082539682539682,n
2012,0.8677777777777776,1834,Luroy,0.8677777777777776,n
2013,0.9433333333333334,1834,Luroy,0.9433333333333334,n
2014,0.9109523809523808,1834,Luroy,0.9109523809523808,n
2015,0.9251190476190475,1834,Luroy,0.9251190476190475,n
2016,0.8999338624338624,1834,Luroy,0.8999338624338624,n
2017,0.8869814814814814,1834,Luroy,0.8869814814814814,n
2018,0.9294814814814814,1834,Luroy,0.9294814814814814,n
2019,NA,1834,Luroy,0.9104936507936507,y
2004,NA,1834,Luroy,0.9104936507936507,y
2005,NA,1834,Luroy,0.9104936507936507,y
2006,NA,1834,Luroy,0.9104936507936507,y
2008,NA,1834,Luroy,0.9104936507936507,y
2008,NA,1938,Lyngen,0.792888888888889,y
2009,0.9433333333333334,1938,Lyngen,0.9433333333333334,n
2011,0.9433333333333334,1938,Lyngen,0.9433333333333334,n
2013,0.8866666666666667,1938,Lyngen,0.8866666666666667,n
2015,0.7733333333333334,1938,Lyngen,0.7733333333333334,n
2017,0.6616666666666667,1938,Lyngen,0.6616666666666667,n
2018,0.6994444444444445,1938,Lyngen,0.6994444444444445,n
2019,NA,1938,Lyngen,0.792888888888889,y
2004,NA,1938,Lyngen,0.792888888888889,y
2005,NA,1938,Lyngen,0.792888888888889,y
2006,NA,1938,Lyngen,0.792888888888889,y
2007,NA,1938,Lyngen,0.792888888888889,y
2010,NA,1938,Lyngen,0.792888888888889,y
2012,NA,1938,Lyngen,0.792888888888889,y
2014,NA,1938,Lyngen,0.792888888888889,y
2016,NA,1938,Lyngen,0.792888888888889,y
2010,NA,2018,Masoy,0.9411746031746032,y
2011,1,2018,Masoy,1,n
2012,1,2018,Masoy,1,n
2013,0.9622222222222222,2018,Masoy,0.9622222222222222,n
2014,0.9622222222222222,2018,Masoy,0.9622222222222222,n
2015,0.9055555555555556,2018,Masoy,0.9055555555555556,n
2016,0.9271428571428572,2018,Masoy,0.9271428571428572,n
2017,0.9271428571428572,2018,Masoy,0.9271428571428572,n
2018,0.9838095238095238,2018,Masoy,0.9838095238095238,n
2019,NA,2018,Masoy,0.9411746031746032,y
2004,NA,2018,Masoy,0.9411746031746032,y
2005,NA,2018,Masoy,0.9411746031746032,y
2006,NA,2018,Masoy,0.9411746031746032,y
2007,NA,2018,Masoy,0.9411746031746032,y
2008,NA,2018,Masoy,0.9411746031746032,y
2009,NA,2018,Masoy,0.9411746031746032,y
2007,NA,1837,Meloy,0.7906000000000001,y
2009,0.7827777777777779,1837,Meloy,0.7827777777777779,n
2010,0.8016666666666667,1837,Meloy,0.8016666666666667,n
2011,0.775,1837,Meloy,0.775,n
2012,0.793888888888889,1837,Meloy,0.793888888888889,n
2013,0.8316666666666667,1837,Meloy,0.8316666666666667,n
2014,0.8688888888888889,1837,Meloy,0.8688888888888889,n
2015,0.8582222222222223,1837,Meloy,0.8582222222222223,n
2016,0.7832222222222223,1837,Meloy,0.7832222222222223,n
2017,0.7443333333333335,1837,Meloy,0.7443333333333335,n
2018,0.6983333333333334,1837,Meloy,0.6983333333333334,n
2019,NA,1837,Meloy,0.7906000000000001,y
2004,NA,1837,Meloy,0.7906000000000001,y
2005,NA,1837,Meloy,0.7906000000000001,y
2006,NA,1837,Meloy,0.7906000000000001,y
2008,NA,1837,Meloy,0.7906000000000001,y
2008,NA,1805,Narvik,0.6770833333333333,y
2012,0.6083333333333333,1805,Narvik,0.6083333333333333,n
2013,0.49499999999999994,1805,Narvik,0.49499999999999994,n
2014,0.7183333333333333,1805,Narvik,0.7183333333333333,n
2015,0.8866666666666667,1805,Narvik,0.8866666666666667,n
2018,NA,1805,Narvik,0.6770833333333333,y
2004,NA,1805,Narvik,0.6770833333333333,y
2005,NA,1805,Narvik,0.6770833333333333,y
2006,NA,1805,Narvik,0.6770833333333333,y
2007,NA,1805,Narvik,0.6770833333333333,y
2009,NA,1805,Narvik,0.6770833333333333,y
2010,NA,1805,Narvik,0.6770833333333333,y
2011,NA,1805,Narvik,0.6770833333333333,y
2016,NA,1805,Narvik,0.6770833333333333,y
2017,NA,1805,Narvik,0.6770833333333333,y
2019,NA,1805,Narvik,0.6770833333333333,y
2010,NA,1828,Nesna,0.9553333333333334,y
2011,0.8300000000000001,1828,Nesna,0.8300000000000001,n
2012,0.8316666666666667,1828,Nesna,0.8316666666666667,n
2013,0.8883333333333333,1828,Nesna,0.8883333333333333,n
2014,0.8883333333333333,1828,Nesna,0.8883333333333333,n
2015,1,1828,Nesna,1,n
2016,1,1828,Nesna,1,n
2017,1,1828,Nesna,1,n
2018,NA,1828,Nesna,0.9553333333333334,y
2004,NA,1828,Nesna,0.9553333333333334,y
2005,NA,1828,Nesna,0.9553333333333334,y
2006,NA,1828,Nesna,0.9553333333333334,y
2007,NA,1828,Nesna,0.9553333333333334,y
2008,NA,1828,Nesna,0.9553333333333334,y
2009,NA,1828,Nesna,0.9553333333333334,y
2019,NA,1828,Nesna,0.9553333333333334,y
2009,NA,2027,Nesseby,0.7536666666666667,y
2011,0.9433333333333334,2027,Nesseby,0.9433333333333334,n
2012,0.8316666666666667,2027,Nesseby,0.8316666666666667,n
2013,0.8316666666666667,2027,Nesseby,0.8316666666666667,n
2015,0.8316666666666667,2027,Nesseby,0.8316666666666667,n
2016,0.8883333333333333,2027,Nesseby,0.8883333333333333,n
2017,0.665,2027,Nesseby,0.665,n
2018,0.5516666666666667,2027,Nesseby,0.5516666666666667,n
2019,NA,2027,Nesseby,0.7536666666666667,y
2004,NA,2027,Nesseby,0.7536666666666667,y
2005,NA,2027,Nesseby,0.7536666666666667,y
2006,NA,2027,Nesseby,0.7536666666666667,y
2007,NA,2027,Nesseby,0.7536666666666667,y
2008,NA,2027,Nesseby,0.7536666666666667,y
2010,NA,2027,Nesseby,0.7536666666666667,y
2014,NA,2027,Nesseby,0.7536666666666667,y
2006,NA,2019,Nordkapp,0.7188888888888889,y
2007,0.8883333333333333,2019,Nordkapp,0.8883333333333333,n
2009,0.7394444444444445,2019,Nordkapp,0.7394444444444445,n
2010,0.6827777777777778,2019,Nordkapp,0.6827777777777778,n
2011,0.6811111111111111,2019,Nordkapp,0.6811111111111111,n
2012,0.7183333333333334,2019,Nordkapp,0.7183333333333334,n
2013,0.6066666666666667,2019,Nordkapp,0.6066666666666667,n
2014,0.6633333333333334,2019,Nordkapp,0.6633333333333334,n
2015,0.775,2019,Nordkapp,0.775,n
2016,0.7933333333333333,2019,Nordkapp,0.7933333333333333,n
2017,0.7933333333333333,2019,Nordkapp,0.7933333333333333,n
2018,0.5700000000000001,2019,Nordkapp,0.5700000000000001,n
2019,NA,2019,Nordkapp,0.7188888888888889,y
2004,NA,2019,Nordkapp,0.7188888888888889,y
2005,NA,2019,Nordkapp,0.7188888888888889,y
2008,NA,2019,Nordkapp,0.7188888888888889,y
2008,NA,1942,Nordreisa,0.5235000000000001,y
2010,0.6988888888888889,1942,Nordreisa,0.6988888888888889,n
2012,0.6163888888888889,1942,Nordreisa,0.6163888888888889,n
2013,0.5791666666666667,1942,Nordreisa,0.5791666666666667,n
2014,0.49666666666666676,1942,Nordreisa,0.49666666666666676,n
2015,0.5241666666666667,1942,Nordreisa,0.5241666666666667,n
2016,0.5225000000000001,1942,Nordreisa,0.5225000000000001,n
2017,0.49500000000000005,1942,Nordreisa,0.49500000000000005,n
2018,NA,1942,Nordreisa,0.5235000000000001,y
2004,NA,1942,Nordreisa,0.5235000000000001,y
2005,NA,1942,Nordreisa,0.5235000000000001,y
2006,NA,1942,Nordreisa,0.5235000000000001,y
2007,NA,1942,Nordreisa,0.5235000000000001,y
2009,NA,1942,Nordreisa,0.5235000000000001,y
2011,NA,1942,Nordreisa,0.5235000000000001,y
2019,NA,1942,Nordreisa,0.5235000000000001,y
2008,NA,1868,Oksnes,0.7595222222222222,y
2009,0.8488888888888889,1868,Oksnes,0.8488888888888889,n
2010,0.8122222222222222,1868,Oksnes,0.8122222222222222,n
2011,0.8046031746031747,1868,Oksnes,0.8046031746031747,n
2012,0.8046031746031747,1868,Oksnes,0.8046031746031747,n
2013,0.8223809523809523,1868,Oksnes,0.8223809523809523,n
2014,0.8413333333333334,1868,Oksnes,0.8413333333333334,n
2015,0.8235555555555556,1868,Oksnes,0.8235555555555556,n
2016,0.7677222222222223,1868,Oksnes,0.7677222222222223,n
2017,0.7013888888888888,1868,Oksnes,0.7013888888888888,n
2018,0.663611111111111,1868,Oksnes,0.663611111111111,n
2019,NA,1868,Oksnes,0.7595222222222222,y
2004,NA,1868,Oksnes,0.7595222222222222,y
2005,NA,1868,Oksnes,0.7595222222222222,y
2006,NA,1868,Oksnes,0.7595222222222222,y
2007,NA,1868,Oksnes,0.7595222222222222,y
2010,NA,1833,Rana,0.9716666666666667,y
2011,0.8866666666666667,1833,Rana,0.8866666666666667,n
2012,1,1833,Rana,1,n
2014,1,1833,Rana,1,n
2016,1,1833,Rana,1,n
2017,NA,1833,Rana,0.9716666666666667,y
2004,NA,1833,Rana,0.9716666666666667,y
2005,NA,1833,Rana,0.9716666666666667,y
2006,NA,1833,Rana,0.9716666666666667,y
2007,NA,1833,Rana,0.9716666666666667,y
2008,NA,1833,Rana,0.9716666666666667,y
2009,NA,1833,Rana,0.9716666666666667,y
2013,NA,1833,Rana,0.9716666666666667,y
2015,NA,1833,Rana,0.9716666666666667,y
2018,NA,1833,Rana,0.9716666666666667,y
2019,NA,1833,Rana,0.9716666666666667,y
2006,NA,1836,Rodoy,0.8670634920634921,y
2008,0.9433333333333334,1836,Rodoy,0.9433333333333334,n
2009,0.8753333333333334,1836,Rodoy,0.8753333333333334,n
2010,0.7353333333333335,1836,Rodoy,0.7353333333333335,n
2011,0.7001818181818183,1836,Rodoy,0.7001818181818183,n
2012,0.7256818181818182,1836,Rodoy,0.7256818181818182,n
2013,0.8333008658008659,1836,Rodoy,0.8333008658008659,n
2014,0.9251190476190477,1836,Rodoy,0.9251190476190477,n
2015,0.9392857142857144,1836,Rodoy,0.9392857142857144,n
2016,0.9433333333333334,1836,Rodoy,0.9433333333333334,n
2017,0.8147619047619048,1836,Rodoy,0.8147619047619048,n
2018,0.8430952380952381,1836,Rodoy,0.8430952380952381,n
2019,NA,1836,Rodoy,0.8670634920634921,y
2004,NA,1836,Rodoy,0.8670634920634921,y
2005,NA,1836,Rodoy,0.8670634920634921,y
2007,NA,1836,Rodoy,0.8670634920634921,y
2010,NA,1923,Salangen,0.7922222222222223,y
2013,0.7733333333333334,1923,Salangen,0.7733333333333334,n
2015,0.7733333333333334,1923,Salangen,0.7733333333333334,n
2017,0.8300000000000001,1923,Salangen,0.8300000000000001,n
2018,NA,1923,Salangen,0.7922222222222223,y
2004,NA,1923,Salangen,0.7922222222222223,y
2005,NA,1923,Salangen,0.7922222222222223,y
2006,NA,1923,Salangen,0.7922222222222223,y
2007,NA,1923,Salangen,0.7922222222222223,y
2008,NA,1923,Salangen,0.7922222222222223,y
2009,NA,1923,Salangen,0.7922222222222223,y
2011,NA,1923,Salangen,0.7922222222222223,y
2012,NA,1923,Salangen,0.7922222222222223,y
2014,NA,1923,Salangen,0.7922222222222223,y
2016,NA,1923,Salangen,0.7922222222222223,y
2019,NA,1923,Salangen,0.7922222222222223,y
2012,NA,1840,Saltdal,0.9093333333333333,y
2013,1,1840,Saltdal,1,n
2014,0.8866666666666667,1840,Saltdal,0.8866666666666667,n
2015,0.8866666666666667,1840,Saltdal,0.8866666666666667,n
2016,0.8866666666666667,1840,Saltdal,0.8866666666666667,n
2017,0.8866666666666667,1840,Saltdal,0.8866666666666667,n
2019,NA,1840,Saltdal,0.9093333333333333,y
2004,NA,1840,Saltdal,0.9093333333333333,y
2005,NA,1840,Saltdal,0.9093333333333333,y
2006,NA,1840,Saltdal,0.9093333333333333,y
2007,NA,1840,Saltdal,0.9093333333333333,y
2008,NA,1840,Saltdal,0.9093333333333333,y
2009,NA,1840,Saltdal,0.9093333333333333,y
2010,NA,1840,Saltdal,0.9093333333333333,y
2011,NA,1840,Saltdal,0.9093333333333333,y
2018,NA,1840,Saltdal,0.9093333333333333,y
2012,NA,1913,Skanland,0.775,y
2013,0.7377777777777778,1913,Skanland,0.7377777777777778,n
2015,0.7377777777777778,1913,Skanland,0.7377777777777778,n
2016,0.7377777777777778,1913,Skanland,0.7377777777777778,n
2017,0.8866666666666667,1913,Skanland,0.8866666666666667,n
2018,NA,1913,Skanland,0.775,y
2004,NA,1913,Skanland,0.775,y
2005,NA,1913,Skanland,0.775,y
2006,NA,1913,Skanland,0.775,y
2007,NA,1913,Skanland,0.775,y
2008,NA,1913,Skanland,0.775,y
2009,NA,1913,Skanland,0.775,y
2010,NA,1913,Skanland,0.775,y
2011,NA,1913,Skanland,0.775,y
2014,NA,1913,Skanland,0.775,y
2019,NA,1913,Skanland,0.775,y
2008,NA,1941,Skjervoy,0.8050222222222223,y
2009,0.9338888888888889,1941,Skjervoy,0.9338888888888889,n
2010,0.9244444444444445,1941,Skjervoy,0.9244444444444445,n
2011,0.8488888888888889,1941,Skjervoy,0.8488888888888889,n
2012,0.7744444444444444,1941,Skjervoy,0.7744444444444444,n
2013,0.8122222222222222,1941,Skjervoy,0.8122222222222222,n
2014,0.8122222222222222,1941,Skjervoy,0.8122222222222222,n
2015,0.8677777777777779,1941,Skjervoy,0.8677777777777779,n
2016,0.8394444444444445,1941,Skjervoy,0.8394444444444445,n
2017,0.7803333333333334,1941,Skjervoy,0.7803333333333334,n
2018,0.7253333333333334,1941,Skjervoy,0.7253333333333334,n
2019,NA,1941,Skjervoy,0.8050222222222223,y
2004,NA,1941,Skjervoy,0.8050222222222223,y
2005,NA,1941,Skjervoy,0.8050222222222223,y
2006,NA,1941,Skjervoy,0.8050222222222223,y
2007,NA,1941,Skjervoy,0.8050222222222223,y
2009,NA,1812,Somna,0.8715555555555556,y
2010,0.7766666666666667,1812,Somna,0.7766666666666667,n
2011,0.7766666666666667,1812,Somna,0.7766666666666667,n
2012,0.6633333333333334,1812,Somna,0.6633333333333334,n
2013,0.8111111111111112,1812,Somna,0.8111111111111112,n
2014,0.8111111111111112,1812,Somna,0.8111111111111112,n
2015,0.9244444444444445,1812,Somna,0.9244444444444445,n
2016,0.8866666666666667,1812,Somna,0.8866666666666667,n
2017,0.8866666666666667,1812,Somna,0.8866666666666667,n
2018,0.8488888888888889,1812,Somna,0.8488888888888889,n
2019,NA,1812,Somna,0.8715555555555556,y
2004,NA,1812,Somna,0.8715555555555556,y
2005,NA,1812,Somna,0.8715555555555556,y
2006,NA,1812,Somna,0.8715555555555556,y
2007,NA,1812,Somna,0.8715555555555556,y
2008,NA,1812,Somna,0.8715555555555556,y
2006,NA,2030,Sor-Varanger,0.7033333333333334,y
2007,1,2030,Sor-Varanger,1,n
2008,0.9622222222222222,2030,Sor-Varanger,0.9622222222222222,n
2009,0.8488888888888889,2030,Sor-Varanger,0.8488888888888889,n
2011,0.7363888888888889,2030,Sor-Varanger,0.7363888888888889,n
2012,0.7363888888888889,2030,Sor-Varanger,0.7363888888888889,n
2013,0.7930555555555556,2030,Sor-Varanger,0.7930555555555556,n
2014,0.9055555555555556,2030,Sor-Varanger,0.9055555555555556,n
2015,0.8316666666666667,2030,Sor-Varanger,0.8316666666666667,n
2016,0.8883333333333333,2030,Sor-Varanger,0.8883333333333333,n
2017,0.555,2030,Sor-Varanger,0.555,n
2018,0.6666666666666666,2030,Sor-Varanger,0.6666666666666666,n
2019,NA,2030,Sor-Varanger,0.7033333333333334,y
2004,NA,2030,Sor-Varanger,0.7033333333333334,y
2005,NA,2030,Sor-Varanger,0.7033333333333334,y
2010,NA,2030,Sor-Varanger,0.7033333333333334,y
2009,NA,1845,Sorfold,0.8499142857142858,y
2010,0.7655555555555557,1845,Sorfold,0.7655555555555557,n
2011,0.7097222222222223,1845,Sorfold,0.7097222222222223,n
2012,0.7647222222222223,1845,Sorfold,0.7647222222222223,n
2013,0.7701190476190477,1845,Sorfold,0.7701190476190477,n
2014,0.7976190476190478,1845,Sorfold,0.7976190476190478,n
2015,0.9109523809523811,1845,Sorfold,0.9109523809523811,n
2016,0.8583333333333334,1845,Sorfold,0.8583333333333334,n
2017,0.8696666666666667,1845,Sorfold,0.8696666666666667,n
2018,0.8130000000000001,1845,Sorfold,0.8130000000000001,n
2019,NA,1845,Sorfold,0.8499142857142858,y
2004,NA,1845,Sorfold,0.8499142857142858,y
2005,NA,1845,Sorfold,0.8499142857142858,y
2006,NA,1845,Sorfold,0.8499142857142858,y
2007,NA,1845,Sorfold,0.8499142857142858,y
2008,NA,1845,Sorfold,0.8499142857142858,y
2008,NA,1925,Sorreisa,0.5888888888888889,y
2012,0.6633333333333333,1925,Sorreisa,0.6633333333333333,n
2013,0.44,1925,Sorreisa,0.44,n
2014,0.6633333333333333,1925,Sorreisa,0.6633333333333333,n
2016,NA,1925,Sorreisa,0.5888888888888889,y
2004,NA,1925,Sorreisa,0.5888888888888889,y
2005,NA,1925,Sorreisa,0.5888888888888889,y
2006,NA,1925,Sorreisa,0.5888888888888889,y
2007,NA,1925,Sorreisa,0.5888888888888889,y
2009,NA,1925,Sorreisa,0.5888888888888889,y
2010,NA,1925,Sorreisa,0.5888888888888889,y
2011,NA,1925,Sorreisa,0.5888888888888889,y
2015,NA,1925,Sorreisa,0.5888888888888889,y
2017,NA,1925,Sorreisa,0.5888888888888889,y
2018,NA,1925,Sorreisa,0.5888888888888889,y
2019,NA,1925,Sorreisa,0.5888888888888889,y
2009,NA,1870,Sortland,0.8137222222222222,y
2010,0.5733333333333334,1870,Sortland,0.5733333333333334,n
2011,0.7966666666666665,1870,Sortland,0.7966666666666665,n
2012,0.7691666666666667,1870,Sortland,0.7691666666666667,n
2013,0.8402777777777777,1870,Sortland,0.8402777777777777,n
2014,0.783611111111111,1870,Sortland,0.783611111111111,n
2015,0.8677777777777779,1870,Sortland,0.8677777777777779,n
2016,0.8116666666666666,1870,Sortland,0.8116666666666666,n
2017,0.8116666666666666,1870,Sortland,0.8116666666666666,n
2018,0.793888888888889,1870,Sortland,0.793888888888889,n
2019,NA,1870,Sortland,0.8137222222222222,y
2004,NA,1870,Sortland,0.8137222222222222,y
2005,NA,1870,Sortland,0.8137222222222222,y
2006,NA,1870,Sortland,0.8137222222222222,y
2007,NA,1870,Sortland,0.8137222222222222,y
2008,NA,1870,Sortland,0.8137222222222222,y
2008,NA,1848,Steigen,0.8112460317460318,y
2009,0.7520000000000001,1848,Steigen,0.7520000000000001,n
2010,0.7142222222222223,1848,Steigen,0.7142222222222223,n
2011,0.7897777777777778,1848,Steigen,0.7897777777777778,n
2012,0.8488888888888889,1848,Steigen,0.8488888888888889,n
2013,0.8158333333333334,1848,Steigen,0.8158333333333334,n
2014,0.7642777777777777,1848,Steigen,0.7642777777777777,n
2015,0.8079285714285716,1848,Steigen,0.8079285714285716,n
2016,0.7894285714285715,1848,Steigen,0.7894285714285715,n
2017,0.8787619047619049,1848,Steigen,0.8787619047619049,n
2018,NA,1848,Steigen,0.8112460317460318,y
2004,NA,1848,Steigen,0.8112460317460318,y
2005,NA,1848,Steigen,0.8112460317460318,y
2006,NA,1848,Steigen,0.8112460317460318,y
2007,NA,1848,Steigen,0.8112460317460318,y
2019,NA,1848,Steigen,0.8112460317460318,y
2005,NA,1928,Torsken,0.896488888888889,y
2008,0.8488888888888889,1928,Torsken,0.8488888888888889,n
2010,0.7922222222222223,1928,Torsken,0.7922222222222223,n
2011,0.9055555555555556,1928,Torsken,0.9055555555555556,n
2012,0.9055555555555556,1928,Torsken,0.9055555555555556,n
2013,0.9338888888888889,1928,Torsken,0.9338888888888889,n
2014,0.8772222222222222,1928,Torsken,0.8772222222222222,n
2015,0.8923333333333335,1928,Torsken,0.8923333333333335,n
2016,0.8753333333333334,1928,Torsken,0.8753333333333334,n
2017,0.9036666666666667,1928,Torsken,0.9036666666666667,n
2018,NA,1928,Torsken,0.896488888888889,y
2004,NA,1928,Torsken,0.896488888888889,y
2006,NA,1928,Torsken,0.896488888888889,y
2007,NA,1928,Torsken,0.896488888888889,y
2009,NA,1928,Torsken,0.896488888888889,y
2019,NA,1928,Torsken,0.896488888888889,y
2007,NA,1835,Traena,1,y
2009,1,1835,Traena,1,n
2011,1,1835,Traena,1,n
2013,1,1835,Traena,1,n
2016,1,1835,Traena,1,n
2018,NA,1835,Traena,1,y
2004,NA,1835,Traena,1,y
2005,NA,1835,Traena,1,y
2006,NA,1835,Traena,1,y
2008,NA,1835,Traena,1,y
2010,NA,1835,Traena,1,y
2012,NA,1835,Traena,1,y
2014,NA,1835,Traena,1,y
2015,NA,1835,Traena,1,y
2017,NA,1835,Traena,1,y
2019,NA,1835,Traena,1,y
2008,NA,1927,Tranoy,0.8818095238095238,y
2009,0.9622222222222222,1927,Tranoy,0.9622222222222222,n
2010,0.9622222222222222,1927,Tranoy,0.9622222222222222,n
2011,0.9622222222222222,1927,Tranoy,0.9622222222222222,n
2012,1,1927,Tranoy,1,n
2013,0.9716666666666667,1927,Tranoy,0.9716666666666667,n
2014,0.915,1927,Tranoy,0.915,n
2015,0.8502380952380952,1927,Tranoy,0.8502380952380952,n
2016,0.8407936507936508,1927,Tranoy,0.8407936507936508,n
2017,0.8974603174603174,1927,Tranoy,0.8974603174603174,n
2018,0.9055555555555556,1927,Tranoy,0.9055555555555556,n
2019,NA,1927,Tranoy,0.8818095238095238,y
2004,NA,1927,Tranoy,0.8818095238095238,y
2005,NA,1927,Tranoy,0.8818095238095238,y
2006,NA,1927,Tranoy,0.8818095238095238,y
2007,NA,1927,Tranoy,0.8818095238095238,y
2008,NA,1902,Tromso,0.8847333333333335,y
2009,0.8961111111111112,1902,Tromso,0.8961111111111112,n
2010,0.8961111111111112,1902,Tromso,0.8961111111111112,n
2011,0.9244444444444445,1902,Tromso,0.9244444444444445,n
2013,1,1902,Tromso,1,n
2014,0.9773333333333335,1902,Tromso,0.9773333333333335,n
2015,0.9395555555555557,1902,Tromso,0.9395555555555557,n
2016,0.8828888888888891,1902,Tromso,0.8828888888888891,n
2017,0.8772222222222222,1902,Tromso,0.8772222222222222,n
2018,0.7466666666666667,1902,Tromso,0.7466666666666667,n
2019,NA,1902,Tromso,0.8847333333333335,y
2004,NA,1902,Tromso,0.8847333333333335,y
2005,NA,1902,Tromso,0.8847333333333335,y
2006,NA,1902,Tromso,0.8847333333333335,y
2007,NA,1902,Tromso,0.8847333333333335,y
2012,NA,1902,Tromso,0.8847333333333335,y
2007,NA,1850,Tysfjord,0.8544,y
2009,1,1850,Tysfjord,1,n
2010,1,1850,Tysfjord,1,n
2011,0.9716666666666667,1850,Tysfjord,0.9716666666666667,n
2012,0.8809999999999999,1850,Tysfjord,0.8809999999999999,n
2013,0.8526666666666666,1850,Tysfjord,0.8526666666666666,n
2014,0.7932222222222222,1850,Tysfjord,0.7932222222222222,n
2015,0.8461111111111111,1850,Tysfjord,0.8461111111111111,n
2016,0.8744444444444445,1850,Tysfjord,0.8744444444444445,n
2017,0.9168888888888889,1850,Tysfjord,0.9168888888888889,n
2018,0.8413333333333334,1850,Tysfjord,0.8413333333333334,n
2019,NA,1850,Tysfjord,0.8544,y
2004,NA,1850,Tysfjord,0.8544,y
2005,NA,1850,Tysfjord,0.8544,y
2006,NA,1850,Tysfjord,0.8544,y
2008,NA,1850,Tysfjord,0.8544,y
2008,NA,1865,Vagan,0.8339000000000001,y
2009,0.7142222222222223,1865,Vagan,0.7142222222222223,n
2010,0.782888888888889,1865,Vagan,0.782888888888889,n
2011,0.6706666666666669,1865,Vagan,0.6706666666666669,n
2012,0.7606666666666667,1865,Vagan,0.7606666666666667,n
2013,0.8053333333333335,1865,Vagan,0.8053333333333335,n
2014,0.8436666666666667,1865,Vagan,0.8436666666666667,n
2015,0.8041666666666668,1865,Vagan,0.8041666666666668,n
2016,0.7758333333333335,1865,Vagan,0.7758333333333335,n
2017,0.8875000000000002,1865,Vagan,0.8875000000000002,n
2018,0.8583333333333334,1865,Vagan,0.8583333333333334,n
2019,NA,1865,Vagan,0.8339000000000001,y
2004,NA,1865,Vagan,0.8339000000000001,y
2005,NA,1865,Vagan,0.8339000000000001,y
2006,NA,1865,Vagan,0.8339000000000001,y
2007,NA,1865,Vagan,0.8339000000000001,y
2010,NA,1824,Vefsn,0.8640000000000001,y
2012,0.8866666666666667,1824,Vefsn,0.8866666666666667,n
2013,0.7733333333333334,1824,Vefsn,0.7733333333333334,n
2014,0.8866666666666667,1824,Vefsn,0.8866666666666667,n
2015,0.8866666666666667,1824,Vefsn,0.8866666666666667,n
2016,0.8866666666666667,1824,Vefsn,0.8866666666666667,n
2018,NA,1824,Vefsn,0.8640000000000001,y
2004,NA,1824,Vefsn,0.8640000000000001,y
2005,NA,1824,Vefsn,0.8640000000000001,y
2006,NA,1824,Vefsn,0.8640000000000001,y
2007,NA,1824,Vefsn,0.8640000000000001,y
2008,NA,1824,Vefsn,0.8640000000000001,y
2009,NA,1824,Vefsn,0.8640000000000001,y
2011,NA,1824,Vefsn,0.8640000000000001,y
2017,NA,1824,Vefsn,0.8640000000000001,y
2019,NA,1824,Vefsn,0.8640000000000001,y
2010,NA,1815,Vega,0.9622222222222222,y
2012,1,1815,Vega,1,n
2014,1,1815,Vega,1,n
2015,0.9433333333333334,1815,Vega,0.9433333333333334,n
2016,0.9055555555555556,1815,Vega,0.9055555555555556,n
2018,NA,1815,Vega,0.9622222222222222,y
2004,NA,1815,Vega,0.9622222222222222,y
2005,NA,1815,Vega,0.9622222222222222,y
2006,NA,1815,Vega,0.9622222222222222,y
2007,NA,1815,Vega,0.9622222222222222,y
2008,NA,1815,Vega,0.9622222222222222,y
2009,NA,1815,Vega,0.9622222222222222,y
2011,NA,1815,Vega,0.9622222222222222,y
2013,NA,1815,Vega,0.9622222222222222,y
2017,NA,1815,Vega,0.9622222222222222,y
2019,NA,1815,Vega,0.9622222222222222,y
2007,NA,1860,Vestvagoy,0.8653333333333334,y
2008,0.8866666666666667,1860,Vestvagoy,0.8866666666666667,n
2010,1,1860,Vestvagoy,1,n
2011,0.9244444444444445,1860,Vestvagoy,0.9244444444444445,n
2012,0.9244444444444445,1860,Vestvagoy,0.9244444444444445,n
2013,0.9244444444444445,1860,Vestvagoy,0.9244444444444445,n
2016,0.7766666666666667,1860,Vestvagoy,0.7766666666666667,n
2017,0.7766666666666667,1860,Vestvagoy,0.7766666666666667,n
2018,NA,1860,Vestvagoy,0.8653333333333334,y
2004,NA,1860,Vestvagoy,0.8653333333333334,y
2005,NA,1860,Vestvagoy,0.8653333333333334,y
2006,NA,1860,Vestvagoy,0.8653333333333334,y
2009,NA,1860,Vestvagoy,0.8653333333333334,y
2014,NA,1860,Vestvagoy,0.8653333333333334,y
2015,NA,1860,Vestvagoy,0.8653333333333334,y
2019,NA,1860,Vestvagoy,0.8653333333333334,y
2012,NA,1816,Vevelstad,0.8677777777777779,y
2016,0.8866666666666667,1816,Vevelstad,0.8866666666666667,n
2017,0.8583333333333334,1816,Vevelstad,0.8583333333333334,n
2018,0.8583333333333334,1816,Vevelstad,0.8583333333333334,n
2019,NA,1816,Vevelstad,0.8677777777777779,y
2004,NA,1816,Vevelstad,0.8677777777777779,y
2005,NA,1816,Vevelstad,0.8677777777777779,y
2006,NA,1816,Vevelstad,0.8677777777777779,y
2007,NA,1816,Vevelstad,0.8677777777777779,y
2008,NA,1816,Vevelstad,0.8677777777777779,y
2009,NA,1816,Vevelstad,0.8677777777777779,y
2010,NA,1816,Vevelstad,0.8677777777777779,y
2011,NA,1816,Vevelstad,0.8677777777777779,y
2013,NA,1816,Vevelstad,0.8677777777777779,y
2014,NA,1816,Vevelstad,0.8677777777777779,y
2015,NA,1816,Vevelstad,0.8677777777777779,y
2009,1,1853,Evenes,1,n
2004,NA,1853,Evenes,1,y
2005,NA,1853,Evenes,1,y
2006,NA,1853,Evenes,1,y
2007,NA,1853,Evenes,1,y
2008,NA,1853,Evenes,1,y
2010,NA,1853,Evenes,1,y
2011,NA,1853,Evenes,1,y
2012,NA,1853,Evenes,1,y
2013,NA,1853,Evenes,1,y
2014,NA,1853,Evenes,1,y
2015,NA,1853,Evenes,1,y
2016,NA,1853,Evenes,1,y
2017,NA,1853,Evenes,1,y
2018,NA,1853,Evenes,1,y
2019,NA,1853,Evenes,1,y
2010,0.66,1859,Flakstad,0.66,n
2017,1,1859,Flakstad,1,n
2004,NA,1859,Flakstad,0.8300000000000001,y
2005,NA,1859,Flakstad,0.8300000000000001,y
2006,NA,1859,Flakstad,0.8300000000000001,y
2007,NA,1859,Flakstad,0.8300000000000001,y
2008,NA,1859,Flakstad,0.8300000000000001,y
2009,NA,1859,Flakstad,0.8300000000000001,y
2011,NA,1859,Flakstad,0.8300000000000001,y
2012,NA,1859,Flakstad,0.8300000000000001,y
2013,NA,1859,Flakstad,0.8300000000000001,y
2014,NA,1859,Flakstad,0.8300000000000001,y
2015,NA,1859,Flakstad,0.8300000000000001,y
2016,NA,1859,Flakstad,0.8300000000000001,y
2018,NA,1859,Flakstad,0.8300000000000001,y
2019,NA,1859,Flakstad,0.8300000000000001,y
2015,1,2015,Hasvik,1,n
2018,0.41250000000000003,2015,Hasvik,0.41250000000000003,n
2019,0.66,2015,Hasvik,0.66,n
2004,NA,2015,Hasvik,0.6908333333333334,y
2005,NA,2015,Hasvik,0.6908333333333334,y
2006,NA,2015,Hasvik,0.6908333333333334,y
2007,NA,2015,Hasvik,0.6908333333333334,y
2008,NA,2015,Hasvik,0.6908333333333334,y
2009,NA,2015,Hasvik,0.6908333333333334,y
2010,NA,2015,Hasvik,0.6908333333333334,y
2011,NA,2015,Hasvik,0.6908333333333334,y
2012,NA,2015,Hasvik,0.6908333333333334,y
2013,NA,2015,Hasvik,0.6908333333333334,y
2014,NA,2015,Hasvik,0.6908333333333334,y
2016,NA,2015,Hasvik,0.6908333333333334,y
2017,NA,2015,Hasvik,0.6908333333333334,y
2014,1,1822,Leirfjord,1,n
2016,1,1822,Leirfjord,1,n
2004,NA,1822,Leirfjord,1,y
2005,NA,1822,Leirfjord,1,y
2006,NA,1822,Leirfjord,1,y
2007,NA,1822,Leirfjord,1,y
2008,NA,1822,Leirfjord,1,y
2009,NA,1822,Leirfjord,1,y
2010,NA,1822,Leirfjord,1,y
2011,NA,1822,Leirfjord,1,y
2012,NA,1822,Leirfjord,1,y
2013,NA,1822,Leirfjord,1,y
2015,NA,1822,Leirfjord,1,y
2017,NA,1822,Leirfjord,1,y
2018,NA,1822,Leirfjord,1,y
2019,NA,1822,Leirfjord,1,y
2012,1,1852,Tjeldsund,1,n
2016,1,1852,Tjeldsund,1,n
2017,1,1852,Tjeldsund,1,n
2004,NA,1852,Tjeldsund,1,y
2005,NA,1852,Tjeldsund,1,y
2006,NA,1852,Tjeldsund,1,y
2007,NA,1852,Tjeldsund,1,y
2008,NA,1852,Tjeldsund,1,y
2009,NA,1852,Tjeldsund,1,y
2010,NA,1852,Tjeldsund,1,y
2011,NA,1852,Tjeldsund,1,y
2013,NA,1852,Tjeldsund,1,y
2014,NA,1852,Tjeldsund,1,y
2015,NA,1852,Tjeldsund,1,y
2018,NA,1852,Tjeldsund,1,y
2019,NA,1852,Tjeldsund,1,y
2004,1,1857,Vaeroy,1,n
2005,NA,1857,Vaeroy,1,y
2006,NA,1857,Vaeroy,1,y
2007,NA,1857,Vaeroy,1,y
2008,NA,1857,Vaeroy,1,y
2009,NA,1857,Vaeroy,1,y
2010,NA,1857,Vaeroy,1,y
2011,NA,1857,Vaeroy,1,y
2012,NA,1857,Vaeroy,1,y
2013,NA,1857,Vaeroy,1,y
2014,NA,1857,Vaeroy,1,y
2015,NA,1857,Vaeroy,1,y
2016,NA,1857,Vaeroy,1,y
2017,NA,1857,Vaeroy,1,y
2018,NA,1857,Vaeroy,1,y
2019,NA,1857,Vaeroy,1,y
