yrs,knr2017,kname,county,totalarea,landarea,seaarea,protein_efficiency_ratio
2005,1804,Bodo,Nordland,4826.7,1395.25,3431.45,0.33637839331504427
2006,1804,Bodo,Nordland,4826.7,1395.25,3431.45,0.32486688226843707
2007,1804,Bodo,Nordland,4826.7,1395.25,3431.45,0
2008,1804,Bodo,Nordland,4826.7,1395.25,3431.45,0
2009,1804,Bodo,Nordland,4826.7,1395.25,3431.45,0.82178836059032312
2010,1804,Bodo,Nordland,4826.7,1395.25,3431.45,0.29229690257551338
2011,1804,Bodo,Nordland,4826.7,1395.25,3431.45,0
2012,1804,Bodo,Nordland,4826.7,1395.25,3431.45,0.46826112927204955
2013,1804,Bodo,Nordland,4826.7,1395.25,3431.45,0.3229599157790054
2014,1804,Bodo,Nordland,4826.7,1395.25,3431.45,0.47640135708558967
2005,1805,Narvik,Nordland,2223.59,2022.98,200.61,0
2006,1805,Narvik,Nordland,2223.59,2022.98,200.61,0
2007,1805,Narvik,Nordland,2223.59,2022.98,200.61,0
2008,1805,Narvik,Nordland,2223.59,2022.98,200.61,0
2009,1805,Narvik,Nordland,2223.59,2022.98,200.61,0
2010,1805,Narvik,Nordland,2223.59,2022.98,200.61,0
2011,1805,Narvik,Nordland,2223.59,2022.98,200.61,0.85747010830599357
2012,1805,Narvik,Nordland,2223.59,2022.98,200.61,0.29547846276321182
2013,1805,Narvik,Nordland,2223.59,2022.98,200.61,0.54340361995241748
2014,1805,Narvik,Nordland,2223.59,2022.98,200.61,0.39275448480417741
2005,1811,Bindal,Nordland,1905.54,1264.25,641.29,0.19403504897265492
2006,1811,Bindal,Nordland,1905.54,1264.25,641.29,0.45952009300940971
2007,1811,Bindal,Nordland,1905.54,1264.25,641.29,0.31923683242296097
2008,1811,Bindal,Nordland,1905.54,1264.25,641.29,0.3614855717171479
2009,1811,Bindal,Nordland,1905.54,1264.25,641.29,0.25511461349384573
2010,1811,Bindal,Nordland,1905.54,1264.25,641.29,0.22501474669442431
2011,1811,Bindal,Nordland,1905.54,1264.25,641.29,0.21422914695352022
2012,1811,Bindal,Nordland,1905.54,1264.25,641.29,0.31371763796542979
2013,1811,Bindal,Nordland,1905.54,1264.25,641.29,0.28188962124272016
2014,1811,Bindal,Nordland,1905.54,1264.25,641.29,0.23402966975553588
2005,1812,Somna,Nordland,790.1,195.26,594.84,0.30871078923883144
2006,1812,Somna,Nordland,790.1,195.26,594.84,0.35818525948471164
2007,1812,Somna,Nordland,790.1,195.26,594.84,0.27375578491980407
2008,1812,Somna,Nordland,790.1,195.26,594.84,0.32627610656330752
2009,1812,Somna,Nordland,790.1,195.26,594.84,0.32018504568655881
2010,1812,Somna,Nordland,790.1,195.26,594.84,0.38039577057205931
2011,1812,Somna,Nordland,790.1,195.26,594.84,0.10640586202735877
2012,1812,Somna,Nordland,790.1,195.26,594.84,0.47335198887678848
2013,1812,Somna,Nordland,790.1,195.26,594.84,0.3077862528485828
2014,1812,Somna,Nordland,790.1,195.26,594.84,0.13609179807943986
2005,1813,Bronnoy,Nordland,2099.21,1046.4000000000001,1052.81,0.33230148097837325
2006,1813,Bronnoy,Nordland,2099.21,1046.4000000000001,1052.81,0.46273026571404052
2007,1813,Bronnoy,Nordland,2099.21,1046.4000000000001,1052.81,0.32719139790311841
2008,1813,Bronnoy,Nordland,2099.21,1046.4000000000001,1052.81,0.26442735367827991
2009,1813,Bronnoy,Nordland,2099.21,1046.4000000000001,1052.81,0.29176437369756886
2010,1813,Bronnoy,Nordland,2099.21,1046.4000000000001,1052.81,0.20640027147432316
2011,1813,Bronnoy,Nordland,2099.21,1046.4000000000001,1052.81,0.32881933473485431
2012,1813,Bronnoy,Nordland,2099.21,1046.4000000000001,1052.81,0.22142954064278048
2013,1813,Bronnoy,Nordland,2099.21,1046.4000000000001,1052.81,0.2961520408499011
2014,1813,Bronnoy,Nordland,2099.21,1046.4000000000001,1052.81,0.26795680887800327
2005,1815,Vega,Nordland,2921.38,164.94,2756.44,0.40601675009033761
2006,1815,Vega,Nordland,2921.38,164.94,2756.44,0.30545419720433054
2007,1815,Vega,Nordland,2921.38,164.94,2756.44,0.45953847441984291
2008,1815,Vega,Nordland,2921.38,164.94,2756.44,0.28790359164232465
2009,1815,Vega,Nordland,2921.38,164.94,2756.44,0.46503427265744418
2010,1815,Vega,Nordland,2921.38,164.94,2756.44,0.30102246727828025
2011,1815,Vega,Nordland,2921.38,164.94,2756.44,0.44828383292374557
2012,1815,Vega,Nordland,2921.38,164.94,2756.44,0.30476145247063502
2013,1815,Vega,Nordland,2921.38,164.94,2756.44,0.48192628606112209
2014,1815,Vega,Nordland,2921.38,164.94,2756.44,0.28910298373604648
2005,1816,Vevelstad,Nordland,661.11,538.9,122.2,0.25156408284608495
2006,1816,Vevelstad,Nordland,661.11,538.9,122.2,0.34281729077091749
2007,1816,Vevelstad,Nordland,661.11,538.9,122.2,0.28609712204809085
2008,1816,Vevelstad,Nordland,661.11,538.9,122.2,0.33597512093596055
2009,1816,Vevelstad,Nordland,661.11,538.9,122.2,0.28109912191345526
2010,1816,Vevelstad,Nordland,661.11,538.9,122.2,0.36895441056714107
2011,1816,Vevelstad,Nordland,661.11,538.9,122.2,0.30022127113212382
2012,1816,Vevelstad,Nordland,661.11,538.9,122.2,0.29052252133922662
2013,1816,Vevelstad,Nordland,661.11,538.9,122.2,0.31981377015820972
2014,1816,Vevelstad,Nordland,661.11,538.9,122.2,0.27283614817448054
2005,1818,Heroy,Nordland,2262.1,64.37,2197.73,0.46947881013672632
2006,1818,Heroy,Nordland,2262.1,64.37,2197.73,0.29301903963787979
2007,1818,Heroy,Nordland,2262.1,64.37,2197.73,0.36763817815613475
2008,1818,Heroy,Nordland,2262.1,64.37,2197.73,0.31848197824389235
2009,1818,Heroy,Nordland,2262.1,64.37,2197.73,0.35605291645884551
2010,1818,Heroy,Nordland,2262.1,64.37,2197.73,0.19597289980816135
2011,1818,Heroy,Nordland,2262.1,64.37,2197.73,0.37509681850997528
2012,1818,Heroy,Nordland,2262.1,64.37,2197.73,0.21363758583028955
2013,1818,Heroy,Nordland,2262.1,64.37,2197.73,0.31905319721747694
2014,1818,Heroy,Nordland,2262.1,64.37,2197.73,0.31726305537633792
2005,1820,Alstahaug,Nordland,585.22,187.61,397.61,0.29178916967955359
2006,1820,Alstahaug,Nordland,585.22,187.61,397.61,0.43774400325193058
2007,1820,Alstahaug,Nordland,585.22,187.61,397.61,0.30160360026158001
2008,1820,Alstahaug,Nordland,585.22,187.61,397.61,0.34529176139577161
2009,1820,Alstahaug,Nordland,585.22,187.61,397.61,0.24772315205221601
2010,1820,Alstahaug,Nordland,585.22,187.61,397.61,0.42702787125376163
2011,1820,Alstahaug,Nordland,585.22,187.61,397.61,0.32136890512894351
2012,1820,Alstahaug,Nordland,585.22,187.61,397.61,0.53705033804779378
2013,1820,Alstahaug,Nordland,585.22,187.61,397.61,0.34115709758597446
2014,1820,Alstahaug,Nordland,585.22,187.61,397.61,0.34188476445966032
2005,1822,Leirfjord,Nordland,596.16999999999996,465.22,130.94999999999999,0
2006,1822,Leirfjord,Nordland,596.16999999999996,465.22,130.94999999999999,0
2007,1822,Leirfjord,Nordland,596.16999999999996,465.22,130.94999999999999,0
2008,1822,Leirfjord,Nordland,596.16999999999996,465.22,130.94999999999999,0
2009,1822,Leirfjord,Nordland,596.16999999999996,465.22,130.94999999999999,0
2010,1822,Leirfjord,Nordland,596.16999999999996,465.22,130.94999999999999,0
2011,1822,Leirfjord,Nordland,596.16999999999996,465.22,130.94999999999999,0.44153586037234921
2012,1822,Leirfjord,Nordland,596.16999999999996,465.22,130.94999999999999,0.34933431354220112
2013,1822,Leirfjord,Nordland,596.16999999999996,465.22,130.94999999999999,0
2014,1822,Leirfjord,Nordland,596.16999999999996,465.22,130.94999999999999,0
2005,1824,Vefsn,Nordland,2030.3,1928.81,101.49,0.42994628548176422
2006,1824,Vefsn,Nordland,2030.3,1928.81,101.49,0.21509967558973936
2007,1824,Vefsn,Nordland,2030.3,1928.81,101.49,0.3258370865105466
2008,1824,Vefsn,Nordland,2030.3,1928.81,101.49,0.2615270093625221
2009,1824,Vefsn,Nordland,2030.3,1928.81,101.49,0.59372016944244799
2010,1824,Vefsn,Nordland,2030.3,1928.81,101.49,0.27209515634641823
2011,1824,Vefsn,Nordland,2030.3,1928.81,101.49,0.5277490835289298
2012,1824,Vefsn,Nordland,2030.3,1928.81,101.49,0.27402903681783514
2013,1824,Vefsn,Nordland,2030.3,1928.81,101.49,0.58983335536213388
2014,1824,Vefsn,Nordland,2030.3,1928.81,101.49,0.25844248093670619
2005,1827,Donna,Nordland,759.31,191.94,567.37,0.34316149815065539
2006,1827,Donna,Nordland,759.31,191.94,567.37,0.57296993904339133
2007,1827,Donna,Nordland,759.31,191.94,567.37,0.31364990012481564
2008,1827,Donna,Nordland,759.31,191.94,567.37,0.48275348691671138
2009,1827,Donna,Nordland,759.31,191.94,567.37,0.31566292560366588
2010,1827,Donna,Nordland,759.31,191.94,567.37,0.40683186240539876
2011,1827,Donna,Nordland,759.31,191.94,567.37,0.26168593305946547
2012,1827,Donna,Nordland,759.31,191.94,567.37,0.51751372783624727
2013,1827,Donna,Nordland,759.31,191.94,567.37,0.26162689160782771
2014,1827,Donna,Nordland,759.31,191.94,567.37,0.35099377927494335
2005,1828,Nesna,Nordland,402.82,183.18,219.63,0.34687332290281719
2006,1828,Nesna,Nordland,402.82,183.18,219.63,0.43832158186450593
2007,1828,Nesna,Nordland,402.82,183.18,219.63,0.32322743917389096
2008,1828,Nesna,Nordland,402.82,183.18,219.63,0.28053340915372077
2009,1828,Nesna,Nordland,402.82,183.18,219.63,0.38022915542510777
2010,1828,Nesna,Nordland,402.82,183.18,219.63,0.27175940242412178
2011,1828,Nesna,Nordland,402.82,183.18,219.63,0.41197508587249504
2012,1828,Nesna,Nordland,402.82,183.18,219.63,0.41579516742032202
2013,1828,Nesna,Nordland,402.82,183.18,219.63,0.27971568080658832
2014,1828,Nesna,Nordland,402.82,183.18,219.63,0.4507187163056306
2005,1832,Hemnes,Nordland,1653.16,1588.74,64.42,0
2006,1832,Hemnes,Nordland,1653.16,1588.74,64.42,0
2007,1832,Hemnes,Nordland,1653.16,1588.74,64.42,0
2008,1832,Hemnes,Nordland,1653.16,1588.74,64.42,0
2009,1832,Hemnes,Nordland,1653.16,1588.74,64.42,0
2010,1832,Hemnes,Nordland,1653.16,1588.74,64.42,0
2011,1832,Hemnes,Nordland,1653.16,1588.74,64.42,0
2012,1832,Hemnes,Nordland,1653.16,1588.74,64.42,0
2013,1832,Hemnes,Nordland,1653.16,1588.74,64.42,0
2014,1832,Hemnes,Nordland,1653.16,1588.74,64.42,0
2005,1833,Rana,Nordland,4588.12,4459.83,128.29,0.31212734985507068
2006,1833,Rana,Nordland,4588.12,4459.83,128.29,0.35729657802375037
2007,1833,Rana,Nordland,4588.12,4459.83,128.29,0.2979783664255739
2008,1833,Rana,Nordland,4588.12,4459.83,128.29,0.53242259072843223
2009,1833,Rana,Nordland,4588.12,4459.83,128.29,0.33532765944133336
2010,1833,Rana,Nordland,4588.12,4459.83,128.29,0.28082088827336077
2011,1833,Rana,Nordland,4588.12,4459.83,128.29,0.33758129601241799
2012,1833,Rana,Nordland,4588.12,4459.83,128.29,0.2903486766654324
2013,1833,Rana,Nordland,4588.12,4459.83,128.29,0.34057246007409697
2014,1833,Rana,Nordland,4588.12,4459.83,128.29,0.73267079705641147
2005,1834,Luroy,Nordland,1337.7,265.19,1072.51,0.22740238054059483
2006,1834,Luroy,Nordland,1337.7,265.19,1072.51,0.33347119840868983
2007,1834,Luroy,Nordland,1337.7,265.19,1072.51,0.35061229246430065
2008,1834,Luroy,Nordland,1337.7,265.19,1072.51,0.27194207781607949
2009,1834,Luroy,Nordland,1337.7,265.19,1072.51,0.35384388567715408
2010,1834,Luroy,Nordland,1337.7,265.19,1072.51,0.26221786833380034
2011,1834,Luroy,Nordland,1337.7,265.19,1072.51,0.24634666243993344
2012,1834,Luroy,Nordland,1337.7,265.19,1072.51,0.24064165848658756
2013,1834,Luroy,Nordland,1337.7,265.19,1072.51,0.28657586279122371
2014,1834,Luroy,Nordland,1337.7,265.19,1072.51,0.29865646140048935
2005,1835,Traena,Nordland,1793.81,16.510000000000002,1777.3,0.30196663366472193
2006,1835,Traena,Nordland,1793.81,16.510000000000002,1777.3,0.41685699442083651
2007,1835,Traena,Nordland,1793.81,16.510000000000002,1777.3,0.27804554178516427
2008,1835,Traena,Nordland,1793.81,16.510000000000002,1777.3,0.337488169414284
2009,1835,Traena,Nordland,1793.81,16.510000000000002,1777.3,0.29202345309371402
2010,1835,Traena,Nordland,1793.81,16.510000000000002,1777.3,0.35468678780245233
2011,1835,Traena,Nordland,1793.81,16.510000000000002,1777.3,0.29881518715322269
2012,1835,Traena,Nordland,1793.81,16.510000000000002,1777.3,0.33263629343560552
2013,1835,Traena,Nordland,1793.81,16.510000000000002,1777.3,0.32530325581402214
2014,1835,Traena,Nordland,1793.81,16.510000000000002,1777.3,0.32543013540663829
2005,1836,Rodoy,Nordland,3103.06,711.29,2391.77,0.33000407555600947
2006,1836,Rodoy,Nordland,3103.06,711.29,2391.77,0.32153888443984086
2007,1836,Rodoy,Nordland,3103.06,711.29,2391.77,0.39036923745112767
2008,1836,Rodoy,Nordland,3103.06,711.29,2391.77,0.26671918087814789
2009,1836,Rodoy,Nordland,3103.06,711.29,2391.77,0.34083626974528719
2010,1836,Rodoy,Nordland,3103.06,711.29,2391.77,0.2846626886807494
2011,1836,Rodoy,Nordland,3103.06,711.29,2391.77,0.37060725910894304
2012,1836,Rodoy,Nordland,3103.06,711.29,2391.77,0.31261496904464792
2013,1836,Rodoy,Nordland,3103.06,711.29,2391.77,0.37472884340124818
2014,1836,Rodoy,Nordland,3103.06,711.29,2391.77,0.30792148284775878
2005,1837,Meloy,Nordland,2746.28,873.82,1872.46,0.32481022222057782
2006,1837,Meloy,Nordland,2746.28,873.82,1872.46,0.39872037517378889
2007,1837,Meloy,Nordland,2746.28,873.82,1872.46,0.32624105296582567
2008,1837,Meloy,Nordland,2746.28,873.82,1872.46,0.45614434077786603
2009,1837,Meloy,Nordland,2746.28,873.82,1872.46,0.32893178671277912
2010,1837,Meloy,Nordland,2746.28,873.82,1872.46,0.33629189269570908
2011,1837,Meloy,Nordland,2746.28,873.82,1872.46,0.35926862093272899
2012,1837,Meloy,Nordland,2746.28,873.82,1872.46,0.32321885793120536
2013,1837,Meloy,Nordland,2746.28,873.82,1872.46,0.29101691780026517
2014,1837,Meloy,Nordland,2746.28,873.82,1872.46,0.31241239511952668
2005,1838,Gildeskal,Nordland,1502.25,664.65,837.6,0.32168022927919343
2006,1838,Gildeskal,Nordland,1502.25,664.65,837.6,0.29805009622376666
2007,1838,Gildeskal,Nordland,1502.25,664.65,837.6,0.29665787184340348
2008,1838,Gildeskal,Nordland,1502.25,664.65,837.6,0.26223397337312782
2009,1838,Gildeskal,Nordland,1502.25,664.65,837.6,0.28810451437524365
2010,1838,Gildeskal,Nordland,1502.25,664.65,837.6,0.26417676250268385
2011,1838,Gildeskal,Nordland,1502.25,664.65,837.6,0.26593582455874021
2012,1838,Gildeskal,Nordland,1502.25,664.65,837.6,0.29744013974118216
2013,1838,Gildeskal,Nordland,1502.25,664.65,837.6,0.25418013413885093
2014,1838,Gildeskal,Nordland,1502.25,664.65,837.6,0.28786336314912037
2005,1840,Saltdal,Nordland,2245.9299999999998,2216.17,29.77,0.27400584499615721
2006,1840,Saltdal,Nordland,2245.9299999999998,2216.17,29.77,0.26833470135758747
2007,1840,Saltdal,Nordland,2245.9299999999998,2216.17,29.77,0.47109381167690884
2008,1840,Saltdal,Nordland,2245.9299999999998,2216.17,29.77,0.28232987153611488
2009,1840,Saltdal,Nordland,2245.9299999999998,2216.17,29.77,0.40839192012479969
2010,1840,Saltdal,Nordland,2245.9299999999998,2216.17,29.77,0.20434817739280345
2011,1840,Saltdal,Nordland,2245.9299999999998,2216.17,29.77,0.21663303692669661
2012,1840,Saltdal,Nordland,2245.9299999999998,2216.17,29.77,0.36226273341644971
2013,1840,Saltdal,Nordland,2245.9299999999998,2216.17,29.77,0.16929360487082326
2014,1840,Saltdal,Nordland,2245.9299999999998,2216.17,29.77,0.10696866842169095
2005,1841,Fauske,Nordland,1293.8699999999999,1209.58,84.29,0.34860455565280024
2006,1841,Fauske,Nordland,1293.8699999999999,1209.58,84.29,0.38448089668979674
2007,1841,Fauske,Nordland,1293.8699999999999,1209.58,84.29,0.10283226028546041
2008,1841,Fauske,Nordland,1293.8699999999999,1209.58,84.29,0.39723266483868075
2009,1841,Fauske,Nordland,1293.8699999999999,1209.58,84.29,0.30859212858744123
2010,1841,Fauske,Nordland,1293.8699999999999,1209.58,84.29,0.29146057944527726
2011,1841,Fauske,Nordland,1293.8699999999999,1209.58,84.29,0.32511616491914569
2012,1841,Fauske,Nordland,1293.8699999999999,1209.58,84.29,0.29094211444110818
2013,1841,Fauske,Nordland,1293.8699999999999,1209.58,84.29,0.30371401028201334
2014,1841,Fauske,Nordland,1293.8699999999999,1209.58,84.29,0.21750386441700051
2005,1845,Sorfold,Nordland,1829.76,1637.73,192.04,0.33795578408466803
2006,1845,Sorfold,Nordland,1829.76,1637.73,192.04,0.28321296520284961
2007,1845,Sorfold,Nordland,1829.76,1637.73,192.04,0.34723745641807974
2008,1845,Sorfold,Nordland,1829.76,1637.73,192.04,0.29509241236221279
2009,1845,Sorfold,Nordland,1829.76,1637.73,192.04,0.35566421659057773
2010,1845,Sorfold,Nordland,1829.76,1637.73,192.04,0.35462712781257438
2011,1845,Sorfold,Nordland,1829.76,1637.73,192.04,0.35373489937582775
2012,1845,Sorfold,Nordland,1829.76,1637.73,192.04,0.33857803890472776
2013,1845,Sorfold,Nordland,1829.76,1637.73,192.04,0.29061849693879022
2014,1845,Sorfold,Nordland,1829.76,1637.73,192.04,0.31289858006781862
2005,1848,Steigen,Nordland,3484.49,1009.08,2475.41,0.29591966142338599
2006,1848,Steigen,Nordland,3484.49,1009.08,2475.41,0.36616092035663145
2007,1848,Steigen,Nordland,3484.49,1009.08,2475.41,0.3220382183132468
2008,1848,Steigen,Nordland,3484.49,1009.08,2475.41,0.35497256280124823
2009,1848,Steigen,Nordland,3484.49,1009.08,2475.41,0.31124364396678067
2010,1848,Steigen,Nordland,3484.49,1009.08,2475.41,0.32175863087662521
2011,1848,Steigen,Nordland,3484.49,1009.08,2475.41,0.31826239414468804
2012,1848,Steigen,Nordland,3484.49,1009.08,2475.41,0.33058685908213753
2013,1848,Steigen,Nordland,3484.49,1009.08,2475.41,0.33221288638503338
2014,1848,Steigen,Nordland,3484.49,1009.08,2475.41,0.32719549657738406
2005,1849,Hamaroy,Nordland,1562.51,1033.55,528.96,0.28905395261436967
2006,1849,Hamaroy,Nordland,1562.51,1033.55,528.96,6.2303008771615528E-2
2007,1849,Hamaroy,Nordland,1562.51,1033.55,528.96,0.35114319679507039
2008,1849,Hamaroy,Nordland,1562.51,1033.55,528.96,0.14561419460887659
2009,1849,Hamaroy,Nordland,1562.51,1033.55,528.96,0.29235064014438633
2010,1849,Hamaroy,Nordland,1562.51,1033.55,528.96,0.30301262939343809
2011,1849,Hamaroy,Nordland,1562.51,1033.55,528.96,0.46819293035142923
2012,1849,Hamaroy,Nordland,1562.51,1033.55,528.96,0.30085219047439515
2013,1849,Hamaroy,Nordland,1562.51,1033.55,528.96,0.25721883148786739
2014,1849,Hamaroy,Nordland,1562.51,1033.55,528.96,0.26365268139759773
2005,1850,Tysfjord,Nordland,1928.93,1463.63,465.3,8.1608719677857183E-2
2006,1850,Tysfjord,Nordland,1928.93,1463.63,465.3,0.31027346948593321
2007,1850,Tysfjord,Nordland,1928.93,1463.63,465.3,0.37929972941894174
2008,1850,Tysfjord,Nordland,1928.93,1463.63,465.3,0.30750331065633291
2009,1850,Tysfjord,Nordland,1928.93,1463.63,465.3,0.29025184200571252
2010,1850,Tysfjord,Nordland,1928.93,1463.63,465.3,0.2301812967665994
2011,1850,Tysfjord,Nordland,1928.93,1463.63,465.3,0.25513525984326535
2012,1850,Tysfjord,Nordland,1928.93,1463.63,465.3,0.27639656278166996
2013,1850,Tysfjord,Nordland,1928.93,1463.63,465.3,0.33539182825100256
2014,1850,Tysfjord,Nordland,1928.93,1463.63,465.3,0.28981354999957282
2005,1851,Lodingen,Nordland,1043.95,527.49,516.46,0.24581277890632625
2006,1851,Lodingen,Nordland,1043.95,527.49,516.46,0.32125218837551284
2007,1851,Lodingen,Nordland,1043.95,527.49,516.46,0.49974356944583959
2008,1851,Lodingen,Nordland,1043.95,527.49,516.46,0.28262091092835379
2009,1851,Lodingen,Nordland,1043.95,527.49,516.46,0.34321075591857225
2010,1851,Lodingen,Nordland,1043.95,527.49,516.46,0.25507839099192214
2011,1851,Lodingen,Nordland,1043.95,527.49,516.46,0.57800960789555789
2012,1851,Lodingen,Nordland,1043.95,527.49,516.46,0.26785406169149645
2013,1851,Lodingen,Nordland,1043.95,527.49,516.46,0.38923218139469745
2014,1851,Lodingen,Nordland,1043.95,527.49,516.46,0.30984413546212142
2005,1852,Tjeldsund,Nordland,444.83,319.27,125.56,0
2006,1852,Tjeldsund,Nordland,444.83,319.27,125.56,0
2007,1852,Tjeldsund,Nordland,444.83,319.27,125.56,0
2008,1852,Tjeldsund,Nordland,444.83,319.27,125.56,0
2009,1852,Tjeldsund,Nordland,444.83,319.27,125.56,0
2010,1852,Tjeldsund,Nordland,444.83,319.27,125.56,0
2011,1852,Tjeldsund,Nordland,444.83,319.27,125.56,0
2012,1852,Tjeldsund,Nordland,444.83,319.27,125.56,0
2013,1852,Tjeldsund,Nordland,444.83,319.27,125.56,0
2014,1852,Tjeldsund,Nordland,444.83,319.27,125.56,0
2005,1853,Evenes,Nordland,390.34,252.78,137.56,0
2006,1853,Evenes,Nordland,390.34,252.78,137.56,0
2007,1853,Evenes,Nordland,390.34,252.78,137.56,0
2008,1853,Evenes,Nordland,390.34,252.78,137.56,0
2009,1853,Evenes,Nordland,390.34,252.78,137.56,0
2010,1853,Evenes,Nordland,390.34,252.78,137.56,0
2011,1853,Evenes,Nordland,390.34,252.78,137.56,0
2012,1853,Evenes,Nordland,390.34,252.78,137.56,0
2013,1853,Evenes,Nordland,390.34,252.78,137.56,0
2014,1853,Evenes,Nordland,390.34,252.78,137.56,0
2005,1854,Ballangen,Nordland,1193.1300000000001,932.2,260.93,0.33361608252952912
2006,1854,Ballangen,Nordland,1193.1300000000001,932.2,260.93,0.27629350806735459
2007,1854,Ballangen,Nordland,1193.1300000000001,932.2,260.93,0.41923339629322198
2008,1854,Ballangen,Nordland,1193.1300000000001,932.2,260.93,0.2857536062789735
2009,1854,Ballangen,Nordland,1193.1300000000001,932.2,260.93,0.30643222933153924
2010,1854,Ballangen,Nordland,1193.1300000000001,932.2,260.93,0.30484748095804709
2011,1854,Ballangen,Nordland,1193.1300000000001,932.2,260.93,0.26593042497434149
2012,1854,Ballangen,Nordland,1193.1300000000001,932.2,260.93,0.44145438645915569
2013,1854,Ballangen,Nordland,1193.1300000000001,932.2,260.93,0.31030799160801614
2014,1854,Ballangen,Nordland,1193.1300000000001,932.2,260.93,0.28538950822979048
2005,1856,Rost,Nordland,3371.4,10.130000000000001,3361.27,0
2006,1856,Rost,Nordland,3371.4,10.130000000000001,3361.27,0
2007,1856,Rost,Nordland,3371.4,10.130000000000001,3361.27,0
2008,1856,Rost,Nordland,3371.4,10.130000000000001,3361.27,0
2009,1856,Rost,Nordland,3371.4,10.130000000000001,3361.27,0
2010,1856,Rost,Nordland,3371.4,10.130000000000001,3361.27,0
2011,1856,Rost,Nordland,3371.4,10.130000000000001,3361.27,0
2012,1856,Rost,Nordland,3371.4,10.130000000000001,3361.27,0
2013,1856,Rost,Nordland,3371.4,10.130000000000001,3361.27,0
2014,1856,Rost,Nordland,3371.4,10.130000000000001,3361.27,0
2005,1857,Vaeroy,Nordland,1824.15,18.64,1805.51,0
2006,1857,Vaeroy,Nordland,1824.15,18.64,1805.51,0
2007,1857,Vaeroy,Nordland,1824.15,18.64,1805.51,0
2008,1857,Vaeroy,Nordland,1824.15,18.64,1805.51,0
2009,1857,Vaeroy,Nordland,1824.15,18.64,1805.51,0
2010,1857,Vaeroy,Nordland,1824.15,18.64,1805.51,0
2011,1857,Vaeroy,Nordland,1824.15,18.64,1805.51,0
2012,1857,Vaeroy,Nordland,1824.15,18.64,1805.51,0
2013,1857,Vaeroy,Nordland,1824.15,18.64,1805.51,0
2014,1857,Vaeroy,Nordland,1824.15,18.64,1805.51,0
2005,1859,Flakstad,Nordland,1172.3900000000001,178.39,994.01,0.23009823295858239
2006,1859,Flakstad,Nordland,1172.3900000000001,178.39,994.01,0.31326313371609188
2007,1859,Flakstad,Nordland,1172.3900000000001,178.39,994.01,0.36100416955655035
2008,1859,Flakstad,Nordland,1172.3900000000001,178.39,994.01,0.21142668411702845
2009,1859,Flakstad,Nordland,1172.3900000000001,178.39,994.01,0.45227427417887939
2010,1859,Flakstad,Nordland,1172.3900000000001,178.39,994.01,0.25789587017545734
2011,1859,Flakstad,Nordland,1172.3900000000001,178.39,994.01,0.30832346104882369
2012,1859,Flakstad,Nordland,1172.3900000000001,178.39,994.01,0.32220485847956354
2013,1859,Flakstad,Nordland,1172.3900000000001,178.39,994.01,0.37235135855812201
2014,1859,Flakstad,Nordland,1172.3900000000001,178.39,994.01,0.30505678314248297
2005,1860,Vestvagoy,Nordland,2109.64,424.63,1685.01,0.37230609105794576
2006,1860,Vestvagoy,Nordland,2109.64,424.63,1685.01,0.192194038756372
2007,1860,Vestvagoy,Nordland,2109.64,424.63,1685.01,0.2268123043411949
2008,1860,Vestvagoy,Nordland,2109.64,424.63,1685.01,0.37952729772824001
2009,1860,Vestvagoy,Nordland,2109.64,424.63,1685.01,0.36331445212412089
2010,1860,Vestvagoy,Nordland,2109.64,424.63,1685.01,0.38038915370460746
2011,1860,Vestvagoy,Nordland,2109.64,424.63,1685.01,0.35063215297570199
2012,1860,Vestvagoy,Nordland,2109.64,424.63,1685.01,0.35416822517304486
2013,1860,Vestvagoy,Nordland,2109.64,424.63,1685.01,0.30983580752991113
2014,1860,Vestvagoy,Nordland,2109.64,424.63,1685.01,0.33164970398650406
2005,1865,Vagan,Nordland,2087.48,479.13,1608.35,0.23975565402338395
2006,1865,Vagan,Nordland,2087.48,479.13,1608.35,0.32221898191231946
2007,1865,Vagan,Nordland,2087.48,479.13,1608.35,0.26555122439996348
2008,1865,Vagan,Nordland,2087.48,479.13,1608.35,0.27494183516107829
2009,1865,Vagan,Nordland,2087.48,479.13,1608.35,0.33649711356643186
2010,1865,Vagan,Nordland,2087.48,479.13,1608.35,0.30049380187530544
2011,1865,Vagan,Nordland,2087.48,479.13,1608.35,0.26588694768323207
2012,1865,Vagan,Nordland,2087.48,479.13,1608.35,0.2682770260976155
2013,1865,Vagan,Nordland,2087.48,479.13,1608.35,0.31757356434710321
2014,1865,Vagan,Nordland,2087.48,479.13,1608.35,0.2617081076076172
2005,1866,Hadsel,Nordland,1184.42,566.54999999999995,617.87,0.30451534285766541
2006,1866,Hadsel,Nordland,1184.42,566.54999999999995,617.87,0.3216215538282709
2007,1866,Hadsel,Nordland,1184.42,566.54999999999995,617.87,0.28714858407808513
2008,1866,Hadsel,Nordland,1184.42,566.54999999999995,617.87,0.39013508662222157
2009,1866,Hadsel,Nordland,1184.42,566.54999999999995,617.87,0.30964716610517323
2010,1866,Hadsel,Nordland,1184.42,566.54999999999995,617.87,0.3904793455586561
2011,1866,Hadsel,Nordland,1184.42,566.54999999999995,617.87,0.25456724606996334
2012,1866,Hadsel,Nordland,1184.42,566.54999999999995,617.87,0.34527110187945159
2013,1866,Hadsel,Nordland,1184.42,566.54999999999995,617.87,0.28113802572564045
2014,1866,Hadsel,Nordland,1184.42,566.54999999999995,617.87,0.28923045724425922
2005,1867,Bo,Nordland,1825.74,246.67,1579.07,0.40516503708586549
2006,1867,Bo,Nordland,1825.74,246.67,1579.07,0.30708432284551557
2007,1867,Bo,Nordland,1825.74,246.67,1579.07,0.33666515567504696
2008,1867,Bo,Nordland,1825.74,246.67,1579.07,0.27396093058496718
2009,1867,Bo,Nordland,1825.74,246.67,1579.07,0.23254434441765098
2010,1867,Bo,Nordland,1825.74,246.67,1579.07,0.23092983323683455
2011,1867,Bo,Nordland,1825.74,246.67,1579.07,0.24854251188142781
2012,1867,Bo,Nordland,1825.74,246.67,1579.07,0.26283259216744015
2013,1867,Bo,Nordland,1825.74,246.67,1579.07,0.29262898347579475
2014,1867,Bo,Nordland,1825.74,246.67,1579.07,0.34585007564051273
2005,1868,Oksnes,Nordland,1815.18,319.5,1495.68,0.30480679419751289
2006,1868,Oksnes,Nordland,1815.18,319.5,1495.68,0.25303180103678496
2007,1868,Oksnes,Nordland,1815.18,319.5,1495.68,0.23517923921880582
2008,1868,Oksnes,Nordland,1815.18,319.5,1495.68,0.30544704185023858
2009,1868,Oksnes,Nordland,1815.18,319.5,1495.68,0.31949515496067132
2010,1868,Oksnes,Nordland,1815.18,319.5,1495.68,0.29778528005534277
2011,1868,Oksnes,Nordland,1815.18,319.5,1495.68,0.27355909903164394
2012,1868,Oksnes,Nordland,1815.18,319.5,1495.68,0.26893492912599737
2013,1868,Oksnes,Nordland,1815.18,319.5,1495.68,0.28539913892790636
2014,1868,Oksnes,Nordland,1815.18,319.5,1495.68,0.25489342540120552
2005,1870,Sortland,Nordland,1093.04,721.91,371.13,0.2626035986083417
2006,1870,Sortland,Nordland,1093.04,721.91,371.13,0.30439233252832809
2007,1870,Sortland,Nordland,1093.04,721.91,371.13,0.31509443049793701
2008,1870,Sortland,Nordland,1093.04,721.91,371.13,0.36136837364552893
2009,1870,Sortland,Nordland,1093.04,721.91,371.13,0.29325591321674438
2010,1870,Sortland,Nordland,1093.04,721.91,371.13,0.39684110758215407
2011,1870,Sortland,Nordland,1093.04,721.91,371.13,0.29998230243333784
2012,1870,Sortland,Nordland,1093.04,721.91,371.13,0.30925779066776093
2013,1870,Sortland,Nordland,1093.04,721.91,371.13,0.31961061031507337
2014,1870,Sortland,Nordland,1093.04,721.91,371.13,0.3496470569494966
2005,1871,Andoy,Nordland,2793.08,656.12,2136.96,0
2006,1871,Andoy,Nordland,2793.08,656.12,2136.96,0
2007,1871,Andoy,Nordland,2793.08,656.12,2136.96,0
2008,1871,Andoy,Nordland,2793.08,656.12,2136.96,0
2009,1871,Andoy,Nordland,2793.08,656.12,2136.96,0
2010,1871,Andoy,Nordland,2793.08,656.12,2136.96,0
2011,1871,Andoy,Nordland,2793.08,656.12,2136.96,0
2012,1871,Andoy,Nordland,2793.08,656.12,2136.96,0
2013,1871,Andoy,Nordland,2793.08,656.12,2136.96,0
2014,1871,Andoy,Nordland,2793.08,656.12,2136.96,0
2005,1874,Moskenes,Nordland,1592.45,118.61,1473.84,0
2006,1874,Moskenes,Nordland,1592.45,118.61,1473.84,0
2007,1874,Moskenes,Nordland,1592.45,118.61,1473.84,0
2008,1874,Moskenes,Nordland,1592.45,118.61,1473.84,0
2009,1874,Moskenes,Nordland,1592.45,118.61,1473.84,0
2010,1874,Moskenes,Nordland,1592.45,118.61,1473.84,0
2011,1874,Moskenes,Nordland,1592.45,118.61,1473.84,0
2012,1874,Moskenes,Nordland,1592.45,118.61,1473.84,0
2013,1874,Moskenes,Nordland,1592.45,118.61,1473.84,0
2014,1874,Moskenes,Nordland,1592.45,118.61,1473.84,0.35061218697655955
2005,1902,Tromso,Troms,5287.93,2520.6,2767.33,0.29411738105641733
2006,1902,Tromso,Troms,5287.93,2520.6,2767.33,0.27438810680963988
2007,1902,Tromso,Troms,5287.93,2520.6,2767.33,0.32960870741033876
2008,1902,Tromso,Troms,5287.93,2520.6,2767.33,0.35150932550178238
2009,1902,Tromso,Troms,5287.93,2520.6,2767.33,0.3153884906503151
2010,1902,Tromso,Troms,5287.93,2520.6,2767.33,0.31075635931318418
2011,1902,Tromso,Troms,5287.93,2520.6,2767.33,0.32062116256257722
2012,1902,Tromso,Troms,5287.93,2520.6,2767.33,0.35369522108265838
2013,1902,Tromso,Troms,5287.93,2520.6,2767.33,0.30051268272174564
2014,1902,Tromso,Troms,5287.93,2520.6,2767.33,0.37446782673627033
2005,1903,Harstad,Troms,1520.39,445.14,1075.25,0.30057176519976836
2006,1903,Harstad,Troms,1520.39,445.14,1075.25,0.21201370719733198
2007,1903,Harstad,Troms,1520.39,445.14,1075.25,0.2520680539222549
2008,1903,Harstad,Troms,1520.39,445.14,1075.25,0.26678747216674148
2009,1903,Harstad,Troms,1520.39,445.14,1075.25,0.33113676486794213
2010,1903,Harstad,Troms,1520.39,445.14,1075.25,0.27924403137406972
2011,1903,Harstad,Troms,1520.39,445.14,1075.25,0.31277072749589535
2012,1903,Harstad,Troms,1520.39,445.14,1075.25,0.33902091992704952
2013,1903,Harstad,Troms,1520.39,445.14,1075.25,0.31324314310344104
2014,1903,Harstad,Troms,1520.39,445.14,1075.25,0.29572667058351843
2005,1911,Kvaefjord,Troms,701.58,512.54999999999995,189.03,0.2642529775734978
2006,1911,Kvaefjord,Troms,701.58,512.54999999999995,189.03,0.29006990399596744
2007,1911,Kvaefjord,Troms,701.58,512.54999999999995,189.03,0.2465084786373363
2008,1911,Kvaefjord,Troms,701.58,512.54999999999995,189.03,0.25243519664896319
2009,1911,Kvaefjord,Troms,701.58,512.54999999999995,189.03,0.27828309163952236
2010,1911,Kvaefjord,Troms,701.58,512.54999999999995,189.03,0.32146969953454924
2011,1911,Kvaefjord,Troms,701.58,512.54999999999995,189.03,0.22840123438090695
2012,1911,Kvaefjord,Troms,701.58,512.54999999999995,189.03,0.27119185835535209
2013,1911,Kvaefjord,Troms,701.58,512.54999999999995,189.03,0.41642039854583018
2014,1911,Kvaefjord,Troms,701.58,512.54999999999995,189.03,0.31527130312405915
2005,1913,Skanland,Troms,580.75,495,85.75,0.43550336616060048
2006,1913,Skanland,Troms,580.75,495,85.75,0.27326636698569196
2007,1913,Skanland,Troms,580.75,495,85.75,0.3676576730250215
2008,1913,Skanland,Troms,580.75,495,85.75,0.24582081124554286
2009,1913,Skanland,Troms,580.75,495,85.75,0.36016837673360974
2010,1913,Skanland,Troms,580.75,495,85.75,0.26974012649042561
2011,1913,Skanland,Troms,580.75,495,85.75,0.49071235742043445
2012,1913,Skanland,Troms,580.75,495,85.75,0.30624843783275008
2013,1913,Skanland,Troms,580.75,495,85.75,0.28693948784616857
2014,1913,Skanland,Troms,580.75,495,85.75,0.45928391962059573
2005,1917,Ibestad,Troms,592.72,241.06,351.66,0.32002085684684234
2006,1917,Ibestad,Troms,592.72,241.06,351.66,0.37329341808502686
2007,1917,Ibestad,Troms,592.72,241.06,351.66,0.38609570983867342
2008,1917,Ibestad,Troms,592.72,241.06,351.66,0.31004093657089288
2009,1917,Ibestad,Troms,592.72,241.06,351.66,0.27216951963878028
2010,1917,Ibestad,Troms,592.72,241.06,351.66,0.37895711399597415
2011,1917,Ibestad,Troms,592.72,241.06,351.66,0.32050862651904771
2012,1917,Ibestad,Troms,592.72,241.06,351.66,0.3507231596996665
2013,1917,Ibestad,Troms,592.72,241.06,351.66,0.3197500691401956
2014,1917,Ibestad,Troms,592.72,241.06,351.66,0.3026443564048662
2005,1919,Gratangen,Troms,374.67,312.74,61.93,0.22658336174110866
2006,1919,Gratangen,Troms,374.67,312.74,61.93,9.4457070269192644E-2
2007,1919,Gratangen,Troms,374.67,312.74,61.93,0.14621444958211632
2008,1919,Gratangen,Troms,374.67,312.74,61.93,0
2009,1919,Gratangen,Troms,374.67,312.74,61.93,0.39238907738675183
2010,1919,Gratangen,Troms,374.67,312.74,61.93,0.27063117708623946
2011,1919,Gratangen,Troms,374.67,312.74,61.93,0
2012,1919,Gratangen,Troms,374.67,312.74,61.93,0
2013,1919,Gratangen,Troms,374.67,312.74,61.93,1.6682825544964985
2014,1919,Gratangen,Troms,374.67,312.74,61.93,0.45999928470227269
2005,1920,Lavangen,Troms,324.56,301.63,22.93,0.35037355751854454
2006,1920,Lavangen,Troms,324.56,301.63,22.93,0.28245638776206317
2007,1920,Lavangen,Troms,324.56,301.63,22.93,0
2008,1920,Lavangen,Troms,324.56,301.63,22.93,0.38203176525758931
2009,1920,Lavangen,Troms,324.56,301.63,22.93,0.31383737909723364
2010,1920,Lavangen,Troms,324.56,301.63,22.93,0.54202356326348
2011,1920,Lavangen,Troms,324.56,301.63,22.93,0.19845916061837929
2012,1920,Lavangen,Troms,324.56,301.63,22.93,0.4298742342940633
2013,1920,Lavangen,Troms,324.56,301.63,22.93,0.14603811086447566
2014,1920,Lavangen,Troms,324.56,301.63,22.93,0
2005,1923,Salangen,Troms,521.55999999999995,457.96,63.61,0.50555607329705454
2006,1923,Salangen,Troms,521.55999999999995,457.96,63.61,0.15244766119233827
2007,1923,Salangen,Troms,521.55999999999995,457.96,63.61,0
2008,1923,Salangen,Troms,521.55999999999995,457.96,63.61,0
2009,1923,Salangen,Troms,521.55999999999995,457.96,63.61,0.39769610519534099
2010,1923,Salangen,Troms,521.55999999999995,457.96,63.61,0.13781042741987176
2011,1923,Salangen,Troms,521.55999999999995,457.96,63.61,102.14863654347553
2012,1923,Salangen,Troms,521.55999999999995,457.96,63.61,0.71570755690052501
2013,1923,Salangen,Troms,521.55999999999995,457.96,63.61,1.4527271473624337
2014,1923,Salangen,Troms,521.55999999999995,457.96,63.61,1.1344681917059891
2005,1924,Malselv,Troms,3356.41,3322.09,34.32,0
2006,1924,Malselv,Troms,3356.41,3322.09,34.32,0
2007,1924,Malselv,Troms,3356.41,3322.09,34.32,0
2008,1924,Malselv,Troms,3356.41,3322.09,34.32,0
2009,1924,Malselv,Troms,3356.41,3322.09,34.32,0
2010,1924,Malselv,Troms,3356.41,3322.09,34.32,0
2011,1924,Malselv,Troms,3356.41,3322.09,34.32,0
2012,1924,Malselv,Troms,3356.41,3322.09,34.32,0
2013,1924,Malselv,Troms,3356.41,3322.09,34.32,0
2014,1924,Malselv,Troms,3356.41,3322.09,34.32,0
2005,1925,Sorreisa,Troms,391.03,361.16,29.87,0
2006,1925,Sorreisa,Troms,391.03,361.16,29.87,0
2007,1925,Sorreisa,Troms,391.03,361.16,29.87,0
2008,1925,Sorreisa,Troms,391.03,361.16,29.87,0
2009,1925,Sorreisa,Troms,391.03,361.16,29.87,0
2010,1925,Sorreisa,Troms,391.03,361.16,29.87,0
2011,1925,Sorreisa,Troms,391.03,361.16,29.87,0.28425051186354405
2012,1925,Sorreisa,Troms,391.03,361.16,29.87,0.18338091839623494
2013,1925,Sorreisa,Troms,391.03,361.16,29.87,0.25621851076268559
2014,1925,Sorreisa,Troms,391.03,361.16,29.87,0
2005,1926,Dyroy,Troms,469.75,288.54000000000002,181.21,0.20800096472739096
2006,1926,Dyroy,Troms,469.75,288.54000000000002,181.21,0.3651042802929359
2007,1926,Dyroy,Troms,469.75,288.54000000000002,181.21,0.30235574492859951
2008,1926,Dyroy,Troms,469.75,288.54000000000002,181.21,0.38068047964944562
2009,1926,Dyroy,Troms,469.75,288.54000000000002,181.21,0.47989641712292669
2010,1926,Dyroy,Troms,469.75,288.54000000000002,181.21,0.39043356600740298
2011,1926,Dyroy,Troms,469.75,288.54000000000002,181.21,0.40513208432465053
2012,1926,Dyroy,Troms,469.75,288.54000000000002,181.21,0.28117729183430112
2013,1926,Dyroy,Troms,469.75,288.54000000000002,181.21,0.40225089005579562
2014,1926,Dyroy,Troms,469.75,288.54000000000002,181.21,0.31327134406308793
2005,1927,Tranoy,Troms,938.43,523.87,414.56,0.32680047718657818
2006,1927,Tranoy,Troms,938.43,523.87,414.56,0.342918445365469
2007,1927,Tranoy,Troms,938.43,523.87,414.56,0.29678714301447229
2008,1927,Tranoy,Troms,938.43,523.87,414.56,0.25291968098533202
2009,1927,Tranoy,Troms,938.43,523.87,414.56,0.30915586141415263
2010,1927,Tranoy,Troms,938.43,523.87,414.56,0.20607252568882872
2011,1927,Tranoy,Troms,938.43,523.87,414.56,0.27715291831962219
2012,1927,Tranoy,Troms,938.43,523.87,414.56,0.3004265734385167
2013,1927,Tranoy,Troms,938.43,523.87,414.56,0.28483896607637288
2014,1927,Tranoy,Troms,938.43,523.87,414.56,0.30676761080337339
2005,1928,Torsken,Troms,1076.0999999999999,243.42,832.68,0.30982191614964727
2006,1928,Torsken,Troms,1076.0999999999999,243.42,832.68,0.41317358247225472
2007,1928,Torsken,Troms,1076.0999999999999,243.42,832.68,0.39230511692796194
2008,1928,Torsken,Troms,1076.0999999999999,243.42,832.68,0.50302554519039022
2009,1928,Torsken,Troms,1076.0999999999999,243.42,832.68,0.39460621609187924
2010,1928,Torsken,Troms,1076.0999999999999,243.42,832.68,0.3796267220304107
2011,1928,Torsken,Troms,1076.0999999999999,243.42,832.68,0.38811636758216145
2012,1928,Torsken,Troms,1076.0999999999999,243.42,832.68,0.49356276536577876
2013,1928,Torsken,Troms,1076.0999999999999,243.42,832.68,0.36442254665768103
2014,1928,Torsken,Troms,1076.0999999999999,243.42,832.68,0.34382078286356982
2005,1929,Berg,Troms,1130.55,293.89,836.66,0.27273911546064378
2006,1929,Berg,Troms,1130.55,293.89,836.66,0.17370026315536785
2007,1929,Berg,Troms,1130.55,293.89,836.66,0.2296761903446066
2008,1929,Berg,Troms,1130.55,293.89,836.66,0
2009,1929,Berg,Troms,1130.55,293.89,836.66,0.16783816957384146
2010,1929,Berg,Troms,1130.55,293.89,836.66,0.30516664365433077
2011,1929,Berg,Troms,1130.55,293.89,836.66,0.2049980692736024
2012,1929,Berg,Troms,1130.55,293.89,836.66,7.7506887575297931E-2
2013,1929,Berg,Troms,1130.55,293.89,836.66,0.21150355168783216
2014,1929,Berg,Troms,1130.55,293.89,836.66,0.54197686928001498
2005,1931,Lenvik,Troms,1586.68,883.73,702.95,0.32833607540137433
2006,1931,Lenvik,Troms,1586.68,883.73,702.95,0.55266879321553508
2007,1931,Lenvik,Troms,1586.68,883.73,702.95,0.64727974039023395
2008,1931,Lenvik,Troms,1586.68,883.73,702.95,0.46223553574864074
2009,1931,Lenvik,Troms,1586.68,883.73,702.95,0.35283300250458272
2010,1931,Lenvik,Troms,1586.68,883.73,702.95,0.26258362550932995
2011,1931,Lenvik,Troms,1586.68,883.73,702.95,0.28763376973745741
2012,1931,Lenvik,Troms,1586.68,883.73,702.95,0.38824572879996982
2013,1931,Lenvik,Troms,1586.68,883.73,702.95,0.29659874651515672
2014,1931,Lenvik,Troms,1586.68,883.73,702.95,0.28806164494967057
2005,1933,Balsfjord,Troms,1741.71,1496.9,244.81,0
2006,1933,Balsfjord,Troms,1741.71,1496.9,244.81,0
2007,1933,Balsfjord,Troms,1741.71,1496.9,244.81,0
2008,1933,Balsfjord,Troms,1741.71,1496.9,244.81,0
2009,1933,Balsfjord,Troms,1741.71,1496.9,244.81,0
2010,1933,Balsfjord,Troms,1741.71,1496.9,244.81,0
2011,1933,Balsfjord,Troms,1741.71,1496.9,244.81,0
2012,1933,Balsfjord,Troms,1741.71,1496.9,244.81,0
2013,1933,Balsfjord,Troms,1741.71,1496.9,244.81,0
2014,1933,Balsfjord,Troms,1741.71,1496.9,244.81,0
2005,1936,Karlsoy,Troms,5888.34,1091.5899999999999,4796.75,0.2136781816670783
2006,1936,Karlsoy,Troms,5888.34,1091.5899999999999,4796.75,0.29435499563708878
2007,1936,Karlsoy,Troms,5888.34,1091.5899999999999,4796.75,0.27213206022166253
2008,1936,Karlsoy,Troms,5888.34,1091.5899999999999,4796.75,0.25408096486238568
2009,1936,Karlsoy,Troms,5888.34,1091.5899999999999,4796.75,0.29021263696559546
2010,1936,Karlsoy,Troms,5888.34,1091.5899999999999,4796.75,0.29576463563143418
2011,1936,Karlsoy,Troms,5888.34,1091.5899999999999,4796.75,0.26836464129501059
2012,1936,Karlsoy,Troms,5888.34,1091.5899999999999,4796.75,0.27545097013106029
2013,1936,Karlsoy,Troms,5888.34,1091.5899999999999,4796.75,0.28626083662486929
2014,1936,Karlsoy,Troms,5888.34,1091.5899999999999,4796.75,0.27429122639675058
2005,1938,Lyngen,Troms,1299.6400000000001,812.56,487.07,0.50578842640709576
2006,1938,Lyngen,Troms,1299.6400000000001,812.56,487.07,0.30212589154703134
2007,1938,Lyngen,Troms,1299.6400000000001,812.56,487.07,0.23302884254439085
2008,1938,Lyngen,Troms,1299.6400000000001,812.56,487.07,0.58966614919620974
2009,1938,Lyngen,Troms,1299.6400000000001,812.56,487.07,0.29513686328776162
2010,1938,Lyngen,Troms,1299.6400000000001,812.56,487.07,0.2399555836574252
2011,1938,Lyngen,Troms,1299.6400000000001,812.56,487.07,0.29185451347414038
2012,1938,Lyngen,Troms,1299.6400000000001,812.56,487.07,0.30765897451545382
2013,1938,Lyngen,Troms,1299.6400000000001,812.56,487.07,0.27056450351191685
2014,1938,Lyngen,Troms,1299.6400000000001,812.56,487.07,0.56387920895407839
2005,1939,Storfjord,Troms,1605.43,1542.83,62.6,0
2006,1939,Storfjord,Troms,1605.43,1542.83,62.6,0
2007,1939,Storfjord,Troms,1605.43,1542.83,62.6,0
2008,1939,Storfjord,Troms,1605.43,1542.83,62.6,0
2009,1939,Storfjord,Troms,1605.43,1542.83,62.6,0
2010,1939,Storfjord,Troms,1605.43,1542.83,62.6,0
2011,1939,Storfjord,Troms,1605.43,1542.83,62.6,0
2012,1939,Storfjord,Troms,1605.43,1542.83,62.6,0
2013,1939,Storfjord,Troms,1605.43,1542.83,62.6,0
2014,1939,Storfjord,Troms,1605.43,1542.83,62.6,0
2005,1940,Kafjord,Troms,1115.3499999999999,991.18,124.17,0.16981615616633539
2006,1940,Kafjord,Troms,1115.3499999999999,991.18,124.17,0.34177555631044626
2007,1940,Kafjord,Troms,1115.3499999999999,991.18,124.17,0.29878141611572973
2008,1940,Kafjord,Troms,1115.3499999999999,991.18,124.17,0.38926531820551241
2009,1940,Kafjord,Troms,1115.3499999999999,991.18,124.17,0.27108837147763742
2010,1940,Kafjord,Troms,1115.3499999999999,991.18,124.17,0
2011,1940,Kafjord,Troms,1115.3499999999999,991.18,124.17,0.35429181407142646
2012,1940,Kafjord,Troms,1115.3499999999999,991.18,124.17,0.30638720999020097
2013,1940,Kafjord,Troms,1115.3499999999999,991.18,124.17,0.50633606455715374
2014,1940,Kafjord,Troms,1115.3499999999999,991.18,124.17,0.21918508999717209
2005,1941,Skjervoy,Troms,1561.7,473.7,1088,0.46800868249806715
2006,1941,Skjervoy,Troms,1561.7,473.7,1088,0.29916937053470449
2007,1941,Skjervoy,Troms,1561.7,473.7,1088,0.37798155540449391
2008,1941,Skjervoy,Troms,1561.7,473.7,1088,0.30255161014276166
2009,1941,Skjervoy,Troms,1561.7,473.7,1088,0.3976718234759829
2010,1941,Skjervoy,Troms,1561.7,473.7,1088,0.3230192442735631
2011,1941,Skjervoy,Troms,1561.7,473.7,1088,0.36514533870390309
2012,1941,Skjervoy,Troms,1561.7,473.7,1088,0.34402104366403485
2013,1941,Skjervoy,Troms,1561.7,473.7,1088,0.35716749260669156
2014,1941,Skjervoy,Troms,1561.7,473.7,1088,0.36125985171830305
2005,1942,Nordreisa,Troms,3681.17,3437.45,243.72,0.26219669970924381
2006,1942,Nordreisa,Troms,3681.17,3437.45,243.72,0.31149828060559775
2007,1942,Nordreisa,Troms,3681.17,3437.45,243.72,0.37512428777711793
2008,1942,Nordreisa,Troms,3681.17,3437.45,243.72,0.29291067890768752
2009,1942,Nordreisa,Troms,3681.17,3437.45,243.72,0.34885493820579366
2010,1942,Nordreisa,Troms,3681.17,3437.45,243.72,0.30502149065864526
2011,1942,Nordreisa,Troms,3681.17,3437.45,243.72,0.38946057034564346
2012,1942,Nordreisa,Troms,3681.17,3437.45,243.72,0.3164735244640568
2013,1942,Nordreisa,Troms,3681.17,3437.45,243.72,0.25830685121549818
2014,1942,Nordreisa,Troms,3681.17,3437.45,243.72,0.34411615442016052
2005,1943,Kvaenangen,Troms,2682.48,2109.4699999999998,573.01,0.35011146137108978
2006,1943,Kvaenangen,Troms,2682.48,2109.4699999999998,573.01,0.25239005665371234
2007,1943,Kvaenangen,Troms,2682.48,2109.4699999999998,573.01,0.35097255200144917
2008,1943,Kvaenangen,Troms,2682.48,2109.4699999999998,573.01,0.3230311860881061
2009,1943,Kvaenangen,Troms,2682.48,2109.4699999999998,573.01,0.31284518372817083
2010,1943,Kvaenangen,Troms,2682.48,2109.4699999999998,573.01,0.3249375278920465
2011,1943,Kvaenangen,Troms,2682.48,2109.4699999999998,573.01,0.34299313231931305
2012,1943,Kvaenangen,Troms,2682.48,2109.4699999999998,573.01,0.30129657753914579
2013,1943,Kvaenangen,Troms,2682.48,2109.4699999999998,573.01,0.3545896264054928
2014,1943,Kvaenangen,Troms,2682.48,2109.4699999999998,573.01,0.50160881528163748
2005,2002,Vardo,Finnmark,2487.5300000000002,600.62,1886.91,0
2006,2002,Vardo,Finnmark,2487.5300000000002,600.62,1886.91,0
2007,2002,Vardo,Finnmark,2487.5300000000002,600.62,1886.91,0
2008,2002,Vardo,Finnmark,2487.5300000000002,600.62,1886.91,0
2009,2002,Vardo,Finnmark,2487.5300000000002,600.62,1886.91,0
2010,2002,Vardo,Finnmark,2487.5300000000002,600.62,1886.91,0
2011,2002,Vardo,Finnmark,2487.5300000000002,600.62,1886.91,0
2012,2002,Vardo,Finnmark,2487.5300000000002,600.62,1886.91,0
2013,2002,Vardo,Finnmark,2487.5300000000002,600.62,1886.91,0
2014,2002,Vardo,Finnmark,2487.5300000000002,600.62,1886.91,0
2005,2003,Vadso,Finnmark,1962.98,1257.6500000000001,705.34,0
2006,2003,Vadso,Finnmark,1962.98,1257.6500000000001,705.34,0
2007,2003,Vadso,Finnmark,1962.98,1257.6500000000001,705.34,0
2008,2003,Vadso,Finnmark,1962.98,1257.6500000000001,705.34,0
2009,2003,Vadso,Finnmark,1962.98,1257.6500000000001,705.34,0
2010,2003,Vadso,Finnmark,1962.98,1257.6500000000001,705.34,0
2011,2003,Vadso,Finnmark,1962.98,1257.6500000000001,705.34,0
2012,2003,Vadso,Finnmark,1962.98,1257.6500000000001,705.34,0
2013,2003,Vadso,Finnmark,1962.98,1257.6500000000001,705.34,0
2014,2003,Vadso,Finnmark,1962.98,1257.6500000000001,705.34,0
2005,2004,Hammerfest,Finnmark,3227.78,848.2,2379.58,0.25891274614135174
2006,2004,Hammerfest,Finnmark,3227.78,848.2,2379.58,0.43528502020006565
2007,2004,Hammerfest,Finnmark,3227.78,848.2,2379.58,0.3260261567206531
2008,2004,Hammerfest,Finnmark,3227.78,848.2,2379.58,0.32107052137810721
2009,2004,Hammerfest,Finnmark,3227.78,848.2,2379.58,0.30358333630892198
2010,2004,Hammerfest,Finnmark,3227.78,848.2,2379.58,0.31220349238021416
2011,2004,Hammerfest,Finnmark,3227.78,848.2,2379.58,0.32878254696442594
2012,2004,Hammerfest,Finnmark,3227.78,848.2,2379.58,0.28699799383615388
2013,2004,Hammerfest,Finnmark,3227.78,848.2,2379.58,0.27030226654318429
2014,2004,Hammerfest,Finnmark,3227.78,848.2,2379.58,0.29128548074985372
2005,2012,Alta,Finnmark,4557.6499999999996,3849.43,708.22,0.25568084631094301
2006,2012,Alta,Finnmark,4557.6499999999996,3849.43,708.22,0.33012009199201858
2007,2012,Alta,Finnmark,4557.6499999999996,3849.43,708.22,0.28627620077198951
2008,2012,Alta,Finnmark,4557.6499999999996,3849.43,708.22,0.3984837152077047
2009,2012,Alta,Finnmark,4557.6499999999996,3849.43,708.22,0.3574407513477087
2010,2012,Alta,Finnmark,4557.6499999999996,3849.43,708.22,0.2897273171241827
2011,2012,Alta,Finnmark,4557.6499999999996,3849.43,708.22,0.31358717401224739
2012,2012,Alta,Finnmark,4557.6499999999996,3849.43,708.22,0.29999635355999787
2013,2012,Alta,Finnmark,4557.6499999999996,3849.43,708.22,0.29082019891423377
2014,2012,Alta,Finnmark,4557.6499999999996,3849.43,708.22,0.27199918298736314
2005,2014,Loppa,Finnmark,2808.57,688.88,2119.69,0.51692476445846935
2006,2014,Loppa,Finnmark,2808.57,688.88,2119.69,0.27540619184105897
2007,2014,Loppa,Finnmark,2808.57,688.88,2119.69,0.25004815261196767
2008,2014,Loppa,Finnmark,2808.57,688.88,2119.69,0.29783808387130833
2009,2014,Loppa,Finnmark,2808.57,688.88,2119.69,0.27546539675988241
2010,2014,Loppa,Finnmark,2808.57,688.88,2119.69,0.28605431989284397
2011,2014,Loppa,Finnmark,2808.57,688.88,2119.69,0.31211730776055391
2012,2014,Loppa,Finnmark,2808.57,688.88,2119.69,0.31936992659379265
2013,2014,Loppa,Finnmark,2808.57,688.88,2119.69,0.22119298404341922
2014,2014,Loppa,Finnmark,2808.57,688.88,2119.69,0.28442907099161446
2005,2015,Hasvik,Finnmark,2767.91,555.54999999999995,2212.36,0
2006,2015,Hasvik,Finnmark,2767.91,555.54999999999995,2212.36,0
2007,2015,Hasvik,Finnmark,2767.91,555.54999999999995,2212.36,0
2008,2015,Hasvik,Finnmark,2767.91,555.54999999999995,2212.36,0
2009,2015,Hasvik,Finnmark,2767.91,555.54999999999995,2212.36,0
2010,2015,Hasvik,Finnmark,2767.91,555.54999999999995,2212.36,0
2011,2015,Hasvik,Finnmark,2767.91,555.54999999999995,2212.36,0
2012,2015,Hasvik,Finnmark,2767.91,555.54999999999995,2212.36,0
2013,2015,Hasvik,Finnmark,2767.91,555.54999999999995,2212.36,0
2014,2015,Hasvik,Finnmark,2767.91,555.54999999999995,2212.36,0
2005,2017,Kvalsund,Finnmark,2143.7199999999998,1844.29,299.43,0.64489422292688581
2006,2017,Kvalsund,Finnmark,2143.7199999999998,1844.29,299.43,0.32918751908511618
2007,2017,Kvalsund,Finnmark,2143.7199999999998,1844.29,299.43,0.93079758579680694
2008,2017,Kvalsund,Finnmark,2143.7199999999998,1844.29,299.43,0.22742415624216458
2009,2017,Kvalsund,Finnmark,2143.7199999999998,1844.29,299.43,0.41917456011086895
2010,2017,Kvalsund,Finnmark,2143.7199999999998,1844.29,299.43,0.28183389712292978
2011,2017,Kvalsund,Finnmark,2143.7199999999998,1844.29,299.43,0.31223482849787615
2012,2017,Kvalsund,Finnmark,2143.7199999999998,1844.29,299.43,0.35933273378998692
2013,2017,Kvalsund,Finnmark,2143.7199999999998,1844.29,299.43,0.38283304212997721
2014,2017,Kvalsund,Finnmark,2143.7199999999998,1844.29,299.43,0.27367867644910376
2005,2018,Masoy,Finnmark,3882.59,1135.82,2746.77,0
2006,2018,Masoy,Finnmark,3882.59,1135.82,2746.77,0
2007,2018,Masoy,Finnmark,3882.59,1135.82,2746.77,0
2008,2018,Masoy,Finnmark,3882.59,1135.82,2746.77,0
2009,2018,Masoy,Finnmark,3882.59,1135.82,2746.77,0
2010,2018,Masoy,Finnmark,3882.59,1135.82,2746.77,0
2011,2018,Masoy,Finnmark,3882.59,1135.82,2746.77,0.36464137536488322
2012,2018,Masoy,Finnmark,3882.59,1135.82,2746.77,0.21850299557725764
2013,2018,Masoy,Finnmark,3882.59,1135.82,2746.77,0.27715820580101458
2014,2018,Masoy,Finnmark,3882.59,1135.82,2746.77,0.30208646405823192
2005,2019,Nordkapp,Finnmark,4098.47,925.68,3172.78,0
2006,2019,Nordkapp,Finnmark,4098.47,925.68,3172.78,0.39112683078332761
2007,2019,Nordkapp,Finnmark,4098.47,925.68,3172.78,0.35717524747277823
2008,2019,Nordkapp,Finnmark,4098.47,925.68,3172.78,0.31310658415684212
2009,2019,Nordkapp,Finnmark,4098.47,925.68,3172.78,0.25218930816830026
2010,2019,Nordkapp,Finnmark,4098.47,925.68,3172.78,0.21489172832590411
2011,2019,Nordkapp,Finnmark,4098.47,925.68,3172.78,0.41151711710754485
2012,2019,Nordkapp,Finnmark,4098.47,925.68,3172.78,0.29791083889063497
2013,2019,Nordkapp,Finnmark,4098.47,925.68,3172.78,0.34502667731916775
2014,2019,Nordkapp,Finnmark,4098.47,925.68,3172.78,0.41033944456293731
2005,2020,Porsanger,Finnmark,5995.96,4872.58,1123.3800000000001,0
2006,2020,Porsanger,Finnmark,5995.96,4872.58,1123.3800000000001,0
2007,2020,Porsanger,Finnmark,5995.96,4872.58,1123.3800000000001,0
2008,2020,Porsanger,Finnmark,5995.96,4872.58,1123.3800000000001,0
2009,2020,Porsanger,Finnmark,5995.96,4872.58,1123.3800000000001,0
2010,2020,Porsanger,Finnmark,5995.96,4872.58,1123.3800000000001,0
2011,2020,Porsanger,Finnmark,5995.96,4872.58,1123.3800000000001,0
2012,2020,Porsanger,Finnmark,5995.96,4872.58,1123.3800000000001,0
2013,2020,Porsanger,Finnmark,5995.96,4872.58,1123.3800000000001,0
2014,2020,Porsanger,Finnmark,5995.96,4872.58,1123.3800000000001,0
2005,2022,Lebesby,Finnmark,5729.23,3459.39,2269.84,0.19439252045114611
2006,2022,Lebesby,Finnmark,5729.23,3459.39,2269.84,0
2007,2022,Lebesby,Finnmark,5729.23,3459.39,2269.84,0
2008,2022,Lebesby,Finnmark,5729.23,3459.39,2269.84,0
2009,2022,Lebesby,Finnmark,5729.23,3459.39,2269.84,0.35939867089185523
2010,2022,Lebesby,Finnmark,5729.23,3459.39,2269.84,0.27643325475221037
2011,2022,Lebesby,Finnmark,5729.23,3459.39,2269.84,0.32441286372857531
2012,2022,Lebesby,Finnmark,5729.23,3459.39,2269.84,0.33133075867411804
2013,2022,Lebesby,Finnmark,5729.23,3459.39,2269.84,0.41543793901454235
2014,2022,Lebesby,Finnmark,5729.23,3459.39,2269.84,0.31513813747148745
2005,2023,Gamvik,Finnmark,3105.25,1416.34,1688.92,0
2006,2023,Gamvik,Finnmark,3105.25,1416.34,1688.92,0
2007,2023,Gamvik,Finnmark,3105.25,1416.34,1688.92,0
2008,2023,Gamvik,Finnmark,3105.25,1416.34,1688.92,0
2009,2023,Gamvik,Finnmark,3105.25,1416.34,1688.92,0
2010,2023,Gamvik,Finnmark,3105.25,1416.34,1688.92,0
2011,2023,Gamvik,Finnmark,3105.25,1416.34,1688.92,0
2012,2023,Gamvik,Finnmark,3105.25,1416.34,1688.92,0
2013,2023,Gamvik,Finnmark,3105.25,1416.34,1688.92,0
2014,2023,Gamvik,Finnmark,3105.25,1416.34,1688.92,0
2005,2024,Berlevag,Finnmark,2440.9499999999998,1121.78,1319.16,0
2006,2024,Berlevag,Finnmark,2440.9499999999998,1121.78,1319.16,0
2007,2024,Berlevag,Finnmark,2440.9499999999998,1121.78,1319.16,0
2008,2024,Berlevag,Finnmark,2440.9499999999998,1121.78,1319.16,0
2009,2024,Berlevag,Finnmark,2440.9499999999998,1121.78,1319.16,0
2010,2024,Berlevag,Finnmark,2440.9499999999998,1121.78,1319.16,0
2011,2024,Berlevag,Finnmark,2440.9499999999998,1121.78,1319.16,0
2012,2024,Berlevag,Finnmark,2440.9499999999998,1121.78,1319.16,0
2013,2024,Berlevag,Finnmark,2440.9499999999998,1121.78,1319.16,0
2014,2024,Berlevag,Finnmark,2440.9499999999998,1121.78,1319.16,0
2005,2025,Tana,Finnmark,4365.97,4051.36,314.62,0
2006,2025,Tana,Finnmark,4365.97,4051.36,314.62,0
2007,2025,Tana,Finnmark,4365.97,4051.36,314.62,0
2008,2025,Tana,Finnmark,4365.97,4051.36,314.62,0
2009,2025,Tana,Finnmark,4365.97,4051.36,314.62,0
2010,2025,Tana,Finnmark,4365.97,4051.36,314.62,0
2011,2025,Tana,Finnmark,4365.97,4051.36,314.62,0
2012,2025,Tana,Finnmark,4365.97,4051.36,314.62,0
2013,2025,Tana,Finnmark,4365.97,4051.36,314.62,0
2014,2025,Tana,Finnmark,4365.97,4051.36,314.62,0
2005,2027,Nesseby,Finnmark,1637.39,1436.89,200.5,0.26343391151762136
2006,2027,Nesseby,Finnmark,1637.39,1436.89,200.5,0.2259246431788251
2007,2027,Nesseby,Finnmark,1637.39,1436.89,200.5,0.44413575365071839
2008,2027,Nesseby,Finnmark,1637.39,1436.89,200.5,0.37269828555775164
2009,2027,Nesseby,Finnmark,1637.39,1436.89,200.5,0.30051188972706538
2010,2027,Nesseby,Finnmark,1637.39,1436.89,200.5,0.29023688640752932
2011,2027,Nesseby,Finnmark,1637.39,1436.89,200.5,0.30806402514106312
2012,2027,Nesseby,Finnmark,1637.39,1436.89,200.5,0.30163281687861832
2013,2027,Nesseby,Finnmark,1637.39,1436.89,200.5,0.32951111091126495
2014,2027,Nesseby,Finnmark,1637.39,1436.89,200.5,0.41765883278018712
2005,2028,Batsfjord,Finnmark,2814.18,1434.72,1379.46,0
2006,2028,Batsfjord,Finnmark,2814.18,1434.72,1379.46,0
2007,2028,Batsfjord,Finnmark,2814.18,1434.72,1379.46,0
2008,2028,Batsfjord,Finnmark,2814.18,1434.72,1379.46,0
2009,2028,Batsfjord,Finnmark,2814.18,1434.72,1379.46,0
2010,2028,Batsfjord,Finnmark,2814.18,1434.72,1379.46,0
2011,2028,Batsfjord,Finnmark,2814.18,1434.72,1379.46,0
2012,2028,Batsfjord,Finnmark,2814.18,1434.72,1379.46,0
2013,2028,Batsfjord,Finnmark,2814.18,1434.72,1379.46,0
2014,2028,Batsfjord,Finnmark,2814.18,1434.72,1379.46,0
2005,2030,Sor-Varanger,Finnmark,5107.32,3971.62,1135.7,0
2006,2030,Sor-Varanger,Finnmark,5107.32,3971.62,1135.7,0.41514027600830139
2007,2030,Sor-Varanger,Finnmark,5107.32,3971.62,1135.7,0.34214186729866591
2008,2030,Sor-Varanger,Finnmark,5107.32,3971.62,1135.7,0.27698889196750592
2009,2030,Sor-Varanger,Finnmark,5107.32,3971.62,1135.7,0.28354806021158413
2010,2030,Sor-Varanger,Finnmark,5107.32,3971.62,1135.7,0.30043058705038667
2011,2030,Sor-Varanger,Finnmark,5107.32,3971.62,1135.7,0.32818453705218409
2012,2030,Sor-Varanger,Finnmark,5107.32,3971.62,1135.7,0.1909602085243948
2013,2030,Sor-Varanger,Finnmark,5107.32,3971.62,1135.7,0.29394101148786372
2014,2030,Sor-Varanger,Finnmark,5107.32,3971.62,1135.7,0.32455263938472367
