"year","municip_name","municip_number","county","efcr","prr_index","prr_score"
2005,"Alstahaug","1820","Nordland",1.46120363696374,0.325074471472718,0.820895129981612
2005,"Alta","2012","Finnmark",1.2,0.395833333333333,0.999579124579124
2005,"Andoy","1871","Nordland",1.23884065114008,0.383423000821668,0.968239901064817
2005,"Ballangen","1854","Nordland",1.84470200050621,0.257494164298436,0.650237788632415
2005,"Balsfjord","1933","Troms",1.271004600228,0.373720126516294,0.943737693222965
2005,"Berg","1929","Troms",1.35336665466264,0.350976580044678,0.886304495062319
2005,"Bindal","1811","Nordland",1.46549340772086,0.324122918259129,0.818492217826084
2005,"Bo","1867","Nordland",1.23715295315297,0.383946058399189,0.969560753533306
2005,"Bodo","1804","Nordland",1.40184873723768,0.338838269338517,0.855652195299286
2005,"Bronnoy","1813","Nordland",1.79092736335327,0.265225720327722,0.669761920019501
2005,"Donna","1827","Nordland",1.61865372145227,0.293453747212731,0.741044816193765
2005,"Dyroy","1926","Troms",1.2,0.395833333333333,0.999579124579124
2005,"Evenes","1853","Nordland",1.2,0.395833333333333,0.999579124579124
2005,"Fauske","1841","Nordland",1.47484367149822,0.322068032822402,0.813303113187884
2005,"Flakstad","1859","Nordland",1.65383045885064,0.287212027966947,0.725282898906432
2005,"Gamvik","2023","Finnmark",1.2,0.395833333333333,0.999579124579124
2005,"Gildeskal","1838","Nordland",1.55887608547862,0.304706707880609,0.76946138353689
2005,"Gratangen","1919","Troms",1.2,0.395833333333333,0.999579124579124
2005,"Hadsel","1866","Nordland",1.38574318568964,0.342776356330128,0.865596859419516
2005,"Hamaroy","1849","Nordland",1.33189496007698,0.356634730393863,0.900592753519856
2005,"Hammerfest","2004","Finnmark",1.2,0.395833333333333,0.999579124579124
2005,"Harstad","1903","Troms",1.23196767061222,0.385562065735015,0.973641580138925
2005,"Hasvik","2015","Finnmark",1.4232575683046,0.333741418684901,0.842781360315406
2005,"Hemnes","1832","Nordland",1.2,0.395833333333333,0.999579124579124
2005,"Heroy","1818","Nordland",1.43419953099982,0.331195199644825,0.836351514254609
2005,"Ibestad","1917","Troms",1.2,0.395833333333333,0.999579124579124
2005,"Kafjord","1940","Troms",1.67070768343672,0.284310657519036,0.717956205856151
2005,"Karlsoy","1936","Troms",1.31893733098902,0.360138415101055,0.909440442174382
2005,"Kvaefjord","1911","Troms",1.36629612316225,0.347655235162805,0.877917260512134
2005,"Kvaenangen","1943","Troms",1.2,0.395833333333333,0.999579124579124
2005,"Kvalsund","2017","Finnmark",1.2,0.395833333333333,0.999579124579124
2005,"Lavangen","1920","Troms",1.2,0.395833333333333,0.999579124579124
2005,"Lebesby","2022","Finnmark",1.2,0.395833333333333,0.999579124579124
2005,"Leirfjord","1822","Nordland",1.2,0.395833333333333,0.999579124579124
2005,"Lenvik","1931","Troms",1.37029355785673,0.346641051675777,0.875356191100448
2005,"Lodingen","1851","Nordland",1.58537558745321,0.299613545054679,0.756599861249189
2005,"Loppa","2014","Finnmark",1.2,0.395833333333333,0.999579124579124
2005,"Luroy","1834","Nordland",1.54893365379527,0.306662586119252,0.774400469998111
2005,"Lyngen","1938","Troms",1.2,0.395833333333333,0.999579124579124
2005,"Malselv","1924","Troms",1.2,0.395833333333333,0.999579124579124
2005,"Masoy","2018","Finnmark",1.2,0.395833333333333,0.999579124579124
2005,"Meloy","1837","Nordland",1.54726246336496,0.306993810841232,0.775236896063717
2005,"Moskenes","1874","Nordland",1.67158280445951,0.284161812823617,0.717580335413174
2005,"Narvik","1805","Nordland",1.2,0.395833333333333,0.999579124579124
2005,"Nesna","1828","Nordland",1.47503664797917,0.322025897221441,0.813196710155154
2005,"Nesseby","2027","Finnmark",1.2,0.395833333333333,0.999579124579124
2005,"Nordkapp","2019","Finnmark",1.2,0.395833333333333,0.999579124579124
2005,"Nordreisa","1942","Troms",1.2,0.395833333333333,0.999579124579124
2005,"Oksnes","1868","Nordland",1.21807738874816,0.389958802607907,0.984744451030068
2005,"Rana","1833","Nordland",1.2,0.395833333333333,0.999579124579124
2005,"Rodoy","1836","Nordland",1.61211750405614,0.294643534857035,0.744049330447057
2005,"Salangen","1923","Troms",1.2,0.395833333333333,0.999579124579124
2005,"Saltdal","1840","Nordland",1.47484367149822,0.322068032822402,0.813303113187884
2005,"Skanland","1913","Troms",1.2,0.395833333333333,0.999579124579124
2005,"Skjervoy","1941","Troms",1.2,0.395833333333333,0.999579124579124
2005,"Somna","1812","Nordland",1.79860057431533,0.264094211234652,0.666904573824878
2005,"Sor-Varanger","2030","Finnmark",1.2,0.395833333333333,0.999579124579124
2005,"Sorfold","1845","Nordland",1.23650838585328,0.384146201865193,0.970066166326245
2005,"Sorreisa","1925","Troms",1.33407098015413,0.356053018966892,0.899123785269929
2005,"Sortland","1870","Nordland",1.23715295315297,0.383946058399189,0.969560753533306
2005,"Steigen","1848","Nordland",1.22719466569873,0.38706165637507,0.977428425189572
2005,"Storfjord","1939","Troms",1.9133142408754,0.248260317020727,0.626919992476584
2005,"Tjeldsund","1852","Nordland",1.45175519723096,0.327190149486636,0.826237751228879
2005,"Torsken","1928","Troms",1.374903180319,0.345478872112139,0.872421394222572
2005,"Traena","1835","Nordland",1.63215103277916,0.291026988593813,0.734916637863163
2005,"Tranoy","1927","Troms",1.30876069047834,0.362938773647299,0.916512054664895
2005,"Tromso","1902","Troms",1.29429633555338,0.366994780833489,0.926754497054264
2005,"Tysfjord","1850","Nordland",1.37150590971073,0.346334635991604,0.874582414120212
2005,"Vagan","1865","Nordland",1.462055476134,0.324885072935813,0.820416850848012
2005,"Vefsn","1824","Nordland",1.39020975575581,0.341675058769646,0.862815804973853
2005,"Vega","1815","Nordland",2.09682229518589,0.226533264688455,0.572053698708221
2005,"Vestvagoy","1860","Nordland",1.5992320902362,0.297017551673719,0.750044322408381
2005,"Vevelstad","1816","Nordland",1.66886123516446,0.284625222272114,0.718750561293218
2006,"Alstahaug","1820","Nordland",1.60012435593885,0.296851927937375,0.749626080649938
2006,"Alta","2012","Finnmark",1.26818534832602,0.374550928716367,0.945835678576683
2006,"Andoy","1871","Nordland",1.40289380898713,0.338585855149609,0.855014785731335
2006,"Ballangen","1854","Nordland",1.2,0.395833333333333,0.999579124579124
2006,"Balsfjord","1933","Troms",1.2,0.395833333333333,0.999579124579124
2006,"Berg","1929","Troms",1.20283833160101,0.394899287394476,0.997220422713324
2006,"Bindal","1811","Nordland",1.2,0.395833333333333,0.999579124579124
2006,"Bo","1867","Nordland",1.34584429406501,0.352938302071558,0.891258338564541
2006,"Bodo","1804","Nordland",1.24784437849883,0.380656440966967,0.961253638805471
2006,"Bronnoy","1813","Nordland",1.2,0.395833333333333,0.999579124579124
2006,"Donna","1827","Nordland",1.34372763855375,0.353494254617879,0.892662259136057
2006,"Dyroy","1926","Troms",1.22435303666128,0.387959996648752,0.979696961234222
2006,"Evenes","1853","Nordland",1.31949294336084,0.359986767939919,0.909057494797775
2006,"Fauske","1841","Nordland",1.2,0.395833333333333,0.999579124579124
2006,"Flakstad","1859","Nordland",1.77666396856333,0.267355002636824,0.675138895547535
2006,"Gildeskal","1838","Nordland",1.38778337311252,0.34227243905846,0.864324341056718
2006,"Gratangen","1919","Troms",1.31343594602949,0.361646870893035,0.913249673972311
2006,"Hadsel","1866","Nordland",1.2,0.395833333333333,0.999579124579124
2006,"Hamaroy","1849","Nordland",1.2,0.395833333333333,0.999579124579124
2006,"Hammerfest","2004","Finnmark",1.25883689980119,0.377332440822966,0.952859699047893
2006,"Harstad","1903","Troms",1.42865576136825,0.332480372700198,0.839596900758076
2006,"Hasvik","2015","Finnmark",1.2,0.395833333333333,0.999579124579124
2006,"Hemnes","1832","Nordland",1.40226664682704,0.33873728728755,0.855397190120076
2006,"Heroy","1818","Nordland",1.99577104700037,0.238003252283833,0.601018313848063
2006,"Ibestad","1917","Troms",1.36999591433482,0.346716362457642,0.87554636984253
2006,"Kafjord","1940","Troms",1.28716315651094,0.369028586311904,0.931890369474506
2006,"Karlsoy","1936","Troms",1.33317041967058,0.356293533813456,0.899731145993577
2006,"Kvaefjord","1911","Troms",1.56835177726013,0.30286572622745,0.764812439968308
2006,"Kvaenangen","1943","Troms",1.30614166281772,0.363666525249098,0.918349811235096
2006,"Kvalsund","2017","Finnmark",1.25883689980119,0.377332440822966,0.952859699047893
2006,"Lavangen","1920","Troms",1.28316070229393,0.370179665844529,0.934797135971033
2006,"Leirfjord","1822","Nordland",1.2,0.395833333333333,0.999579124579124
2006,"Lenvik","1931","Troms",1.38510156226929,0.342935141320452,0.865997831617304
2006,"Lodingen","1851","Nordland",1.2,0.395833333333333,0.999579124579124
2006,"Loppa","2014","Finnmark",1.29948648965402,0.365529002249546,0.923053035983703
2006,"Luroy","1834","Nordland",1.2,0.395833333333333,0.999579124579124
2006,"Lyngen","1938","Troms",1.47357959241679,0.322344312071369,0.814000788059012
2006,"Malselv","1924","Troms",1.2,0.395833333333333,0.999579124579124
2006,"Masoy","2018","Finnmark",1.2,0.395833333333333,0.999579124579124
2006,"Meloy","1837","Nordland",1.312513531145,0.361901030906419,0.913891492187928
2006,"Moskenes","1874","Nordland",1.2,0.395833333333333,0.999579124579124
2006,"Narvik","1805","Nordland",1.31949294336084,0.359986767939919,0.909057494797775
2006,"Nesna","1828","Nordland",1.2,0.395833333333333,0.999579124579124
2006,"Nesseby","2027","Finnmark",1.2,0.395833333333333,0.999579124579124
2006,"Nordkapp","2019","Finnmark",1.2,0.395833333333333,0.999579124579124
2006,"Nordreisa","1942","Troms",1.3025881310209,0.364658627457107,0.920855119841181
2006,"Oksnes","1868","Nordland",1.35950900001127,0.349390846251155,0.882300116795845
2006,"Rana","1833","Nordland",1.21813273898715,0.38994108342819,0.984699705626743
2006,"Rodoy","1836","Nordland",1.2,0.395833333333333,0.999579124579124
2006,"Salangen","1923","Troms",1.27999959036083,0.371093868761394,0.93710572919544
2006,"Saltdal","1840","Nordland",1.2,0.395833333333333,0.999579124579124
2006,"Skanland","1913","Troms",1.42842072180101,0.332535080701645,0.839735052276881
2006,"Skjervoy","1941","Troms",1.30614166281772,0.363666525249098,0.918349811235096
2006,"Somna","1812","Nordland",1.2,0.395833333333333,0.999579124579124
2006,"Sor-Varanger","2030","Finnmark",1.2,0.395833333333333,0.999579124579124
2006,"Sorfold","1845","Nordland",1.2,0.395833333333333,0.999579124579124
2006,"Sorreisa","1925","Troms",1.2,0.395833333333333,0.999579124579124
2006,"Sortland","1870","Nordland",1.34584429406501,0.352938302071558,0.891258338564541
2006,"Steigen","1848","Nordland",1.2,0.395833333333333,0.999579124579124
2006,"Storfjord","1939","Troms",1.27039243153726,0.373900212413277,0.944192455589084
2006,"Tjeldsund","1852","Nordland",1.23185587693793,0.38559705635429,0.973729940288612
2006,"Torsken","1928","Troms",1.29662998809097,0.366334269886311,0.925086540116947
2006,"Traena","1835","Nordland",1.2,0.395833333333333,0.999579124579124
2006,"Tranoy","1927","Troms",1.2,0.395833333333333,0.999579124579124
2006,"Tromso","1902","Troms",1.22183077815358,0.38876087302189,0.981719376317905
2006,"Tysfjord","1850","Nordland",1.2,0.395833333333333,0.999579124579124
2006,"Vagan","1865","Nordland",1.31949780190253,0.359985442427503,0.9090541475442
2006,"Vefsn","1824","Nordland",1.2,0.395833333333333,0.999579124579124
2006,"Vega","1815","Nordland",1.56636963412545,0.303248983925309,0.765780262437648
2006,"Vestvagoy","1860","Nordland",1.32183925660464,0.359347778201197,0.907443884346456
2006,"Vevelstad","1816","Nordland",1.2,0.395833333333333,0.999579124579124
2007,"Alstahaug","1820","Nordland",1.26067487796205,0.376782315808391,0.951470494465633
2007,"Alta","2012","Finnmark",1.29316766335616,0.367315092589951,0.927563365126139
2007,"Andoy","1871","Nordland",1.32246660292247,0.359177312266575,0.907013414814582
2007,"Ballangen","1854","Nordland",1.2,0.395833333333333,0.999579124579124
2007,"Balsfjord","1933","Troms",1.2,0.395833333333333,0.999579124579124
2007,"Berg","1929","Troms",1.2741149336126,0.372807811500329,0.941433867425074
2007,"Bindal","1811","Nordland",1.44958816156737,0.327679276496301,0.827472920445205
2007,"Bo","1867","Nordland",1.28629773670065,0.369276868369819,0.932517344368229
2007,"Bodo","1804","Nordland",1.30414234999432,0.364224043488863,0.919757685577938
2007,"Bronnoy","1813","Nordland",1.30902799508349,0.362864661247909,0.916324902141184
2007,"Donna","1827","Nordland",1.23625439998012,0.384225123896536,0.970265464385193
2007,"Dyroy","1926","Troms",1.2,0.395833333333333,0.999579124579124
2007,"Evenes","1853","Nordland",1.23730101598279,0.383900113120579,0.969444730102472
2007,"Fauske","1841","Nordland",1.48535541989357,0.319788781619712,0.807547428332605
2007,"Flakstad","1859","Nordland",2.12672843973722,0.223347744415686,0.564009455595167
2007,"Gildeskal","1838","Nordland",1.42957103204447,0.332267504973635,0.839059355994029
2007,"Gratangen","1919","Troms",1.2,0.395833333333333,0.999579124579124
2007,"Hadsel","1866","Nordland",1.23288189472317,0.38527615827034,0.972919591591767
2007,"Hamaroy","1849","Nordland",1.2,0.395833333333333,0.999579124579124
2007,"Hammerfest","2004","Finnmark",1.23806224880013,0.383664068959656,0.96884865898903
2007,"Harstad","1903","Troms",1.57684684183489,0.301234075116179,0.76069210887924
2007,"Hasvik","2015","Finnmark",1.2,0.395833333333333,0.999579124579124
2007,"Hemnes","1832","Nordland",1.2275422245603,0.38695206608485,0.977151682032449
2007,"Heroy","1818","Nordland",1.23738203654417,0.383874976338437,0.96938125337989
2007,"Ibestad","1917","Troms",1.2646267485905,0.375604897278517,0.948497215349791
2007,"Kafjord","1940","Troms",1.2,0.395833333333333,0.999579124579124
2007,"Karlsoy","1936","Troms",1.23810202113486,0.383651744275975,0.968817536050443
2007,"Kvaefjord","1911","Troms",1.97407403847504,0.240619141299753,0.607624094191295
2007,"Kvaenangen","1943","Troms",1.2,0.395833333333333,0.999579124579124
2007,"Kvalsund","2017","Finnmark",1.23806224880013,0.383664068959656,0.96884865898903
2007,"Lavangen","1920","Troms",1.2,0.395833333333333,0.999579124579124
2007,"Leirfjord","1822","Nordland",1.25207775658456,0.379369410168035,0.958003561030391
2007,"Lenvik","1931","Troms",1.23915337122947,0.383326237920583,0.967995550304503
2007,"Lodingen","1851","Nordland",1.25973846179297,0.377062393827319,0.952177762190199
2007,"Loppa","2014","Finnmark",1.36753498201701,0.347340292019011,0.877121949542957
2007,"Luroy","1834","Nordland",1.2,0.395833333333333,0.999579124579124
2007,"Lyngen","1938","Troms",1.23278849843381,0.38530534686482,0.972993300163687
2007,"Malselv","1924","Troms",1.2,0.395833333333333,0.999579124579124
2007,"Masoy","2018","Finnmark",1.2,0.395833333333333,0.999579124579124
2007,"Meloy","1837","Nordland",1.24567402875411,0.381319662315735,0.962928440191249
2007,"Moskenes","1874","Nordland",1.2,0.395833333333333,0.999579124579124
2007,"Narvik","1805","Nordland",1.23730101598279,0.383900113120579,0.969444730102472
2007,"Nesna","1828","Nordland",1.22427694700084,0.387984108631325,0.979757850079103
2007,"Nesseby","2027","Finnmark",1.24919944868877,0.3802435235611,0.960210918083586
2007,"Nordkapp","2019","Finnmark",1.2,0.395833333333333,0.999579124579124
2007,"Nordreisa","1942","Troms",1.2,0.395833333333333,0.999579124579124
2007,"Oksnes","1868","Nordland",1.34575892820711,0.352960690093894,0.891314873974479
2007,"Rana","1833","Nordland",1.2,0.395833333333333,0.999579124579124
2007,"Rodoy","1836","Nordland",1.2,0.395833333333333,0.999579124579124
2007,"Salangen","1923","Troms",1.2,0.395833333333333,0.999579124579124
2007,"Saltdal","1840","Nordland",1.48535541989357,0.319788781619712,0.807547428332605
2007,"Skanland","1913","Troms",1.5248175109295,0.311512686990622,0.786648199471267
2007,"Skjervoy","1941","Troms",1.2,0.395833333333333,0.999579124579124
2007,"Somna","1812","Nordland",1.42873016882617,0.332463057310712,0.839553175027052
2007,"Sor-Varanger","2030","Finnmark",1.24919944868877,0.3802435235611,0.960210918083586
2007,"Sorfold","1845","Nordland",1.26985810067258,0.374057542136729,0.944589752870527
2007,"Sorreisa","1925","Troms",1.2,0.395833333333333,0.999579124579124
2007,"Sortland","1870","Nordland",1.28629773670065,0.369276868369819,0.932517344368229
2007,"Steigen","1848","Nordland",1.22465885486992,0.387863116419024,0.979452314189455
2007,"Storfjord","1939","Troms",1.2,0.395833333333333,0.999579124579124
2007,"Tjeldsund","1852","Nordland",1.3230568315438,0.359017079746868,0.906608787239567
2007,"Torsken","1928","Troms",1.28012627536307,0.371057144237806,0.937012990499509
2007,"Traena","1835","Nordland",1.25442841585557,0.378658514105829,0.956208368954113
2007,"Tranoy","1927","Troms",1.2,0.395833333333333,0.999579124579124
2007,"Tromso","1902","Troms",1.2,0.395833333333333,0.999579124579124
2007,"Tysfjord","1850","Nordland",1.2,0.395833333333333,0.999579124579124
2007,"Vagan","1865","Nordland",1.39549279128813,0.340381550492671,0.859549369930987
2007,"Vefsn","1824","Nordland",1.29717940079143,0.366179111162415,0.924694725157615
2007,"Vega","1815","Nordland",1.29306081180484,0.367345445522397,0.927640013945446
2007,"Vestvagoy","1860","Nordland",1.55543662251049,0.305380491320402,0.771162856869701
2007,"Vevelstad","1816","Nordland",1.29924451186216,0.365597080197939,0.923224949994794
2008,"Alstahaug","1820","Nordland",1.2,0.395833333333333,0.999579124579124
2008,"Alta","2012","Finnmark",1.31847145960636,0.360265667139899,0.909761785706815
2008,"Andoy","1871","Nordland",1.28956002046649,0.368342684684169,0.930158294656993
2008,"Ballangen","1854","Nordland",1.2,0.395833333333333,0.999579124579124
2008,"Balsfjord","1933","Troms",1.42291482597475,0.333821808114625,0.842984363925821
2008,"Berg","1929","Troms",1.58917661364066,0.298896923049866,0.754790209721884
2008,"Bindal","1811","Nordland",1.2,0.395833333333333,0.999579124579124
2008,"Bo","1867","Nordland",1.2432193530762,0.382072559299104,0.964829695199757
2008,"Bodo","1804","Nordland",1.29870486564633,0.365748995452948,0.923608574376131
2008,"Bronnoy","1813","Nordland",1.27461908922498,0.372660353210949,0.941061498007446
2008,"Donna","1827","Nordland",1.22325546845206,0.388308094466217,0.98057599612681
2008,"Dyroy","1926","Troms",1.27713775675837,0.371925422677696,0.939205612822463
2008,"Evenes","1853","Nordland",1.23325502842874,0.385159589095848,0.972625224989515
2008,"Fauske","1841","Nordland",1.32432587689128,0.358673048898671,0.905740022471391
2008,"Flakstad","1859","Nordland",1.99165419730431,0.238495217012526,0.602260649021532
2008,"Gildeskal","1838","Nordland",1.2,0.395833333333333,0.999579124579124
2008,"Gratangen","1919","Troms",1.2,0.395833333333333,0.999579124579124
2008,"Hadsel","1866","Nordland",1.2,0.395833333333333,0.999579124579124
2008,"Hamaroy","1849","Nordland",1.25093355608407,0.37971641074762,0.958879825120252
2008,"Hammerfest","2004","Finnmark",1.29483946343128,0.366840842756881,0.926365764537578
2008,"Harstad","1903","Troms",1.47899807823847,0.321163365246383,0.811018599107029
2008,"Hasvik","2015","Finnmark",1.2,0.395833333333333,0.999579124579124
2008,"Hemnes","1832","Nordland",1.30920217518771,0.362816384667171,0.916202991583764
2008,"Heroy","1818","Nordland",1.2,0.395833333333333,0.999579124579124
2008,"Ibestad","1917","Troms",1.2,0.395833333333333,0.999579124579124
2008,"Kafjord","1940","Troms",1.24342265443079,0.382010089897747,0.96467194418623
2008,"Karlsoy","1936","Troms",1.54416094871971,0.307610421306037,0.776793993197064
2008,"Kvaefjord","1911","Troms",1.48313054765177,0.320268502831435,0.808758845533927
2008,"Kvaenangen","1943","Troms",1.2,0.395833333333333,0.999579124579124
2008,"Kvalsund","2017","Finnmark",1.29483946343128,0.366840842756881,0.926365764537578
2008,"Lavangen","1920","Troms",1.2,0.395833333333333,0.999579124579124
2008,"Leirfjord","1822","Nordland",1.2,0.395833333333333,0.999579124579124
2008,"Lenvik","1931","Troms",1.444637598378,0.328802185775393,0.83030854993786
2008,"Lodingen","1851","Nordland",1.22964393667556,0.386290686134882,0.975481530643641
2008,"Loppa","2014","Finnmark",1.41109370093645,0.336618326398009,0.850046278782851
2008,"Luroy","1834","Nordland",1.34462654813524,0.353257936680441,0.89206549666778
2008,"Lyngen","1938","Troms",1.54832726018378,0.306782688786103,0.774703759560866
2008,"Malselv","1924","Troms",1.24409646302628,0.381803191405717,0.96414947324676
2008,"Masoy","2018","Finnmark",1.54280425073501,0.307880925123006,0.777477083643955
2008,"Meloy","1837","Nordland",1.28109525777907,0.370776487630959,0.93630426169434
2008,"Moskenes","1874","Nordland",1.2,0.395833333333333,0.999579124579124
2008,"Narvik","1805","Nordland",1.23325502842874,0.385159589095848,0.972625224989515
2008,"Nesna","1828","Nordland",1.33643352297143,0.355423589602783,0.897534317178745
2008,"Nesseby","2027","Finnmark",1.34720845884608,0.352580921594606,0.890355862612642
2008,"Nordkapp","2019","Finnmark",1.48236565115244,0.320433760476519,0.809176162819493
2008,"Nordreisa","1942","Troms",1.2,0.395833333333333,0.999579124579124
2008,"Oksnes","1868","Nordland",1.2,0.395833333333333,0.999579124579124
2008,"Rana","1833","Nordland",1.23822335893365,0.383614148911766,0.968722598262034
2008,"Rodoy","1836","Nordland",1.31642498202025,0.360825726104833,0.911176076022305
2008,"Salangen","1923","Troms",1.2,0.395833333333333,0.999579124579124
2008,"Saltdal","1840","Nordland",1.32432587689128,0.358673048898671,0.905740022471391
2008,"Skanland","1913","Troms",1.21047047341172,0.39240940645269,0.990932844577501
2008,"Skjervoy","1941","Troms",1.2,0.395833333333333,0.999579124579124
2008,"Somna","1812","Nordland",1.21730029142775,0.390207743598648,0.985373089895576
2008,"Sor-Varanger","2030","Finnmark",1.34720845884608,0.352580921594606,0.890355862612642
2008,"Sorfold","1845","Nordland",1.29527346338713,0.366717927469833,0.926055372398568
2008,"Sorreisa","1925","Troms",1.27906576590393,0.371364798169165,0.937789894366579
2008,"Sortland","1870","Nordland",1.2432193530762,0.382072559299104,0.964829695199757
2008,"Steigen","1848","Nordland",1.3118880391314,0.362073580848024,0.914327224363698
2008,"Storfjord","1939","Troms",1.2,0.395833333333333,0.999579124579124
2008,"Tjeldsund","1852","Nordland",1.42956272171163,0.332269436510822,0.839064233613186
2008,"Torsken","1928","Troms",1.72897931123404,0.274728562056057,0.693758995091054
2008,"Traena","1835","Nordland",1.31140435414506,0.3622071243691,0.914664455477525
2008,"Tranoy","1927","Troms",1.35754003311483,0.349897600375089,0.883579798926993
2008,"Tromso","1902","Troms",1.45192716539196,0.327151396655471,0.826139890544118
2008,"Tysfjord","1850","Nordland",1.27442512141901,0.372717072205162,0.941204727790813
2008,"Vagan","1865","Nordland",1.44079307508382,0.329679541229309,0.832524094013406
2008,"Vefsn","1824","Nordland",1.2,0.395833333333333,0.999579124579124
2008,"Vega","1815","Nordland",1.2,0.395833333333333,0.999579124579124
2008,"Vestvagoy","1860","Nordland",1.31876577919135,0.360185263748095,0.909558746838624
2008,"Vevelstad","1816","Nordland",1.2,0.395833333333333,0.999579124579124
2009,"Alstahaug","1820","Nordland",1.27255963866337,0.373263449168415,0.942584467597008
2009,"Alta","2012","Finnmark",1.30128331441968,0.365024276217535,0.921778475296806
2009,"Andoy","1871","Nordland",1.22206641112348,0.38868591401945,0.981530085907702
2009,"Ballangen","1854","Nordland",1.28111452290775,0.370770911972719,0.93629018174929
2009,"Balsfjord","1933","Troms",1.2,0.395833333333333,0.999579124579124
2009,"Berg","1929","Troms",1.42880086951439,0.332446606196033,0.839511631808163
2009,"Bindal","1811","Nordland",1.2,0.395833333333333,0.999579124579124
2009,"Bo","1867","Nordland",1.20750958880082,0.393371617422703,0.99336267025935
2009,"Bodo","1804","Nordland",1.2,0.395833333333333,0.999579124579124
2009,"Bronnoy","1813","Nordland",1.28817509624035,0.368738691957583,0.931158313024198
2009,"Donna","1827","Nordland",1.22218986365268,0.388646653131616,0.981430942251556
2009,"Dyroy","1926","Troms",1.2308837188299,0.38590160283503,0.974498997058156
2009,"Evenes","1853","Nordland",1.2,0.395833333333333,0.999579124579124
2009,"Fauske","1841","Nordland",1.2,0.395833333333333,0.999579124579124
2009,"Flakstad","1859","Nordland",3.00247470207497,0.158202831708035,0.399502100272816
2009,"Gamvik","2023","Finnmark",1.35016904189029,0.351807799810741,0.88840353487561
2009,"Gildeskal","1838","Nordland",1.2,0.395833333333333,0.999579124579124
2009,"Gratangen","1919","Troms",1.2,0.395833333333333,0.999579124579124
2009,"Hadsel","1866","Nordland",1.2,0.395833333333333,0.999579124579124
2009,"Hamaroy","1849","Nordland",1.29661531283088,0.366338416105037,0.925097010366255
2009,"Hammerfest","2004","Finnmark",1.2994058462569,0.365551687618072,0.923110322267858
2009,"Harstad","1903","Troms",1.28526284250619,0.369574210263309,0.933268207735629
2009,"Hasvik","2015","Finnmark",1.42104615334294,0.334260783073502,0.844092886549247
2009,"Hemnes","1832","Nordland",1.2,0.395833333333333,0.999579124579124
2009,"Heroy","1818","Nordland",1.29896166601639,0.365676688101745,0.923425980054912
2009,"Ibestad","1917","Troms",1.22653392930309,0.387270167299727,0.977954967928605
2009,"Kafjord","1940","Troms",1.41798359962727,0.334982717800727,0.845915954042241
2009,"Karlsoy","1936","Troms",1.30090810978271,0.365129555598927,0.922044332320522
2009,"Kvaefjord","1911","Troms",1.27419330163315,0.372784882318238,0.941375965450096
2009,"Kvaenangen","1943","Troms",1.2,0.395833333333333,0.999579124579124
2009,"Kvalsund","2017","Finnmark",1.2994058462569,0.365551687618072,0.923110322267858
2009,"Lavangen","1920","Troms",1.2,0.395833333333333,0.999579124579124
2009,"Lebesby","2022","Finnmark",1.35016904189029,0.351807799810741,0.88840353487561
2009,"Leirfjord","1822","Nordland",1.3216429511537,0.359401152622467,0.907578668238554
2009,"Lenvik","1931","Troms",1.30766667245369,0.363242414910456,0.917278825531454
2009,"Lodingen","1851","Nordland",1.2,0.395833333333333,0.999579124579124
2009,"Loppa","2014","Finnmark",1.24025964251943,0.382984323375303,0.967132129735614
2009,"Luroy","1834","Nordland",1.2,0.395833333333333,0.999579124579124
2009,"Lyngen","1938","Troms",1.21218428583009,0.39185460952806,0.989531842242575
2009,"Malselv","1924","Troms",1.2,0.395833333333333,0.999579124579124
2009,"Masoy","2018","Finnmark",1.54629408634449,0.307186067769891,0.775722393358312
2009,"Meloy","1837","Nordland",1.2,0.395833333333333,0.999579124579124
2009,"Moskenes","1874","Nordland",1.2,0.395833333333333,0.999579124579124
2009,"Narvik","1805","Nordland",1.2,0.395833333333333,0.999579124579124
2009,"Nesna","1828","Nordland",1.2,0.395833333333333,0.999579124579124
2009,"Nesseby","2027","Finnmark",1.27556159322346,0.372384996948387,0.940366153910069
2009,"Nordkapp","2019","Finnmark",1.56097173321723,0.304297630695082,0.768428360341117
2009,"Nordreisa","1942","Troms",1.2,0.395833333333333,0.999579124579124
2009,"Oksnes","1868","Nordland",1.21398596595765,0.391273056954408,0.988063275137394
2009,"Rana","1833","Nordland",1.2,0.395833333333333,0.999579124579124
2009,"Rodoy","1836","Nordland",1.2,0.395833333333333,0.999579124579124
2009,"Salangen","1923","Troms",1.25227314293989,0.379310218923061,0.957854088189548
2009,"Saltdal","1840","Nordland",1.2,0.395833333333333,0.999579124579124
2009,"Skanland","1913","Troms",1.23153059642275,0.385698902958433,0.973987128682913
2009,"Skjervoy","1941","Troms",1.2,0.395833333333333,0.999579124579124
2009,"Somna","1812","Nordland",1.2,0.395833333333333,0.999579124579124
2009,"Sor-Varanger","2030","Finnmark",1.27556159322346,0.372384996948387,0.940366153910069
2009,"Sorfold","1845","Nordland",1.26392851832124,0.375812392168269,0.949021192344113
2009,"Sorreisa","1925","Troms",1.21123255324114,0.392162511426022,0.990309372287935
2009,"Sortland","1870","Nordland",1.20750958880082,0.393371617422703,0.99336267025935
2009,"Steigen","1848","Nordland",1.21512587051385,0.390906005317071,0.987136377063312
2009,"Storfjord","1939","Troms",1.3298969883728,0.357170520839503,0.901945759695715
2009,"Tjeldsund","1852","Nordland",1.2,0.395833333333333,0.999579124579124
2009,"Torsken","1928","Troms",1.41223558330195,0.336346149053546,0.84935896225643
2009,"Traena","1835","Nordland",1.2,0.395833333333333,0.999579124579124
2009,"Tranoy","1927","Troms",1.24982138651034,0.380054306260721,0.959733096617982
2009,"Tromso","1902","Troms",1.21963296888137,0.38946142988875,0.983488459315026
2009,"Tysfjord","1850","Nordland",1.2,0.395833333333333,0.999579124579124
2009,"Vagan","1865","Nordland",1.37422778558752,0.345648665368036,0.872850165070799
2009,"Vefsn","1824","Nordland",1.35958351098115,0.349371698143951,0.882251762989776
2009,"Vega","1815","Nordland",1.35986113395932,0.349300372029171,0.882071646538312
2009,"Vestvagoy","1860","Nordland",1.64274985755935,0.289149317416903,0.730175043982079
2009,"Vevelstad","1816","Nordland",1.38301388098409,0.343452807329751,0.867305069014523
2010,"Alstahaug","1820","Nordland",1.40831746129317,0.337281907705552,0.851721989155435
2010,"Alta","2012","Finnmark",1.3934382280103,0.340883428093011,0.860816737608613
2010,"Andoy","1871","Nordland",1.24135188803277,0.382647341643598,0.966281165766662
2010,"Ballangen","1854","Nordland",2.43222313746507,0.195294581604489,0.493168135364872
2010,"Balsfjord","1933","Troms",1.33899201425336,0.354744460716494,0.895819345243672
2010,"Berg","1929","Troms",1.46405766052872,0.324440773615748,0.819294882868052
2010,"Bindal","1811","Nordland",1.23819722021977,0.383622247121256,0.968743048286
2010,"Bo","1867","Nordland",1.25196866833199,0.379402465904237,0.958087035111709
2010,"Bodo","1804","Nordland",1.259292251409,0.377195999950393,0.952515151389882
2010,"Bronnoy","1813","Nordland",1.30059594390853,0.365217193106522,0.922265639157884
2010,"Donna","1827","Nordland",1.57289998113138,0.301989958483142,0.762600905260459
2010,"Dyroy","1926","Troms",1.2,0.395833333333333,0.999579124579124
2010,"Evenes","1853","Nordland",1.39447603599372,0.340629733132352,0.860176093768566
2010,"Fauske","1841","Nordland",1.2,0.395833333333333,0.999579124579124
2010,"Flakstad","1859","Nordland",2.33618642073188,0.203322815244852,0.513441452638516
2010,"Gamvik","2023","Finnmark",1.43188453189165,0.331730659435563,0.83770368544334
2010,"Gildeskal","1838","Nordland",1.36604524351447,0.347719083430906,0.878078493512389
2010,"Gratangen","1919","Troms",1.32049784410723,0.359712817495086,0.908365700745166
2010,"Hadsel","1866","Nordland",1.2,0.395833333333333,0.999579124579124
2010,"Hamaroy","1849","Nordland",1.5050062040224,0.315613316895623,0.797003325493997
2010,"Hammerfest","2004","Finnmark",1.39764711132715,0.339856889589933,0.858224468661447
2010,"Harstad","1903","Troms",1.32274148503039,0.359102670760406,0.906824926162642
2010,"Hasvik","2015","Finnmark",1.34638266287059,0.352797175052198,0.89090195720252
2010,"Hemnes","1832","Nordland",1.30370793010969,0.364345409757562,0.920064166054451
2010,"Heroy","1818","Nordland",1.48018912021719,0.320904939451455,0.810366008715796
2010,"Ibestad","1917","Troms",1.28297513493655,0.370233208006399,0.934932343450502
2010,"Kafjord","1940","Troms",1.25945600599694,0.377146956891129,0.952391305280629
2010,"Karlsoy","1936","Troms",1.31108201994979,0.362296174283735,0.914889328999331
2010,"Kvaefjord","1911","Troms",1.40425198497609,0.338258378896354,0.854187825495842
2010,"Kvaenangen","1943","Troms",1.2,0.395833333333333,0.999579124579124
2010,"Kvalsund","2017","Finnmark",1.39764711132715,0.339856889589933,0.858224468661447
2010,"Lavangen","1920","Troms",1.31892021536553,0.360143088616134,0.909452243980136
2010,"Lebesby","2022","Finnmark",1.43188453189165,0.331730659435563,0.83770368544334
2010,"Leirfjord","1822","Nordland",1.84479460823076,0.257481238226052,0.650205147035485
2010,"Lenvik","1931","Troms",1.2571138753395,0.377849619925419,0.954165706882371
2010,"Lodingen","1851","Nordland",1.2,0.395833333333333,0.999579124579124
2010,"Loppa","2014","Finnmark",1.41337180981932,0.336075756357927,0.848676152419008
2010,"Luroy","1834","Nordland",1.57225250916346,0.302114321479271,0.762914953230481
2010,"Lyngen","1938","Troms",1.36184774400337,0.348790826354538,0.880784915036712
2010,"Malselv","1924","Troms",1.28746371322442,0.368942437072944,0.931672820891274
2010,"Masoy","2018","Finnmark",1.57835726775115,0.300945805937068,0.759964156406738
2010,"Meloy","1837","Nordland",1.3109800074745,0.362324365964245,0.914960520111729
2010,"Moskenes","1874","Nordland",1.37895852212172,0.344462862645896,0.869855713752262
2010,"Narvik","1805","Nordland",1.39447603599372,0.340629733132352,0.860176093768566
2010,"Nesna","1828","Nordland",2.07562147895036,0.228847121123552,0.577896770514021
2010,"Nesseby","2027","Finnmark",1.4054793949658,0.337962976690638,0.853441860329894
2010,"Nordkapp","2019","Finnmark",1.98457367007118,0.239346116076892,0.604409384032554
2010,"Nordreisa","1942","Troms",1.2,0.395833333333333,0.999579124579124
2010,"Oksnes","1868","Nordland",1.2,0.395833333333333,0.999579124579124
2010,"Rana","1833","Nordland",2.03981589539923,0.23286415262836,0.588040789465555
2010,"Rodoy","1836","Nordland",1.31695697177568,0.360679969186501,0.910808002996215
2010,"Salangen","1923","Troms",1.2,0.395833333333333,0.999579124579124
2010,"Saltdal","1840","Nordland",1.2,0.395833333333333,0.999579124579124
2010,"Skanland","1913","Troms",1.31798801582144,0.360397814166734,0.910095490320036
2010,"Skjervoy","1941","Troms",1.2,0.395833333333333,0.999579124579124
2010,"Somna","1812","Nordland",1.40437462462935,0.338228839847747,0.854113231938755
2010,"Sor-Varanger","2030","Finnmark",1.4054793949658,0.337962976690638,0.853441860329894
2010,"Sorfold","1845","Nordland",1.31775358656695,0.360461929181681,0.910257396923436
2010,"Sorreisa","1925","Troms",1.2,0.395833333333333,0.999579124579124
2010,"Sortland","1870","Nordland",1.25196866833199,0.379402465904237,0.958087035111709
2010,"Steigen","1848","Nordland",1.3027487405633,0.364613670472337,0.920741592101862
2010,"Tjeldsund","1852","Nordland",1.45482930599735,0.326498784456618,0.824491879940954
2010,"Torsken","1928","Troms",1.38963950179264,0.341815268914886,0.863169870997186
2010,"Traena","1835","Nordland",1.91410401619372,0.248157882738556,0.626661320046857
2010,"Tranoy","1927","Troms",1.24501556732215,0.381521333923283,0.963437711927482
2010,"Tromso","1902","Troms",1.30757479158952,0.363267939283672,0.917343281019373
2010,"Tysfjord","1850","Nordland",1.72888238370021,0.274743964354238,0.693797889783429
2010,"Vagan","1865","Nordland",1.41381562073098,0.335970258805326,0.848409744457894
2010,"Vefsn","1824","Nordland",1.2,0.395833333333333,0.999579124579124
2010,"Vega","1815","Nordland",1.2843502641511,0.369836806405732,0.933931329307405
2010,"Vestvagoy","1860","Nordland",1.39244353350974,0.341126938772686,0.861431663567388
2010,"Vevelstad","1816","Nordland",1.32188749984324,0.359334663544613,0.907410766526799
2011,"Alstahaug","1820","Nordland",1.46038227714873,0.325257302442341,0.821356824349345
2011,"Alta","2012","Finnmark",1.26780565428011,0.374663102658047,0.946118946106179
2011,"Andoy","1871","Nordland",1.30334922194137,0.364445685011786,0.920317386393398
2011,"Ballangen","1854","Nordland",1.2,0.395833333333333,0.999579124579124
2011,"Balsfjord","1933","Troms",1.36227148355874,0.348682333685155,0.880510943649381
2011,"Berg","1929","Troms",1.2,0.395833333333333,0.999579124579124
2011,"Bindal","1811","Nordland",1.2,0.395833333333333,0.999579124579124
2011,"Bo","1867","Nordland",1.31549492708943,0.361080829897953,0.911820277520083
2011,"Bodo","1804","Nordland",1.24452608156172,0.381671390449235,0.963816642548573
2011,"Bronnoy","1813","Nordland",1.24485428104935,0.381570764732077,0.963562537202213
2011,"Donna","1827","Nordland",1.50274373920686,0.316088490410683,0.798203258612835
2011,"Dyroy","1926","Troms",1.2,0.395833333333333,0.999579124579124
2011,"Evenes","1853","Nordland",1.2,0.395833333333333,0.999579124579124
2011,"Fauske","1841","Nordland",1.2,0.395833333333333,0.999579124579124
2011,"Flakstad","1859","Nordland",1.8594209008404,0.255455878647656,0.645090602645595
2011,"Gamvik","2023","Finnmark",1.25332965157747,0.37899047501362,0.957046654074799
2011,"Gildeskal","1838","Nordland",1.2808614440356,0.370844170703913,0.936475178545235
2011,"Gratangen","1919","Troms",1.2,0.395833333333333,0.999579124579124
2011,"Hadsel","1866","Nordland",1.2575603531824,0.377715470114782,0.953826944734297
2011,"Hamaroy","1849","Nordland",1.26286756553576,0.376128117439207,0.949818478381835
2011,"Hammerfest","2004","Finnmark",1.28734696355314,0.368975896512761,0.931757314426163
2011,"Harstad","1903","Troms",1.2954704067005,0.366662177339738,0.925914589241764
2011,"Hasvik","2015","Finnmark",1.26824044496925,0.374534656960509,0.945794588284113
2011,"Hemnes","1832","Nordland",1.2,0.395833333333333,0.999579124579124
2011,"Heroy","1818","Nordland",1.58207686032994,0.300238257641249,0.758177418285982
2011,"Ibestad","1917","Troms",1.23547932944561,0.384466165219572,0.970874154594878
2011,"Kafjord","1940","Troms",1.32688624503698,0.357980951100117,0.903992300757872
2011,"Karlsoy","1936","Troms",1.42724153796921,0.332809820456787,0.84042883953734
2011,"Kvaefjord","1911","Troms",1.34686408023267,0.352671072732108,0.890583517000272
2011,"Kvaenangen","1943","Troms",1.29100175856019,0.367931334601551,0.929119531822097
2011,"Kvalsund","2017","Finnmark",1.29065476460025,0.36803025334751,0.929369326635126
2011,"Lavangen","1920","Troms",1.2,0.395833333333333,0.999579124579124
2011,"Lebesby","2022","Finnmark",1.25332965157747,0.37899047501362,0.957046654074799
2011,"Leirfjord","1822","Nordland",1.28355876592521,0.3700648638846,0.934507232031819
2011,"Lenvik","1931","Troms",1.25240668599618,0.37926977339807,0.957751953025428
2011,"Lodingen","1851","Nordland",1.2,0.395833333333333,0.999579124579124
2011,"Loppa","2014","Finnmark",1.2844045126491,0.369821185866364,0.933891883500919
2011,"Luroy","1834","Nordland",1.30964505170374,0.362693692754432,0.915893163521294
2011,"Lyngen","1938","Troms",1.50166345415759,0.316315882020627,0.798777479850068
2011,"Malselv","1924","Troms",1.29387319456928,0.36711480073449,0.927057577612347
2011,"Masoy","2018","Finnmark",1.25048532064259,0.379852519784806,0.959223534810116
2011,"Meloy","1837","Nordland",1.25621132039795,0.378121094983866,0.954851249959257
2011,"Moskenes","1874","Nordland",1.24842820939894,0.380478425931029,0.960804105886436
2011,"Narvik","1805","Nordland",1.2,0.395833333333333,0.999579124579124
2011,"Nesna","1828","Nordland",1.37404156899422,0.345695509305221,0.872968457841466
2011,"Nesseby","2027","Finnmark",1.244471493703,0.38168813219386,0.963858919681464
2011,"Nordkapp","2019","Finnmark",1.34423982634439,0.353359564782235,0.892322133288472
2011,"Nordreisa","1942","Troms",1.28689532564413,0.369105389175494,0.932084316099732
2011,"Oksnes","1868","Nordland",1.26786039330167,0.374646926830043,0.946078098055665
2011,"Rana","1833","Nordland",1.2,0.395833333333333,0.999579124579124
2011,"Rodoy","1836","Nordland",1.2846258375779,0.369757470311815,0.933730985635895
2011,"Salangen","1923","Troms",1.24111846945741,0.38271930656842,0.966462895374798
2011,"Saltdal","1840","Nordland",1.2,0.395833333333333,0.999579124579124
2011,"Skanland","1913","Troms",1.22486859295998,0.387796701401357,0.979284599498376
2011,"Skjervoy","1941","Troms",1.29100175856019,0.367931334601551,0.929119531822097
2011,"Somna","1812","Nordland",1.2,0.395833333333333,0.999579124579124
2011,"Sor-Varanger","2030","Finnmark",1.244471493703,0.38168813219386,0.963858919681464
2011,"Sorfold","1845","Nordland",1.2,0.395833333333333,0.999579124579124
2011,"Sorreisa","1925","Troms",1.20621564494651,0.393793599005311,0.994428280316442
2011,"Sortland","1870","Nordland",1.31549492708943,0.361080829897953,0.911820277520083
2011,"Steigen","1848","Nordland",1.2,0.395833333333333,0.999579124579124
2011,"Storfjord","1939","Troms",1.22827505276466,0.386721198098786,0.976568682067641
2011,"Tjeldsund","1852","Nordland",1.2,0.395833333333333,0.999579124579124
2011,"Torsken","1928","Troms",1.2,0.395833333333333,0.999579124579124
2011,"Traena","1835","Nordland",1.4854278804801,0.319773182018422,0.807508035400054
2011,"Tranoy","1927","Troms",1.2,0.395833333333333,0.999579124579124
2011,"Tromso","1902","Troms",1.38457853411222,0.343064685965657,0.86632496455974
2011,"Tysfjord","1850","Nordland",1.30565129268938,0.363803109344453,0.918694720566801
2011,"Vagan","1865","Nordland",1.3633672401479,0.34840209300355,0.879803265160479
2011,"Vefsn","1824","Nordland",1.2,0.395833333333333,0.999579124579124
2011,"Vega","1815","Nordland",1.37830117551654,0.344627145675898,0.87027056988863
2011,"Vestvagoy","1860","Nordland",1.38982005397732,0.341770863530618,0.86305773618843
2011,"Vevelstad","1816","Nordland",1.20172289954941,0.395265830565518,0.99814603678161
2012,"Alstahaug","1820","Nordland",1.26195567055335,0.376399909350001,0.950504821590912
2012,"Alta","2012","Finnmark",1.2708686532823,0.373760103983371,0.943838646422653
2012,"Andoy","1871","Nordland",1.33947189739891,0.354617368921581,0.895498406367629
2012,"Ballangen","1854","Nordland",1.29628499824239,0.366431765116502,0.925332740193188
2012,"Balsfjord","1933","Troms",1.2,0.395833333333333,0.999579124579124
2012,"Berg","1929","Troms",1.2,0.395833333333333,0.999579124579124
2012,"Bindal","1811","Nordland",1.2,0.395833333333333,0.999579124579124
2012,"Bo","1867","Nordland",1.37743563596985,0.344843699114516,0.870817422006354
2012,"Bodo","1804","Nordland",1.24749806322746,0.380762114188062,0.961520490373895
2012,"Bronnoy","1813","Nordland",1.3769685449808,0.344960675922066,0.871112817985015
2012,"Donna","1827","Nordland",1.36208014495452,0.348731314937317,0.880634633680094
2012,"Dyroy","1926","Troms",1.30901578912866,0.362868044789727,0.916333446438705
2012,"Evenes","1853","Nordland",1.2,0.395833333333333,0.999579124579124
2012,"Fauske","1841","Nordland",1.2,0.395833333333333,0.999579124579124
2012,"Flakstad","1859","Nordland",1.52380401821572,0.311719876258231,0.787171404692504
2012,"Gamvik","2023","Finnmark",1.2,0.395833333333333,0.999579124579124
2012,"Gildeskal","1838","Nordland",1.30810821622461,0.363119804698512,0.916969203784122
2012,"Gratangen","1919","Troms",1.2,0.395833333333333,0.999579124579124
2012,"Hadsel","1866","Nordland",1.20079392623324,0.395571621094074,0.998918235086045
2012,"Hamaroy","1849","Nordland",1.27059074532925,0.373841854071518,0.944045086039188
2012,"Hammerfest","2004","Finnmark",1.2849943539266,0.369651429633545,0.933463206145317
2012,"Harstad","1903","Troms",1.20366408567406,0.394628373192672,0.996536295941091
2012,"Hasvik","2015","Finnmark",1.33551967060193,0.355666794324275,0.898148470515845
2012,"Hemnes","1832","Nordland",1.20423031755814,0.394442818017714,0.996067722266953
2012,"Heroy","1818","Nordland",1.27908261616007,0.371359905919132,0.937777540199828
2012,"Ibestad","1917","Troms",1.2,0.395833333333333,0.999579124579124
2012,"Kafjord","1940","Troms",1.2,0.395833333333333,0.999579124579124
2012,"Karlsoy","1936","Troms",1.2,0.395833333333333,0.999579124579124
2012,"Kvaefjord","1911","Troms",1.2,0.395833333333333,0.999579124579124
2012,"Kvaenangen","1943","Troms",1.2,0.395833333333333,0.999579124579124
2012,"Kvalsund","2017","Finnmark",1.33126491615207,0.356803513888846,0.901018974466784
2012,"Lavangen","1920","Troms",1.2,0.395833333333333,0.999579124579124
2012,"Lebesby","2022","Finnmark",1.2,0.395833333333333,0.999579124579124
2012,"Leirfjord","1822","Nordland",1.2,0.395833333333333,0.999579124579124
2012,"Lenvik","1931","Troms",1.33982463173982,0.354524009148267,0.895262649364311
2012,"Lodingen","1851","Nordland",1.2,0.395833333333333,0.999579124579124
2012,"Loppa","2014","Finnmark",1.26874934200721,0.374384430614587,0.945415228824715
2012,"Luroy","1834","Nordland",1.241996796288,0.382448651574343,0.965779423167532
2012,"Lyngen","1938","Troms",1.2,0.395833333333333,0.999579124579124
2012,"Malselv","1924","Troms",1.24222506917306,0.382378372315578,0.965601950291865
2012,"Masoy","2018","Finnmark",1.34689098903073,0.352664026909724,0.890565724519505
2012,"Meloy","1837","Nordland",1.22151014133292,0.388862919698463,0.981977069945614
2012,"Moskenes","1874","Nordland",1.25309048701254,0.379062809049357,0.957229315781204
2012,"Narvik","1805","Nordland",1.2,0.395833333333333,0.999579124579124
2012,"Nesna","1828","Nordland",1.36718819523209,0.347428394756849,0.877344431204165
2012,"Nesseby","2027","Finnmark",1.2,0.395833333333333,0.999579124579124
2012,"Nordkapp","2019","Finnmark",1.50322347639588,0.315987614256036,0.797948520848575
2012,"Nordreisa","1942","Troms",1.2,0.395833333333333,0.999579124579124
2012,"Oksnes","1868","Nordland",1.33389899024357,0.35609892763564,0.899239716251616
2012,"Rana","1833","Nordland",1.2,0.395833333333333,0.999579124579124
2012,"Rodoy","1836","Nordland",1.28444478902833,0.369809589370778,0.933862599421156
2012,"Salangen","1923","Troms",1.24626449751393,0.381138996535276,0.962472213472919
2012,"Saltdal","1840","Nordland",1.2,0.395833333333333,0.999579124579124
2012,"Skanland","1913","Troms",1.2,0.395833333333333,0.999579124579124
2012,"Skjervoy","1941","Troms",1.2,0.395833333333333,0.999579124579124
2012,"Somna","1812","Nordland",1.2,0.395833333333333,0.999579124579124
2012,"Sor-Varanger","2030","Finnmark",1.2,0.395833333333333,0.999579124579124
2012,"Sorfold","1845","Nordland",1.24541156390627,0.381400023707944,0.963131372999857
2012,"Sorreisa","1925","Troms",1.42718385259476,0.332823272303988,0.840462808848454
2012,"Sortland","1870","Nordland",1.37743563596985,0.344843699114516,0.870817422006354
2012,"Steigen","1848","Nordland",1.24213299575288,0.382406716208432,0.965673525778869
2012,"Storfjord","1939","Troms",1.2,0.395833333333333,0.999579124579124
2012,"Tjeldsund","1852","Nordland",1.42264580101208,0.333884934438411,0.843143773834371
2012,"Torsken","1928","Troms",1.2,0.395833333333333,0.999579124579124
2012,"Traena","1835","Nordland",1.47857662389898,0.321254909838514,0.811249772319479
2012,"Tranoy","1927","Troms",1.24976519965202,0.380071392716213,0.959776244232861
2012,"Tromso","1902","Troms",1.20967971836995,0.392665920397561,0.991580607064548
2012,"Tysfjord","1850","Nordland",1.29382098253421,0.367129615620869,0.927094988941588
2012,"Vagan","1865","Nordland",1.30432615838221,0.364172716269952,0.919628071388769
2012,"Vefsn","1824","Nordland",1.2,0.395833333333333,0.999579124579124
2012,"Vega","1815","Nordland",1.3502178694596,0.351795077478947,0.88837140777512
2012,"Vestvagoy","1860","Nordland",1.2,0.395833333333333,0.999579124579124
2012,"Vevelstad","1816","Nordland",1.26796617488174,0.374615671466395,0.945999170369683
2013,"Alstahaug","1820","Nordland",1.23604008540934,0.384291743938624,0.970433696814708
2013,"Alta","2012","Finnmark",1.47822020160324,0.321332369483807,0.811445377484362
2013,"Andoy","1871","Nordland",1.38502782461625,0.342953398883238,0.866043936573834
2013,"Ballangen","1854","Nordland",1.2,0.395833333333333,0.999579124579124
2013,"Balsfjord","1933","Troms",1.25742120285902,0.377757269338219,0.953932498328835
2013,"Berg","1929","Troms",1.2,0.395833333333333,0.999579124579124
2013,"Bindal","1811","Nordland",1.2,0.395833333333333,0.999579124579124
2013,"Bo","1867","Nordland",1.37968687672756,0.344281016230755,0.869396505633219
2013,"Bodo","1804","Nordland",1.32279874949223,0.359087125068976,0.9067856693661
2013,"Bronnoy","1813","Nordland",1.2,0.395833333333333,0.999579124579124
2013,"Donna","1827","Nordland",1.31227318555003,0.361967313841674,0.914058873337561
2013,"Dyroy","1926","Troms",1.2,0.395833333333333,0.999579124579124
2013,"Evenes","1853","Nordland",1.23629530137241,0.384212412255149,0.97023336428068
2013,"Fauske","1841","Nordland",1.27993932571702,0.371111341339485,0.937149851867387
2013,"Flakstad","1859","Nordland",1.26773695018209,0.374683407257138,0.946170220346308
2013,"Gamvik","2023","Finnmark",1.2,0.395833333333333,0.999579124579124
2013,"Gildeskal","1838","Nordland",1.34138269942268,0.354112215853413,0.8942227673066
2013,"Gratangen","1919","Troms",1.2,0.395833333333333,0.999579124579124
2013,"Hadsel","1866","Nordland",1.44130061507126,0.329563447786718,0.832230928754337
2013,"Hamaroy","1849","Nordland",1.2,0.395833333333333,0.999579124579124
2013,"Hammerfest","2004","Finnmark",1.40954895357151,0.336987231835012,0.850977858169221
2013,"Harstad","1903","Troms",1.24348236673163,0.381991745687951,0.964625620424119
2013,"Hasvik","2015","Finnmark",1.49836687900256,0.317011812431546,0.80053487987764
2013,"Hemnes","1832","Nordland",1.2,0.395833333333333,0.999579124579124
2013,"Heroy","1818","Nordland",1.28477338086205,0.369715007390088,0.933623756035576
2013,"Ibestad","1917","Troms",1.2,0.395833333333333,0.999579124579124
2013,"Kafjord","1940","Troms",1.4374942130307,0.330436112851229,0.834434628412194
2013,"Karlsoy","1936","Troms",1.26149646092067,0.376536926352797,0.950850824123224
2013,"Kvaefjord","1911","Troms",1.2,0.395833333333333,0.999579124579124
2013,"Kvaenangen","1943","Troms",1.2,0.395833333333333,0.999579124579124
2013,"Kvalsund","2017","Finnmark",1.42388811816568,0.333593625749134,0.842408145831147
2013,"Lavangen","1920","Troms",1.2,0.395833333333333,0.999579124579124
2013,"Lebesby","2022","Finnmark",1.2,0.395833333333333,0.999579124579124
2013,"Leirfjord","1822","Nordland",1.36159108064511,0.348856574306399,0.88095094521818
2013,"Lenvik","1931","Troms",1.2468873282209,0.380948614401068,0.961991450507747
2013,"Lodingen","1851","Nordland",1.56945389283755,0.302653045220212,0.764275366717708
2013,"Loppa","2014","Finnmark",1.49008641694136,0.318773458102527,0.804983480056886
2013,"Luroy","1834","Nordland",1.25054507683641,0.379834368867086,0.959177699159307
2013,"Lyngen","1938","Troms",1.24260365425352,0.382261872781431,0.965307759549068
2013,"Malselv","1924","Troms",1.21831316723877,0.3898833344111,0.984553874775504
2013,"Masoy","2018","Finnmark",1.56648127807719,0.303227371209343,0.765725684872079
2013,"Meloy","1837","Nordland",1.2770692969005,0.371945360485014,0.939255960820743
2013,"Moskenes","1874","Nordland",1.2,0.395833333333333,0.999579124579124
2013,"Narvik","1805","Nordland",1.23629530137241,0.384212412255149,0.97023336428068
2013,"Nesna","1828","Nordland",1.26392004043215,0.375814912973127,0.949027558012948
2013,"Nesseby","2027","Finnmark",1.30368938567853,0.364350592417209,0.920077253578811
2013,"Nordkapp","2019","Finnmark",1.71796820516269,0.2764894010102,0.698205558106565
2013,"Nordreisa","1942","Troms",1.2,0.395833333333333,0.999579124579124
2013,"Oksnes","1868","Nordland",1.41257941511548,0.336264280023624,0.849152222281879
2013,"Rana","1833","Nordland",1.23351238002768,0.385079232029548,0.972422303104918
2013,"Rodoy","1836","Nordland",1.23082763053639,0.385919188207529,0.974543404564467
2013,"Salangen","1923","Troms",1.2,0.395833333333333,0.999579124579124
2013,"Saltdal","1840","Nordland",1.27993932571702,0.371111341339485,0.937149851867387
2013,"Skanland","1913","Troms",1.26072595611802,0.376767050519528,0.951431945756384
2013,"Skjervoy","1941","Troms",1.2,0.395833333333333,0.999579124579124
2013,"Somna","1812","Nordland",1.2,0.395833333333333,0.999579124579124
2013,"Sor-Varanger","2030","Finnmark",1.30368938567853,0.364350592417209,0.920077253578811
2013,"Sorfold","1845","Nordland",1.2779879905457,0.371677984076497,0.938580767869942
2013,"Sorreisa","1925","Troms",1.31227087595367,0.361967950904041,0.914060482080911
2013,"Sortland","1870","Nordland",1.37968687672756,0.344281016230755,0.869396505633219
2013,"Steigen","1848","Nordland",1.25525118463163,0.378410318042756,0.955581611219081
2013,"Storfjord","1939","Troms",1.54767912243461,0.306911163376547,0.775028190344815
2013,"Tjeldsund","1852","Nordland",1.38287501132087,0.34348729719709,0.867392164639117
2013,"Torsken","1928","Troms",1.2,0.395833333333333,0.999579124579124
2013,"Traena","1835","Nordland",1.27581000821635,0.372312489274226,0.940183053722793
2013,"Tranoy","1927","Troms",1.31504454340634,0.361204494845181,0.912132562740356
2013,"Tromso","1902","Troms",1.24937198043572,0.380191013915923,0.960078317969503
2013,"Tysfjord","1850","Nordland",1.2,0.395833333333333,0.999579124579124
2013,"Vagan","1865","Nordland",1.40567849252488,0.337915108274015,0.853320980489936
2013,"Vefsn","1824","Nordland",1.21859194621781,0.389794140256937,0.984328637012466
2013,"Vega","1815","Nordland",1.2,0.395833333333333,0.999579124579124
2013,"Vestvagoy","1860","Nordland",1.41542718690609,0.33558773237801,0.847443768631338
2013,"Vevelstad","1816","Nordland",1.2,0.395833333333333,0.999579124579124
2014,"Alstahaug","1820","Nordland",1.3345101165517,0.35593585549383,0.898827917913712
2014,"Alta","2012","Finnmark",1.3837245989311,0.343276400785914,0.866859597944228
2014,"Andoy","1871","Nordland",1.42389684219019,0.33359158186584,0.842402984509696
2014,"Ballangen","1854","Nordland",1.22157724256981,0.388841559458615,0.981923129945997
2014,"Balsfjord","1933","Troms",1.25850374403819,0.377432329661456,0.953111943589534
2014,"Berg","1929","Troms",1.30204531012907,0.364810653135346,0.921239023069055
2014,"Bindal","1811","Nordland",1.2,0.395833333333333,0.999579124579124
2014,"Bo","1867","Nordland",1.46076955238462,0.325171071114258,0.821139068470347
2014,"Bodo","1804","Nordland",1.25270304955571,0.379180046036022,0.957525368777834
2014,"Bronnoy","1813","Nordland",1.2,0.395833333333333,0.999579124579124
2014,"Donna","1827","Nordland",1.34104434317102,0.354201561207752,0.894448386888264
2014,"Dyroy","1926","Troms",1.2,0.395833333333333,0.999579124579124
2014,"Evenes","1853","Nordland",1.2,0.395833333333333,0.999579124579124
2014,"Fauske","1841","Nordland",1.9115245497757,0.24849275415047,0.627506954925429
2014,"Flakstad","1859","Nordland",1.3950809244768,0.34048204062294,0.859803132886213
2014,"Gamvik","2023","Finnmark",1.2,0.395833333333333,0.999579124579124
2014,"Gildeskal","1838","Nordland",1.2,0.395833333333333,0.999579124579124
2014,"Gratangen","1919","Troms",1.2,0.395833333333333,0.999579124579124
2014,"Hadsel","1866","Nordland",1.44553838903215,0.328597291918364,0.82979114120799
2014,"Hamaroy","1849","Nordland",1.2,0.395833333333333,0.999579124579124
2014,"Hammerfest","2004","Finnmark",1.37908735441346,0.344430683437034,0.869774453123823
2014,"Harstad","1903","Troms",1.2,0.395833333333333,0.999579124579124
2014,"Hasvik","2015","Finnmark",1.409959151408,0.336889192517145,0.850730284134204
2014,"Hemnes","1832","Nordland",1.2,0.395833333333333,0.999579124579124
2014,"Heroy","1818","Nordland",1.32448300029234,0.358630499519556,0.905632574544332
2014,"Ibestad","1917","Troms",1.2,0.395833333333333,0.999579124579124
2014,"Kafjord","1940","Troms",1.30396968271823,0.364272272810687,0.919879476794663
2014,"Karlsoy","1936","Troms",1.25132974943201,0.379596185750085,0.958576226641628
2014,"Kvaefjord","1911","Troms",1.20439894960328,0.39438759072022,0.995928259394495
2014,"Kvaenangen","1943","Troms",1.2,0.395833333333333,0.999579124579124
2014,"Kvalsund","2017","Finnmark",1.31852090009359,0.360252158283032,0.909727672431898
2014,"Lavangen","1920","Troms",1.2,0.395833333333333,0.999579124579124
2014,"Lebesby","2022","Finnmark",1.2,0.395833333333333,0.999579124579124
2014,"Leirfjord","1822","Nordland",1.34001017768906,0.354474919600364,0.895138685859504
2014,"Lenvik","1931","Troms",1.22497292278351,0.387763673110957,0.979201194724638
2014,"Lodingen","1851","Nordland",1.38057343526287,0.344059930364774,0.868838207991854
2014,"Loppa","2014","Finnmark",1.39280788706078,0.341037701188198,0.861206316131812
2014,"Luroy","1834","Nordland",1.28215426204018,0.370470242203286,0.935530914654763
2014,"Lyngen","1938","Troms",1.2,0.395833333333333,0.999579124579124
2014,"Malselv","1924","Troms",1.33161812632062,0.356708872169281,0.900779980225456
2014,"Masoy","2018","Finnmark",1.21772308055164,0.390072264857474,0.985030971862309
2014,"Meloy","1837","Nordland",1.2,0.395833333333333,0.999579124579124
2014,"Moskenes","1874","Nordland",1.2,0.395833333333333,0.999579124579124
2014,"Narvik","1805","Nordland",1.2,0.395833333333333,0.999579124579124
2014,"Nesna","1828","Nordland",1.41875666579307,0.334800189103943,0.845455022989756
2014,"Nesseby","2027","Finnmark",1.36446190516777,0.348122580924379,0.879097426576714
2014,"Nordkapp","2019","Finnmark",1.2,0.395833333333333,0.999579124579124
2014,"Nordreisa","1942","Troms",1.2,0.395833333333333,0.999579124579124
2014,"Oksnes","1868","Nordland",1.53284481430078,0.309881336694004,0.782528628015162
2014,"Rana","1833","Nordland",1.2,0.395833333333333,0.999579124579124
2014,"Rodoy","1836","Nordland",1.22578166885367,0.387507834445111,0.978555137487654
2014,"Salangen","1923","Troms",1.2,0.395833333333333,0.999579124579124
2014,"Saltdal","1840","Nordland",1.9115245497757,0.24849275415047,0.627506954925429
2014,"Skanland","1913","Troms",1.2,0.395833333333333,0.999579124579124
2014,"Skjervoy","1941","Troms",1.2,0.395833333333333,0.999579124579124
2014,"Somna","1812","Nordland",1.2,0.395833333333333,0.999579124579124
2014,"Sor-Varanger","2030","Finnmark",1.36446190516777,0.348122580924379,0.879097426576714
2014,"Sorfold","1845","Nordland",1.20171324888516,0.39526900484842,0.998154052647526
2014,"Sorreisa","1925","Troms",1.21324064722797,0.391513424055883,0.988670262767381
2014,"Sortland","1870","Nordland",1.46076955238462,0.325171071114258,0.821139068470347
2014,"Steigen","1848","Nordland",1.20922805034909,0.392812588049768,0.991950979923656
2014,"Storfjord","1939","Troms",1.54829617175701,0.306788848712949,0.77471931493169
2014,"Tjeldsund","1852","Nordland",1.2828805666483,0.370260499962988,0.935001262532799
2014,"Torsken","1928","Troms",1.26735075229703,0.374797583967246,0.946458545371834
2014,"Traena","1835","Nordland",1.48719070760008,0.319394141970211,0.806550863561139
2014,"Tranoy","1927","Troms",1.22639462118969,0.387314157933289,0.978066055387093
2014,"Tromso","1902","Troms",1.27185418847704,0.373470484512678,0.943107284122923
2014,"Tysfjord","1850","Nordland",1.24434826583131,0.381725930788892,0.963954370679021
2014,"Vaeroy","1857","Nordland",1.27207752280357,0.373404915569244,0.942941705982939
2014,"Vagan","1865","Nordland",1.39547193159199,0.340386638560411,0.859562218586897
2014,"Vefsn","1824","Nordland",1.24677849730539,0.380981867289656,0.962075422448627
2014,"Vega","1815","Nordland",1.2,0.395833333333333,0.999579124579124
2014,"Vestvagoy","1860","Nordland",1.42257012808768,0.333902695284717,0.843188624456356
2014,"Vevelstad","1816","Nordland",1.2,0.395833333333333,0.999579124579124
2015,"Alstahaug","1820","Nordland",1.29520886968772,0.366736216155257,0.926101555947618
2015,"Alta","2012","Finnmark",1.41669951999706,0.335286342160253,0.84668268222286
2015,"Andoy","1871","Nordland",1.21149625908787,0.39207714958825,0.990093812091541
2015,"Ballangen","1854","Nordland",1.3923895969319,0.341140152904511,0.861465032587149
2015,"Balsfjord","1933","Troms",1.2,0.395833333333333,0.999579124579124
2015,"Berg","1929","Troms",1.2,0.395833333333333,0.999579124579124
2015,"Bindal","1811","Nordland",1.2,0.395833333333333,0.999579124579124
2015,"Bo","1867","Nordland",1.30998582876894,0.362599342350428,0.915654904925324
2015,"Bodo","1804","Nordland",1.2,0.395833333333333,0.999579124579124
2015,"Bronnoy","1813","Nordland",1.2,0.395833333333333,0.999579124579124
2015,"Donna","1827","Nordland",1.30563448944273,0.363807791415453,0.918706543978416
2015,"Dyroy","1926","Troms",1.2,0.395833333333333,0.999579124579124
2015,"Evenes","1853","Nordland",1.60514474215974,0.295923468783807,0.747281486827795
2015,"Fauske","1841","Nordland",1.2,0.395833333333333,0.999579124579124
2015,"Flakstad","1859","Nordland",1.2,0.395833333333333,0.999579124579124
2015,"Gamvik","2023","Finnmark",1.80178649510284,0.263627239570851,0.665725352451645
2015,"Gildeskal","1838","Nordland",1.2,0.395833333333333,0.999579124579124
2015,"Gratangen","1919","Troms",1.2,0.395833333333333,0.999579124579124
2015,"Hadsel","1866","Nordland",1.2,0.395833333333333,0.999579124579124
2015,"Hamaroy","1849","Nordland",1.34781288350064,0.35242280721215,0.889956583869066
2015,"Hammerfest","2004","Finnmark",1.42199546372992,0.334037633814995,0.843529378320695
2015,"Harstad","1903","Troms",1.2762343091794,0.372188709066612,0.939870477440939
2015,"Hasvik","2015","Finnmark",1.36107692390044,0.348988357424201,0.881283730869194
2015,"Hemnes","1832","Nordland",1.2,0.395833333333333,0.999579124579124
2015,"Heroy","1818","Nordland",1.36656537354617,0.347586737667294,0.877744287038621
2015,"Ibestad","1917","Troms",1.2,0.395833333333333,0.999579124579124
2015,"Kafjord","1940","Troms",1.2,0.395833333333333,0.999579124579124
2015,"Karlsoy","1936","Troms",1.2,0.395833333333333,0.999579124579124
2015,"Kvaefjord","1911","Troms",1.3415229782254,0.354075187462194,0.894129261268167
2015,"Kvaenangen","1943","Troms",1.64964856365046,0.287940116741524,0.72712150692304
2015,"Kvalsund","2017","Finnmark",1.55829602065021,0.304820132828037,0.769747810171812
2015,"Lavangen","1920","Troms",1.2,0.395833333333333,0.999579124579124
2015,"Lebesby","2022","Finnmark",1.80178649510284,0.263627239570851,0.665725352451645
2015,"Leirfjord","1822","Nordland",1.29299858647772,0.36736312395666,0.927684656456211
2015,"Lenvik","1931","Troms",1.2,0.395833333333333,0.999579124579124
2015,"Lodingen","1851","Nordland",1.2,0.395833333333333,0.999579124579124
2015,"Loppa","2014","Finnmark",1.3870781831391,0.34244645022462,0.864763763193486
2015,"Luroy","1834","Nordland",1.24768512784331,0.380705026773112,0.961376330235132
2015,"Lyngen","1938","Troms",1.22413444296834,0.388029274667083,0.979871905724957
2015,"Malselv","1924","Troms",1.2,0.395833333333333,0.999579124579124
2015,"Masoy","2018","Finnmark",2.7509440645023,0.17266799646322,0.43603029409904
2015,"Meloy","1837","Nordland",1.2,0.395833333333333,0.999579124579124
2015,"Moskenes","1874","Nordland",2.1112758644636,0.224982442131351,0.568137480129673
2015,"Narvik","1805","Nordland",1.60514474215974,0.295923468783807,0.747281486827795
2015,"Nesna","1828","Nordland",1.30733963888078,0.363333280712462,0.917508284627429
2015,"Nesseby","2027","Finnmark",1.47910483671706,0.321140184393071,0.810960061598664
2015,"Nordkapp","2019","Finnmark",2.56927853331735,0.184876802511053,0.46686061240165
2015,"Nordreisa","1942","Troms",1.5656353168893,0.303391214337038,0.766139430144036
2015,"Oksnes","1868","Nordland",1.2,0.395833333333333,0.999579124579124
2015,"Rana","1833","Nordland",1.2,0.395833333333333,0.999579124579124
2015,"Rodoy","1836","Nordland",1.2,0.395833333333333,0.999579124579124
2015,"Salangen","1923","Troms",1.2,0.395833333333333,0.999579124579124
2015,"Saltdal","1840","Nordland",1.2,0.395833333333333,0.999579124579124
2015,"Skanland","1913","Troms",1.2,0.395833333333333,0.999579124579124
2015,"Skjervoy","1941","Troms",1.64964856365046,0.287940116741524,0.72712150692304
2015,"Somna","1812","Nordland",1.2,0.395833333333333,0.999579124579124
2015,"Sor-Varanger","2030","Finnmark",1.47910483671706,0.321140184393071,0.810960061598664
2015,"Sorfold","1845","Nordland",1.30977721704747,0.362657094517764,0.915800743731728
2015,"Sorreisa","1925","Troms",1.2,0.395833333333333,0.999579124579124
2015,"Sortland","1870","Nordland",1.30998582876894,0.362599342350428,0.915654904925324
2015,"Steigen","1848","Nordland",1.30049597722629,0.36524526666594,0.922336531984697
2015,"Storfjord","1939","Troms",1.2,0.395833333333333,0.999579124579124
2015,"Tjeldsund","1852","Nordland",1.21786430411759,0.390027032070837,0.984916747653628
2015,"Torsken","1928","Troms",1.20573638151251,0.393950126481335,0.994823551720542
2015,"Traena","1835","Nordland",1.35853679078452,0.349640880704968,0.882931516931737
2015,"Tranoy","1927","Troms",1.2,0.395833333333333,0.999579124579124
2015,"Tromso","1902","Troms",1.2,0.395833333333333,0.999579124579124
2015,"Tysfjord","1850","Nordland",1.30186627743444,0.364860821908739,0.921365711890754
2015,"Vaeroy","1857","Nordland",2.1112758644636,0.224982442131351,0.568137480129673
2015,"Vagan","1865","Nordland",1.2,0.395833333333333,0.999579124579124
2015,"Vefsn","1824","Nordland",1.2,0.395833333333333,0.999579124579124
2015,"Vega","1815","Nordland",1.2,0.395833333333333,0.999579124579124
2015,"Vestvagoy","1860","Nordland",1.2,0.395833333333333,0.999579124579124
2015,"Vevelstad","1816","Nordland",1.2,0.395833333333333,0.999579124579124
2016,"Alstahaug","1820","Nordland",1.29487566731277,0.366830586125507,0.926339863953301
2016,"Alta","2012","Finnmark",1.35086147066985,0.351627469073095,0.887948154224988
2016,"Andoy","1871","Nordland",1.2464464181191,0.38108336876348,0.962331739301717
2016,"Ballangen","1854","Nordland",1.2,0.395833333333333,0.999579124579124
2016,"Balsfjord","1933","Troms",1.24666906980566,0.381015308315981,0.962159869484801
2016,"Batsfjord","2028","Finnmark",1.24646509941486,0.381077657307038,0.962317316431914
2016,"Berg","1929","Troms",1.2,0.395833333333333,0.999579124579124
2016,"Bindal","1811","Nordland",1.2,0.395833333333333,0.999579124579124
2016,"Bo","1867","Nordland",1.27709548756016,0.371937732633814,0.939236698570237
2016,"Bodo","1804","Nordland",1.21135002356495,0.392124481578081,0.990213337318385
2016,"Bronnoy","1813","Nordland",1.2,0.395833333333333,0.999579124579124
2016,"Donna","1827","Nordland",1.23940462934319,0.38324852816769,0.967799313554773
2016,"Dyroy","1926","Troms",1.25179120152304,0.379456253904065,0.958222863394105
2016,"Evenes","1853","Nordland",1.2,0.395833333333333,0.999579124579124
2016,"Fauske","1841","Nordland",1.2,0.395833333333333,0.999579124579124
2016,"Flakstad","1859","Nordland",1.2,0.395833333333333,0.999579124579124
2016,"Gamvik","2023","Finnmark",1.2,0.395833333333333,0.999579124579124
2016,"Gildeskal","1838","Nordland",1.2,0.395833333333333,0.999579124579124
2016,"Gratangen","1919","Troms",1.2,0.395833333333333,0.999579124579124
2016,"Hadsel","1866","Nordland",1.41254003952148,0.336273653638104,0.849175893025516
2016,"Hamaroy","1849","Nordland",1.2,0.395833333333333,0.999579124579124
2016,"Hammerfest","2004","Finnmark",1.3369741683529,0.355279863473488,0.897171372407798
2016,"Harstad","1903","Troms",1.21271714525403,0.391682431355829,0.989097048878355
2016,"Hasvik","2015","Finnmark",1.37424027929066,0.345645522954093,0.872842229682053
2016,"Hemnes","1832","Nordland",1.2,0.395833333333333,0.999579124579124
2016,"Heroy","1818","Nordland",1.33858412854502,0.354852556421915,0.896092314196754
2016,"Ibestad","1917","Troms",1.2,0.395833333333333,0.999579124579124
2016,"Kafjord","1940","Troms",1.5484195978185,0.306764394269619,0.774657561286916
2016,"Karlsoy","1936","Troms",1.29855572398271,0.365791002440126,0.923714652626581
2016,"Kvaefjord","1911","Troms",1.2,0.395833333333333,0.999579124579124
2016,"Kvaenangen","1943","Troms",1.24184732922995,0.382494682574662,0.965895663067328
2016,"Kvalsund","2017","Finnmark",1.30074370533048,0.365175705293393,0.922160871953014
2016,"Lavangen","1920","Troms",1.2,0.395833333333333,0.999579124579124
2016,"Lebesby","2022","Finnmark",1.2,0.395833333333333,0.999579124579124
2016,"Leirfjord","1822","Nordland",1.23288174239471,0.385276205873058,0.972919711800652
2016,"Lenvik","1931","Troms",1.22986394714667,0.386221582559613,0.97530702666569
2016,"Lodingen","1851","Nordland",1.48986822367373,0.318820142917566,0.805101371003956
2016,"Loppa","2014","Finnmark",1.34103541031451,0.354203920602365,0.894454344955468
2016,"Luroy","1834","Nordland",1.35383538638685,0.350855063160737,0.885997634244284
2016,"Lyngen","1938","Troms",1.25888253153764,0.377318763347856,0.952825159969334
2016,"Malselv","1924","Troms",1.28572062907897,0.369442621715005,0.932935913421731
2016,"Masoy","2018","Finnmark",1.35439664513709,0.350709669656573,0.885630478930739
2016,"Meloy","1837","Nordland",1.27589769406631,0.372286902162326,0.940118439803852
2016,"Moskenes","1874","Nordland",1.2,0.395833333333333,0.999579124579124
2016,"Narvik","1805","Nordland",1.2,0.395833333333333,0.999579124579124
2016,"Nesna","1828","Nordland",1.20953791800928,0.3927119546461,0.991696855166919
2016,"Nesseby","2027","Finnmark",1.23992828957952,0.383086670408239,0.967390581838986
2016,"Nordkapp","2019","Finnmark",1.29939883877773,0.365553658988034,0.923115300474833
2016,"Nordreisa","1942","Troms",1.26016321673569,0.376935299881576,0.951856817882768
2016,"Oksnes","1868","Nordland",1.24540578028296,0.381401794917057,0.963135845750144
2016,"Rana","1833","Nordland",1.2,0.395833333333333,0.999579124579124
2016,"Rodoy","1836","Nordland",1.25460208734279,0.378606097337232,0.956076003376848
2016,"Salangen","1923","Troms",1.2,0.395833333333333,0.999579124579124
2016,"Saltdal","1840","Nordland",1.2,0.395833333333333,0.999579124579124
2016,"Skanland","1913","Troms",1.2,0.395833333333333,0.999579124579124
2016,"Skjervoy","1941","Troms",1.24184732922995,0.382494682574662,0.965895663067328
2016,"Somna","1812","Nordland",1.2,0.395833333333333,0.999579124579124
2016,"Sor-Varanger","2030","Finnmark",1.23992828957952,0.383086670408239,0.967390581838986
2016,"Sorfold","1845","Nordland",1.21478990046937,0.391014116775641,0.987409385797074
2016,"Sorreisa","1925","Troms",1.25332904415568,0.378990658690105,0.957047117904307
2016,"Sortland","1870","Nordland",1.27709548756016,0.371937732633814,0.939236698570237
2016,"Steigen","1848","Nordland",1.20327257914303,0.394756772682625,0.996860537077335
2016,"Storfjord","1939","Troms",1.60079538549021,0.296727492036431,0.749311848576845
2016,"Tjeldsund","1852","Nordland",1.22707936989249,0.387098024508078,0.977520263909288
2016,"Torsken","1928","Troms",1.2,0.395833333333333,0.999579124579124
2016,"Traena","1835","Nordland",1.32322626497517,0.358971109154119,0.90649269988414
2016,"Tranoy","1927","Troms",1.23413072978807,0.384886291650456,0.971935079925395
2016,"Tromso","1902","Troms",1.29529136155224,0.3667128602099,0.926042576287627
2016,"Tysfjord","1850","Nordland",1.2,0.395833333333333,0.999579124579124
2016,"Vagan","1865","Nordland",1.39554199008335,0.340369550594196,0.859519067157062
2016,"Vefsn","1824","Nordland",1.2,0.395833333333333,0.999579124579124
2016,"Vega","1815","Nordland",1.2,0.395833333333333,0.999579124579124
2016,"Vestvagoy","1860","Nordland",1.51360252246118,0.313820830073426,0.792476843619764
2016,"Vevelstad","1816","Nordland",1.2,0.395833333333333,0.999579124579124
2017,"Alstahaug","1820","Nordland",1.34350940131422,0.35355167558586,0.892807261580456
2017,"Alta","2012","Finnmark",1.33004974477145,0.35712949975538,0.901842171099444
2017,"Andoy","1871","Nordland",1.2,0.395833333333333,0.999579124579124
2017,"Ballangen","1854","Nordland",1.2,0.395833333333333,0.999579124579124
2017,"Balsfjord","1933","Troms",1.28159690741908,0.37063135627923,0.935937768381894
2017,"Batsfjord","2028","Finnmark",1.23702464660117,0.383985882015448,0.969661318220828
2017,"Berg","1929","Troms",1.2,0.395833333333333,0.999579124579124
2017,"Bindal","1811","Nordland",1.2,0.395833333333333,0.999579124579124
2017,"Bo","1867","Nordland",1.2306520346444,0.38597425318299,0.974682457532802
2017,"Bodo","1804","Nordland",1.2400317839114,0.38305469759954,0.967309842423081
2017,"Bronnoy","1813","Nordland",1.46704583320498,0.323779931920936,0.817626090709434
2017,"Donna","1827","Nordland",1.26036553568475,0.376874792709985,0.951704021994911
2017,"Dyroy","1926","Troms",1.2,0.395833333333333,0.999579124579124
2017,"Evenes","1853","Nordland",1.2,0.395833333333333,0.999579124579124
2017,"Fauske","1841","Nordland",1.2,0.395833333333333,0.999579124579124
2017,"Flakstad","1859","Nordland",1.2,0.395833333333333,0.999579124579124
2017,"Gamvik","2023","Finnmark",1.20194859432159,0.395191609894184,0.9979586108439
2017,"Gildeskal","1838","Nordland",1.2,0.395833333333333,0.999579124579124
2017,"Gratangen","1919","Troms",1.2,0.395833333333333,0.999579124579124
2017,"Hadsel","1866","Nordland",1.30481994196055,0.364034902230487,0.919280056137594
2017,"Hamaroy","1849","Nordland",1.20741332546194,0.393402979727981,0.993441867999953
2017,"Hammerfest","2004","Finnmark",1.36256529741416,0.348607146315442,0.880321076554146
2017,"Harstad","1903","Troms",1.2,0.395833333333333,0.999579124579124
2017,"Hasvik","2015","Finnmark",1.33934839168867,0.354650069352838,0.895580983214238
2017,"Hemnes","1832","Nordland",1.2,0.395833333333333,0.999579124579124
2017,"Heroy","1818","Nordland",1.37260492203328,0.346057334033429,0.873882156650073
2017,"Ibestad","1917","Troms",1.2,0.395833333333333,0.999579124579124
2017,"Kafjord","1940","Troms",1.2,0.395833333333333,0.999579124579124
2017,"Karlsoy","1936","Troms",1.30441234317679,0.364148654744538,0.919567309960954
2017,"Kvaefjord","1911","Troms",1.2,0.395833333333333,0.999579124579124
2017,"Kvaenangen","1943","Troms",1.26047571550765,0.376841849593823,0.951620832307634
2017,"Kvalsund","2017","Finnmark",1.32805716311103,0.357665327362335,0.903195271117006
2017,"Lavangen","1920","Troms",1.2,0.395833333333333,0.999579124579124
2017,"Lebesby","2022","Finnmark",1.20194859432159,0.395191609894184,0.9979586108439
2017,"Leirfjord","1822","Nordland",1.28932440347036,0.368409997298961,0.930328276007476
2017,"Lenvik","1931","Troms",1.2369282833472,0.384015796546119,0.969736859964947
2017,"Lodingen","1851","Nordland",1.35802677587758,0.349772190384868,0.883263107032495
2017,"Loppa","2014","Finnmark",1.30594053027309,0.363722534823749,0.918491249554922
2017,"Luroy","1834","Nordland",1.23942456857637,0.383242362659952,0.967783744090789
2017,"Lyngen","1938","Troms",1.35343076505612,0.350959954704669,0.886262511880477
2017,"Malselv","1924","Troms",1.2,0.395833333333333,0.999579124579124
2017,"Masoy","2018","Finnmark",1.31251546525403,0.361900497612854,0.913890145487004
2017,"Meloy","1837","Nordland",1.2,0.395833333333333,0.999579124579124
2017,"Moskenes","1874","Nordland",1.24903780532721,0.380292732513059,0.960335183113786
2017,"Narvik","1805","Nordland",1.2,0.395833333333333,0.999579124579124
2017,"Nesna","1828","Nordland",1.21394490794371,0.391286290581833,0.988096693388466
2017,"Nesseby","2027","Finnmark",1.2,0.395833333333333,0.999579124579124
2017,"Nordkapp","2019","Finnmark",1.30981899512933,0.362645527180722,0.915771533284651
2017,"Nordreisa","1942","Troms",1.23828654875008,0.383594573065067,0.968673164305723
2017,"Oksnes","1868","Nordland",1.2,0.395833333333333,0.999579124579124
2017,"Rana","1833","Nordland",1.2,0.395833333333333,0.999579124579124
2017,"Rodoy","1836","Nordland",1.20376986538631,0.394593695737321,0.996448726609396
2017,"Salangen","1923","Troms",1.2,0.395833333333333,0.999579124579124
2017,"Saltdal","1840","Nordland",1.2,0.395833333333333,0.999579124579124
2017,"Skanland","1913","Troms",1.2,0.395833333333333,0.999579124579124
2017,"Skjervoy","1941","Troms",1.26047571550765,0.376841849593823,0.951620832307634
2017,"Somna","1812","Nordland",1.2,0.395833333333333,0.999579124579124
2017,"Sor-Varanger","2030","Finnmark",1.2,0.395833333333333,0.999579124579124
2017,"Sorfold","1845","Nordland",1.26859808700538,0.374429068485569,0.945527950721135
2017,"Sorreisa","1925","Troms",1.2,0.395833333333333,0.999579124579124
2017,"Sortland","1870","Nordland",1.2306520346444,0.38597425318299,0.974682457532802
2017,"Steigen","1848","Nordland",1.26226327505894,0.376308183392105,0.950273190384104
2017,"Storfjord","1939","Troms",1.2,0.395833333333333,0.999579124579124
2017,"Tjeldsund","1852","Nordland",1.2,0.395833333333333,0.999579124579124
2017,"Torsken","1928","Troms",1.2,0.395833333333333,0.999579124579124
2017,"Traena","1835","Nordland",1.27394675135142,0.372857028361752,0.941558152428667
2017,"Tranoy","1927","Troms",1.2,0.395833333333333,0.999579124579124
2017,"Tromso","1902","Troms",1.27109116351711,0.373694675593271,0.94367342321533
2017,"Tysfjord","1850","Nordland",1.2,0.395833333333333,0.999579124579124
2017,"Vagan","1865","Nordland",1.29640055432532,0.366399102819885,0.925250259646174
2017,"Vefsn","1824","Nordland",1.31398658762094,0.361495318502467,0.912866965915321
2017,"Vega","1815","Nordland",1.36790038695897,0.34724750758788,0.876887645423939
2017,"Vestvagoy","1860","Nordland",1.28503131254877,0.369640798135783,0.933436358928745
2017,"Vevelstad","1816","Nordland",1.39465440136476,0.340586169258264,0.860066083985515
2018,"Alstahaug","1820","Nordland",1.35115381230384,0.351551389393693,0.887756033822457
2018,"Alta","2012","Finnmark",1.33501710151881,0.355800685593919,0.898486579782623
2018,"Andoy","1871","Nordland",1.29582054474778,0.366563103143619,0.925664401877827
2018,"Ballangen","1854","Nordland",1.2,0.395833333333333,0.999579124579124
2018,"Balsfjord","1933","Troms",1.20818675482677,0.393151140005757,0.992805909105446
2018,"Batsfjord","2028","Finnmark",1.2,0.395833333333333,0.999579124579124
2018,"Berg","1929","Troms",1.2,0.395833333333333,0.999579124579124
2018,"Bindal","1811","Nordland",1.98523952944538,0.239265838179588,0.604206662069666
2018,"Bo","1867","Nordland",1.32175720556163,0.359370085520485,0.907500215960821
2018,"Bodo","1804","Nordland",1.2,0.395833333333333,0.999579124579124
2018,"Bronnoy","1813","Nordland",1.31678111044178,0.360728139425266,0.910929645013297
2018,"Donna","1827","Nordland",1.24199275296428,0.382449896640953,0.965782567275134
2018,"Dyroy","1926","Troms",1.21644698908174,0.390481463034049,0.986064300591032
2018,"Evenes","1853","Nordland",1.2,0.395833333333333,0.999579124579124
2018,"Fauske","1841","Nordland",1.2,0.395833333333333,0.999579124579124
2018,"Flakstad","1859","Nordland",1.2,0.395833333333333,0.999579124579124
2018,"Gamvik","2023","Finnmark",1.2652878238164,0.375408654899792,0.948001653787354
2018,"Gildeskal","1838","Nordland",1.2,0.395833333333333,0.999579124579124
2018,"Gratangen","1919","Troms",1.20268548467368,0.394949474366426,0.997347157490974
2018,"Hadsel","1866","Nordland",1.37502959585453,0.34544710996188,0.872341186772424
2018,"Hamaroy","1849","Nordland",1.2,0.395833333333333,0.999579124579124
2018,"Hammerfest","2004","Finnmark",1.26680212927775,0.374959900225944,0.946868434914001
2018,"Harstad","1903","Troms",1.35010850380146,0.351823574670153,0.888443370379174
2018,"Hasvik","2015","Finnmark",1.2,0.395833333333333,0.999579124579124
2018,"Hemnes","1832","Nordland",1.58827948526385,0.299065752852113,0.755216547606345
2018,"Heroy","1818","Nordland",1.31303605294702,0.36175701263792,0.913527809691718
2018,"Ibestad","1917","Troms",1.2765309742252,0.372102212630059,0.939652052096108
2018,"Kafjord","1940","Troms",1.31036447454139,0.362494564854748,0.915390315289767
2018,"Karlsoy","1936","Troms",1.39143175358041,0.341374989307048,0.862058053805677
2018,"Kvaefjord","1911","Troms",1.38351981628952,0.343327211079569,0.866987906766589
2018,"Kvaenangen","1943","Troms",1.27752194097395,0.37181357498868,0.938923169163333
2018,"Kvalsund","2017","Finnmark",1.27690973433346,0.371991838755891,0.939373330191643
2018,"Lavangen","1920","Troms",1.21399083571199,0.3912714874173,0.988059311659849
2018,"Lebesby","2022","Finnmark",1.2652878238164,0.375408654899792,0.948001653787354
2018,"Leirfjord","1822","Nordland",1.2229398839759,0.388408298906506,0.980829037642692
2018,"Lenvik","1931","Troms",1.22688147619272,0.387160462699322,0.977677936109399
2018,"Lodingen","1851","Nordland",1.24619954289535,0.381158862325058,0.962522379608731
2018,"Loppa","2014","Finnmark",1.35967371279261,0.349348520553806,0.882193233721734
2018,"Luroy","1834","Nordland",1.28702238349028,0.369068950232121,0.931992298565962
2018,"Lyngen","1938","Troms",1.28115960458171,0.370757865219363,0.936257235402432
2018,"Malselv","1924","Troms",1.2,0.395833333333333,0.999579124579124
2018,"Masoy","2018","Finnmark",1.34100499150242,0.354211955220111,0.894474634394219
2018,"Meloy","1837","Nordland",1.24141118726436,0.382629063498884,0.966235008835564
2018,"Moskenes","1874","Nordland",1.2,0.395833333333333,0.999579124579124
2018,"Narvik","1805","Nordland",1.2,0.395833333333333,0.999579124579124
2018,"Nesna","1828","Nordland",1.33962452965329,0.35457696502686,0.895396376330455
2018,"Nesseby","2027","Finnmark",1.37697036734458,0.344960219380766,0.871111665102944
2018,"Nordkapp","2019","Finnmark",1.31600226853772,0.360941627044304,0.911468755162384
2018,"Nordreisa","1942","Troms",1.29015081277691,0.368174011360434,0.929732351920287
2018,"Oksnes","1868","Nordland",1.28526880184211,0.369572496678677,0.93326388050171
2018,"Rana","1833","Nordland",1.41348260451409,0.336049413330622,0.848609629622782
2018,"Rodoy","1836","Nordland",1.25484048153954,0.378534169870922,0.955894368360915
2018,"Salangen","1923","Troms",1.21062307818818,0.392359941387279,0.990807932796159
2018,"Saltdal","1840","Nordland",1.2,0.395833333333333,0.999579124579124
2018,"Skanland","1913","Troms",1.31346141474597,0.361639858367569,0.91323196557467
2018,"Skjervoy","1941","Troms",1.27752194097395,0.37181357498868,0.938923169163333
2018,"Somna","1812","Nordland",1.2,0.395833333333333,0.999579124579124
2018,"Sor-Varanger","2030","Finnmark",1.37697036734458,0.344960219380766,0.871111665102944
2018,"Sorfold","1845","Nordland",1.2,0.395833333333333,0.999579124579124
2018,"Sorreisa","1925","Troms",1.2,0.395833333333333,0.999579124579124
2018,"Sortland","1870","Nordland",1.32175720556163,0.359370085520485,0.907500215960821
2018,"Steigen","1848","Nordland",1.2,0.395833333333333,0.999579124579124
2018,"Storfjord","1939","Troms",2.34781248126626,0.202315987239243,0.510898957674856
2018,"Tjeldsund","1852","Nordland",1.2,0.395833333333333,0.999579124579124
2018,"Torsken","1928","Troms",1.23947194234473,0.383227714781051,0.967746754497603
2018,"Traena","1835","Nordland",1.31608398745095,0.360919215285037,0.911412159810701
2018,"Tranoy","1927","Troms",1.2,0.395833333333333,0.999579124579124
2018,"Tromso","1902","Troms",1.28399572360194,0.369938926796034,0.934189209080893
2018,"Tysfjord","1850","Nordland",1.2,0.395833333333333,0.999579124579124
2018,"Vagan","1865","Nordland",1.31807982205711,0.360372711918671,0.910032100804725
2018,"Vefsn","1824","Nordland",1.35123017053683,0.351531523168468,0.887705866587039
2018,"Vega","1815","Nordland",1.21060616225976,0.39236542387439,0.990821777460581
2018,"Vestvagoy","1860","Nordland",1.23980474372805,0.383124844781358,0.967486981771105
2018,"Vevelstad","1816","Nordland",1.23584885320266,0.384351208296267,0.970583859334008
NA,"Andoy","1871",NA,NA,NA,NA
NA,"Ballangen","1854",NA,NA,NA,NA
NA,"Balsfjord","1933",NA,NA,NA,NA
NA,"Berlevag","2024",NA,NA,NA,NA
NA,"Evenes","1853",NA,NA,NA,NA
NA,"Hemnes","1832",NA,NA,NA,NA
NA,"Kafjord","1940",NA,NA,NA,NA
NA,"Lenvik","1931",NA,NA,NA,NA
NA,"Malselv","1924",NA,NA,NA,NA
NA,"Moskenes","1874",NA,NA,NA,NA
NA,"Narvik","1805",NA,NA,NA,NA
NA,"Nesseby","2027",NA,NA,NA,NA
NA,"Oksnes","1868",NA,NA,NA,NA
NA,"Porsanger","2020",NA,NA,NA,NA
NA,"Rana","1833",NA,NA,NA,NA
NA,"Rost","1856",NA,NA,NA,NA
NA,"Sortland","1870",NA,NA,NA,NA
NA,"Storfjord","1939",NA,NA,NA,NA
NA,"Tana","2025",NA,NA,NA,NA
NA,"Tjeldsund","1852",NA,NA,NA,NA
NA,"Vadso","2003",NA,NA,NA,NA
NA,"Vaeroy","1857",NA,NA,NA,NA
NA,"Vardo","2002",NA,NA,NA,NA
NA,"Vefsn","1824",NA,NA,NA,NA
