"","Kname","Yrs","Knr2017","Protein.retention.ratio","SustFoodProd"
"12","Bodo",2005,1804,0.336378393,128.8766538
"13","Bodo",2006,1804,0.324866882,490.9787911
"14","Bodo",2007,1804,0,0
"15","Bodo",2008,1804,0,0
"16","Bodo",2009,1804,0.821788361,622.5063267
"17","Bodo",2010,1804,0.292296903,542.5410498
"18","Bodo",2011,1804,0,0
"19","Bodo",2012,1804,0.468261129,479.6871691
"20","Bodo",2013,1804,0.322959916,1115.311711
"21","Bodo",2014,1804,0.476401357,921.3035328
"35","Narvik",2005,1805,0,0
"36","Narvik",2006,1805,0,0
"37","Narvik",2007,1805,0,0
"38","Narvik",2008,1805,0,0
"39","Narvik",2009,1805,0,0
"40","Narvik",2010,1805,0,0
"41","Narvik",2011,1805,0.857470108,614.5419669
"42","Narvik",2012,1805,0.295478463,1073.743618
"43","Narvik",2013,1805,0.54340362,299.9604284
"44","Narvik",2014,1805,0.392754485,778.5462181
"58","Bindal",2005,1811,0.194035049,357.9252008
"59","Bindal",2006,1811,0.459520093,2329.458993
"60","Bindal",2007,1811,0.319236832,1307.774434
"61","Bindal",2008,1811,0.361485572,2084.549205
"62","Bindal",2009,1811,0.255114613,1129.131412
"63","Bindal",2010,1811,0.225014747,1292.758548
"64","Bindal",2011,1811,0.214229147,968.587601
"65","Bindal",2012,1811,0.313717638,2258.313044
"66","Bindal",2013,1811,0.281889621,1359.462029
"67","Bindal",2014,1811,0.23402967,1210.814748
"81","Somna",2005,1812,0.308710789,1350.554135
"82","Somna",2006,1812,0.358185259,1404.771067
"83","Somna",2007,1812,0.273755785,684.5608334
"84","Somna",2008,1812,0.326276107,1695.311073
"85","Somna",2009,1812,0.320185046,2834.199899
"86","Somna",2010,1812,0.380395771,2096.430704
"87","Somna",2011,1812,0.106405862,31.01688316
"88","Somna",2012,1812,0.473351989,312.0364712
"89","Somna",2013,1812,0.307786253,1803.441539
"90","Somna",2014,1812,0.136091798,134.1827023
"104","Bronnoy",2005,1813,0.332301481,1450.203207
"105","Bronnoy",2006,1813,0.462730266,2035.972449
"106","Bronnoy",2007,1813,0.327191398,1530.55817
"107","Bronnoy",2008,1813,0.264427354,1122.209593
"108","Bronnoy",2009,1813,0.291764374,1646.230587
"109","Bronnoy",2010,1813,0.206400271,832.1553265
"110","Bronnoy",2011,1813,0.328819335,3590.353983
"111","Bronnoy",2012,1813,0.221429541,1236.268361
"112","Bronnoy",2013,1813,0.296152041,3391.844428
"113","Bronnoy",2014,1813,0.267956809,1423.40345
"127","Vega",2005,1815,0.40601675,314.2809196
"128","Vega",2006,1815,0.305454197,499.9665136
"129","Vega",2007,1815,0.459538474,665.9121484
"130","Vega",2008,1815,0.287903592,1033.093095
"131","Vega",2009,1815,0.465034273,493.9547541
"132","Vega",2010,1815,0.301022467,806.5671244
"133","Vega",2011,1815,0.448283833,780.0161107
"134","Vega",2012,1815,0.304761452,1554.987102
"135","Vega",2013,1815,0.481926286,2093.555738
"136","Vega",2014,1815,0.289102984,1817.053305
"150","Vevelstad",2005,1816,0.251564083,281.2388336
"151","Vevelstad",2006,1816,0.342817291,1639.771207
"152","Vevelstad",2007,1816,0.286097122,1489.600714
"153","Vevelstad",2008,1816,0.335975121,1608.388498
"154","Vevelstad",2009,1816,0.281099122,1327.79925
"155","Vevelstad",2010,1816,0.368954411,1459.623495
"156","Vevelstad",2011,1816,0.300221271,1947.302414
"157","Vevelstad",2012,1816,0.290522521,880.9313954
"158","Vevelstad",2013,1816,0.31981377,2161.982982
"159","Vevelstad",2014,1816,0.272836148,1112.902741
"173","Heroy",2005,1818,0.46947881,1990.187812
"174","Heroy",2006,1818,0.29301904,1816.910559
"175","Heroy",2007,1818,0.367638178,1439.250895
"176","Heroy",2008,1818,0.318481978,1890.666353
"177","Heroy",2009,1818,0.356052916,1909.000855
"178","Heroy",2010,1818,0.1959729,676.1431513
"179","Heroy",2011,1818,0.375096819,2567.251524
"180","Heroy",2012,1818,0.213637586,1459.314553
"181","Heroy",2013,1818,0.319053197,2694.555482
"182","Heroy",2014,1818,0.317263055,3044.889026
"196","Alstahaug",2005,1820,0.29178917,1205.027703
"197","Alstahaug",2006,1820,0.437744003,1379.105041
"198","Alstahaug",2007,1820,0.3016036,1075.24036
"199","Alstahaug",2008,1820,0.345291761,2110.904928
"200","Alstahaug",2009,1820,0.247723152,1796.81777
"201","Alstahaug",2010,1820,0.427027871,3923.207113
"202","Alstahaug",2011,1820,0.321368905,2225.599539
"203","Alstahaug",2012,1820,0.537050338,6332.391685
"204","Alstahaug",2013,1820,0.341157098,2228.719957
"205","Alstahaug",2014,1820,0.341884764,2512.05335
"219","Leirfjord",2005,1822,0,0
"220","Leirfjord",2006,1822,0,0
"221","Leirfjord",2007,1822,0,0
"222","Leirfjord",2008,1822,0,0
"223","Leirfjord",2009,1822,0,0
"224","Leirfjord",2010,1822,0,0
"225","Leirfjord",2011,1822,0.44153586,162.1478632
"226","Leirfjord",2012,1822,0.349334314,435.2461013
"227","Leirfjord",2013,1822,0,0
"228","Leirfjord",2014,1822,0,0
"242","Vefsn",2005,1824,0.429946285,823.440865
"243","Vefsn",2006,1824,0.215099676,308.2567639
"244","Vefsn",2007,1824,0.325837087,433.8941137
"245","Vefsn",2008,1824,0.261527009,594.6242847
"246","Vefsn",2009,1824,0.593720169,1272.789988
"247","Vefsn",2010,1824,0.272095156,692.3640836
"248","Vefsn",2011,1824,0.527749084,747.162876
"249","Vefsn",2012,1824,0.274029037,849.507552
"250","Vefsn",2013,1824,0.589833355,1482.059526
"251","Vefsn",2014,1824,0.258442481,639.0075627
"265","Donna",2005,1827,0.343161498,1336.248225
"266","Donna",2006,1827,0.572969939,756.1472826
"267","Donna",2007,1827,0.3136499,1291.309498
"268","Donna",2008,1827,0.482753487,1890.416793
"269","Donna",2009,1827,0.315662926,2087.014271
"270","Donna",2010,1827,0.406831862,3488.715034
"271","Donna",2011,1827,0.261685933,2106.481741
"272","Donna",2012,1827,0.517513728,3053.551973
"273","Donna",2013,1827,0.261626892,1961.487707
"274","Donna",2014,1827,0.350993779,2846.000768
"288","Nesna",2005,1828,0.346873323,464.0356846
"289","Nesna",2006,1828,0.438321582,537.9218332
"290","Nesna",2007,1828,0.323227439,419.7205266
"291","Nesna",2008,1828,0.280533409,289.1376493
"292","Nesna",2009,1828,0.380229155,567.0642567
"293","Nesna",2010,1828,0.271759402,376.5579808
"294","Nesna",2011,1828,0.411975086,1855.147294
"295","Nesna",2012,1828,0.415795167,2440.352149
"296","Nesna",2013,1828,0.279715681,1109.650287
"297","Nesna",2014,1828,0.450718716,2145.279564
"311","Hemnes",2005,1832,0,0
"312","Hemnes",2006,1832,0,0
"313","Hemnes",2007,1832,0,0
"314","Hemnes",2008,1832,0,0
"315","Hemnes",2009,1832,0,0
"316","Hemnes",2010,1832,0,0
"317","Hemnes",2011,1832,0,0
"318","Hemnes",2012,1832,0,0
"319","Hemnes",2013,1832,0,0
"320","Hemnes",2014,1832,0,0
"334","Rana",2005,1833,0.31212735,786.0068956
"335","Rana",2006,1833,0.357296578,384.9759866
"336","Rana",2007,1833,0.297978366,837.8329244
"337","Rana",2008,1833,0.532422591,148.3265447
"338","Rana",2009,1833,0.335327659,1073.488125
"339","Rana",2010,1833,0.280820888,250.017645
"340","Rana",2011,1833,0.337581296,1098.716729
"341","Rana",2012,1833,0.290348677,444.8757266
"342","Rana",2013,1833,0.34057246,1763.768236
"343","Rana",2014,1833,0.732670797,1841.299158
"357","Luroy",2005,1834,0.227402381,1459.373424
"358","Luroy",2006,1834,0.333471198,3489.370257
"359","Luroy",2007,1834,0.350612292,4732.999132
"360","Luroy",2008,1834,0.271942078,2388.119184
"361","Luroy",2009,1834,0.353843886,5301.15145
"362","Luroy",2010,1834,0.262217868,1989.494953
"363","Luroy",2011,1834,0.246346662,2264.500555
"364","Luroy",2012,1834,0.240641658,2375.521084
"365","Luroy",2013,1834,0.286575863,3493.623417
"366","Luroy",2014,1834,0.298656461,3091.531609
"380","Traena",2005,1835,0.301966634,535.9276637
"381","Traena",2006,1835,0.416856994,685.2962245
"382","Traena",2007,1835,0.278045542,449.0049017
"383","Traena",2008,1835,0.337488169,518.6980546
"384","Traena",2009,1835,0.292023453,418.3060751
"385","Traena",2010,1835,0.354686788,638.1198374
"386","Traena",2011,1835,0.298815187,675.731401
"387","Traena",2012,1835,0.332636293,826.2549148
"388","Traena",2013,1835,0.325303256,415.9161524
"389","Traena",2014,1835,0.325430135,861.5147772
"403","Rodoy",2005,1836,0.330004076,4119.502256
"404","Rodoy",2006,1836,0.321538884,4339.017408
"405","Rodoy",2007,1836,0.390369237,4263.045605
"406","Rodoy",2008,1836,0.266719181,3292.157258
"407","Rodoy",2009,1836,0.34083627,3149.891557
"408","Rodoy",2010,1836,0.284662689,3672.187113
"409","Rodoy",2011,1836,0.370607259,4835.686111
"410","Rodoy",2012,1836,0.312614969,7191.266576
"411","Rodoy",2013,1836,0.374728843,8072.045258
"412","Rodoy",2014,1836,0.307921483,7631.672909
"426","Meloy",2005,1837,0.324810222,2506.15772
"427","Meloy",2006,1837,0.398720375,2779.161556
"428","Meloy",2007,1837,0.326241053,2687.747681
"429","Meloy",2008,1837,0.456144341,3565.305817
"430","Meloy",2009,1837,0.328931787,3857.061039
"431","Meloy",2010,1837,0.336291893,3832.022913
"432","Meloy",2011,1837,0.359268621,3366.423862
"433","Meloy",2012,1837,0.323218858,3527.624837
"434","Meloy",2013,1837,0.291016918,1413.969137
"435","Meloy",2014,1837,0.312412395,3768.178037
"449","Gildeskal",2005,1838,0.321680229,3028.497442
"450","Gildeskal",2006,1838,0.298050096,2596.488151
"451","Gildeskal",2007,1838,0.296657872,2490.439571
"452","Gildeskal",2008,1838,0.262233973,2543.595067
"453","Gildeskal",2009,1838,0.288104514,1778.781761
"454","Gildeskal",2010,1838,0.264176763,1730.877694
"455","Gildeskal",2011,1838,0.265935825,2140.380761
"456","Gildeskal",2012,1838,0.29744014,3888.941487
"457","Gildeskal",2013,1838,0.254180134,2832.960872
"458","Gildeskal",2014,1838,0.287863363,4456.510023
"472","Saltdal",2005,1840,0.274005845,223.9641575
"473","Saltdal",2006,1840,0.268334701,58.83613996
"474","Saltdal",2007,1840,0.471093812,1597.984128
"475","Saltdal",2008,1840,0.282329872,888.8444534
"476","Saltdal",2009,1840,0.40839192,748.613019
"477","Saltdal",2010,1840,0.204348177,382.6660753
"478","Saltdal",2011,1840,0.216633037,210.8233721
"479","Saltdal",2012,1840,0.362262733,1443.832539
"480","Saltdal",2013,1840,0.169293605,181.2890725
"481","Saltdal",2014,1840,0.106968668,110.4959603
"495","Fauske",2005,1841,0.348604556,504.2376651
"496","Fauske",2006,1841,0.384480897,965.3331045
"497","Fauske",2007,1841,0.10283226,19.11898516
"498","Fauske",2008,1841,0.397232665,559.9427395
"499","Fauske",2009,1841,0.308592129,801.0317209
"500","Fauske",2010,1841,0.291460579,336.0234447
"501","Fauske",2011,1841,0.325116165,1300.588854
"502","Fauske",2012,1841,0.290942114,562.6148417
"503","Fauske",2013,1841,0.30371401,506.6253406
"504","Fauske",2014,1841,0.217503864,335.2410988
"518","Sorfold",2005,1845,0.337955784,2038.43844
"519","Sorfold",2006,1845,0.283212965,1420.824786
"520","Sorfold",2007,1845,0.347237456,2221.433224
"521","Sorfold",2008,1845,0.295092412,2711.492632
"522","Sorfold",2009,1845,0.355664217,4609.341382
"523","Sorfold",2010,1845,0.354627128,4901.608286
"524","Sorfold",2011,1845,0.353734899,3434.039655
"525","Sorfold",2012,1845,0.338578039,3692.43255
"526","Sorfold",2013,1845,0.290618497,3557.270957
"527","Sorfold",2014,1845,0.31289858,4286.955859
"541","Steigen",2005,1848,0.295919661,2103.679557
"542","Steigen",2006,1848,0.36616092,4596.785659
"543","Steigen",2007,1848,0.322038218,3579.258031
"544","Steigen",2008,1848,0.354972563,5563.268798
"545","Steigen",2009,1848,0.311243644,4868.584815
"546","Steigen",2010,1848,0.321758631,5093.453606
"547","Steigen",2011,1848,0.318262394,5887.011851
"548","Steigen",2012,1848,0.330586859,5898.842158
"549","Steigen",2013,1848,0.332212886,5729.034148
"550","Steigen",2014,1848,0.327195497,7326.447041
"564","Hamaroy",2005,1849,0.289053953,651.6917918
"565","Hamaroy",2006,1849,0.062303009,12.85099241
"566","Hamaroy",2007,1849,0.351143197,1798.929773
"567","Hamaroy",2008,1849,0.145614195,101.8223273
"568","Hamaroy",2009,1849,0.29235064,203.7985083
"569","Hamaroy",2010,1849,0.303012629,1527.832705
"570","Hamaroy",2011,1849,0.46819293,1397.264681
"571","Hamaroy",2012,1849,0.30085219,1140.275231
"572","Hamaroy",2013,1849,0.257218831,654.0730212
"573","Hamaroy",2014,1849,0.263652681,625.6638958
"587","Tysfjord",2005,1850,0.08160872,16.07846834
"588","Tysfjord",2006,1850,0.310273469,260.3318518
"589","Tysfjord",2007,1850,0.379299729,857.6266529
"590","Tysfjord",2008,1850,0.307503311,1189.231846
"591","Tysfjord",2009,1850,0.290251842,1118.600413
"592","Tysfjord",2010,1850,0.230181297,934.3694136
"593","Tysfjord",2011,1850,0.25513526,2058.627475
"594","Tysfjord",2012,1850,0.276396563,3472.931656
"595","Tysfjord",2013,1850,0.335391828,5387.358019
"596","Tysfjord",2014,1850,0.28981355,5436.119122
"610","Lodingen",2005,1851,0.245812779,447.9075093
"611","Lodingen",2006,1851,0.321252188,1641.599646
"612","Lodingen",2007,1851,0.499743569,2746.908495
"613","Lodingen",2008,1851,0.282620911,2416.072187
"614","Lodingen",2009,1851,0.343210756,2865.164576
"615","Lodingen",2010,1851,0.255078391,1447.393355
"616","Lodingen",2011,1851,0.578009608,4502.816806
"617","Lodingen",2012,1851,0.267854062,2347.927813
"618","Lodingen",2013,1851,0.389232181,2392.627345
"619","Lodingen",2014,1851,0.309844135,1855.558307
"633","Tjeldsund",2005,1852,0,0
"634","Tjeldsund",2006,1852,0,0
"635","Tjeldsund",2007,1852,0,0
"636","Tjeldsund",2008,1852,0,0
"637","Tjeldsund",2009,1852,0,0
"638","Tjeldsund",2010,1852,0,0
"639","Tjeldsund",2011,1852,0,0
"640","Tjeldsund",2012,1852,0,0
"641","Tjeldsund",2013,1852,0,0
"642","Tjeldsund",2014,1852,0,0
"656","Evenes",2005,1853,0,0
"657","Evenes",2006,1853,0,0
"658","Evenes",2007,1853,0,0
"659","Evenes",2008,1853,0,0
"660","Evenes",2009,1853,0,0
"661","Evenes",2010,1853,0,0
"662","Evenes",2011,1853,0,0
"663","Evenes",2012,1853,0,0
"664","Evenes",2013,1853,0,0
"665","Evenes",2014,1853,0,0
"679","Ballangen",2005,1854,0.333616083,286.3640351
"680","Ballangen",2006,1854,0.276293508,227.2784871
"681","Ballangen",2007,1854,0.419233396,433.9442962
"682","Ballangen",2008,1854,0.285753606,292.329654
"683","Ballangen",2009,1854,0.306432229,352.750993
"684","Ballangen",2010,1854,0.304847481,569.3828456
"685","Ballangen",2011,1854,0.265930425,458.6166967
"686","Ballangen",2012,1854,0.441454386,760.4263705
"687","Ballangen",2013,1854,0.310307992,1449.829377
"688","Ballangen",2014,1854,0.285389508,1245.022574
"702","Rost",2005,1856,0,0
"703","Rost",2006,1856,0,0
"704","Rost",2007,1856,0,0
"705","Rost",2008,1856,0,0
"706","Rost",2009,1856,0,0
"707","Rost",2010,1856,0,0
"708","Rost",2011,1856,0,0
"709","Rost",2012,1856,0,0
"710","Rost",2013,1856,0,0
"711","Rost",2014,1856,0,0
"725","Vaeroy",2005,1857,0,0
"726","Vaeroy",2006,1857,0,0
"727","Vaeroy",2007,1857,0,0
"728","Vaeroy",2008,1857,0,0
"729","Vaeroy",2009,1857,0,0
"730","Vaeroy",2010,1857,0,0
"731","Vaeroy",2011,1857,0,0
"732","Vaeroy",2012,1857,0,0
"733","Vaeroy",2013,1857,0,0
"734","Vaeroy",2014,1857,0,0
"748","Flakstad",2005,1859,0.230098233,380.1450606
"749","Flakstad",2006,1859,0.313263134,852.9860664
"750","Flakstad",2007,1859,0.36100417,1047.969473
"751","Flakstad",2008,1859,0.211426684,438.455389
"752","Flakstad",2009,1859,0.452274274,1271.47731
"753","Flakstad",2010,1859,0.25789587,766.9923758
"754","Flakstad",2011,1859,0.308323461,950.4021355
"755","Flakstad",2012,1859,0.322204858,1281.554359
"756","Flakstad",2013,1859,0.372351359,447.9297479
"757","Flakstad",2014,1859,0.305056783,774.1923228
"771","Vestvagoy",2005,1860,0.372306091,433.5094894
"772","Vestvagoy",2006,1860,0.192194039,307.8243149
"773","Vestvagoy",2007,1860,0.226812304,571.1161041
"774","Vestvagoy",2008,1860,0.379527298,1901.008968
"775","Vestvagoy",2009,1860,0.363314452,2296.564786
"776","Vestvagoy",2010,1860,0.380389154,2901.960324
"777","Vestvagoy",2011,1860,0.350632153,2494.308777
"778","Vestvagoy",2012,1860,0.354168225,2514.129022
"779","Vestvagoy",2013,1860,0.309835808,1400.777291
"780","Vestvagoy",2014,1860,0.331649704,666.0789641
"794","Vagan",2005,1865,0.239755654,1950.935153
"795","Vagan",2006,1865,0.322218982,2507.610583
"796","Vagan",2007,1865,0.265551224,1271.449171
"797","Vagan",2008,1865,0.274941835,2826.858194
"798","Vagan",2009,1865,0.336497114,2294.543869
"799","Vagan",2010,1865,0.300493802,3807.994483
"800","Vagan",2011,1865,0.265886948,2130.393643
"801","Vagan",2012,1865,0.268277026,1758.450473
"802","Vagan",2013,1865,0.317573564,2031.189402
"803","Vagan",2014,1865,0.261708108,1868.834828
"817","Hadsel",2005,1866,0.304515343,2259.356763
"818","Hadsel",2006,1866,0.321621554,2130.378397
"819","Hadsel",2007,1866,0.287148584,2671.37429
"820","Hadsel",2008,1866,0.390135087,2237.169964
"821","Hadsel",2009,1866,0.309647166,3471.703955
"822","Hadsel",2010,1866,0.390479346,3622.134048
"823","Hadsel",2011,1866,0.254567246,2675.195512
"824","Hadsel",2012,1866,0.345271102,2678.766509
"825","Hadsel",2013,1866,0.281138026,4403.344851
"826","Hadsel",2014,1866,0.289230457,3807.871683
"840","Bo",2005,1867,0.405165037,1519.760278
"841","Bo",2006,1867,0.307084323,1175.649606
"842","Bo",2007,1867,0.336665156,1172.70742
"843","Bo",2008,1867,0.273960931,1445.055419
"844","Bo",2009,1867,0.232544344,1133.271144
"845","Bo",2010,1867,0.230929833,1091.658667
"846","Bo",2011,1867,0.248542512,1451.577496
"847","Bo",2012,1867,0.262832592,1727.502169
"848","Bo",2013,1867,0.292628983,1864.838186
"849","Bo",2014,1867,0.345850076,1652.04177
"863","Oksnes",2005,1868,0.304806794,2737.402761
"864","Oksnes",2006,1868,0.253031801,1781.460527
"865","Oksnes",2007,1868,0.235179239,1697.93249
"866","Oksnes",2008,1868,0.305447042,3036.06418
"867","Oksnes",2009,1868,0.319495155,3480.0981
"868","Oksnes",2010,1868,0.29778528,2789.086116
"869","Oksnes",2011,1868,0.273559099,2729.744759
"870","Oksnes",2012,1868,0.268934929,2169.908199
"871","Oksnes",2013,1868,0.285399139,2537.774566
"872","Oksnes",2014,1868,0.254893425,1947.094682
"886","Sortland",2005,1870,0.262603599,748.2550784
"887","Sortland",2006,1870,0.304392333,1240.4989
"888","Sortland",2007,1870,0.31509443,1087.923389
"889","Sortland",2008,1870,0.361368374,804.0294539
"890","Sortland",2009,1870,0.293255913,1217.979491
"891","Sortland",2010,1870,0.396841108,1170.877307
"892","Sortland",2011,1870,0.299982302,1609.119769
"893","Sortland",2012,1870,0.309257791,1760.689339
"894","Sortland",2013,1870,0.31961061,1993.451008
"895","Sortland",2014,1870,0.349647057,3159.867096
"909","Andoy",2005,1871,0,0
"910","Andoy",2006,1871,0,0
"911","Andoy",2007,1871,0,0
"912","Andoy",2008,1871,0,0
"913","Andoy",2009,1871,0,0
"914","Andoy",2010,1871,0,0
"915","Andoy",2011,1871,0,0
"916","Andoy",2012,1871,0,0
"917","Andoy",2013,1871,0,0
"918","Andoy",2014,1871,0,0
"932","Moskenes",2005,1874,0,0
"933","Moskenes",2006,1874,0,0
"934","Moskenes",2007,1874,0,0
"935","Moskenes",2008,1874,0,0
"936","Moskenes",2009,1874,0,0
"937","Moskenes",2010,1874,0,0
"938","Moskenes",2011,1874,0,0
"939","Moskenes",2012,1874,0,0
"940","Moskenes",2013,1874,0,0
"941","Moskenes",2014,1874,0.350612187,77.39623783
"955","Tromso",2005,1902,0.294117381,1079.106083
"956","Tromso",2006,1902,0.274388107,1204.044098
"957","Tromso",2007,1902,0.329608707,2372.734755
"958","Tromso",2008,1902,0.351509326,2447.312674
"959","Tromso",2009,1902,0.315388491,2540.01811
"960","Tromso",2010,1902,0.310756359,3286.310651
"961","Tromso",2011,1902,0.320621163,2949.714054
"962","Tromso",2012,1902,0.353695221,3125.673639
"963","Tromso",2013,1902,0.300512683,3630.069396
"964","Tromso",2014,1902,0.374467827,4996.999412
"978","Harstad",2005,1903,0.300571765,1265.078005
"979","Harstad",2006,1903,0.212013707,714.2752396
"980","Harstad",2007,1903,0.252068054,745.993389
"981","Harstad",2008,1903,0.266787472,1384.621645
"982","Harstad",2009,1903,0.331136765,3168.018874
"983","Harstad",2010,1903,0.279244031,3190.339323
"984","Harstad",2011,1903,0.312770727,3641.178287
"985","Harstad",2012,1903,0.33902092,6499.774508
"986","Harstad",2013,1903,0.313243143,4248.230759
"987","Harstad",2014,1903,0.295726671,5212.558438
"1001","Kvaefjord",2005,1911,0.264252978,1181.23565
"1002","Kvaefjord",2006,1911,0.290069904,1422.767643
"1003","Kvaefjord",2007,1911,0.246508479,1399.129125
"1004","Kvaefjord",2008,1911,0.252435197,1362.951395
"1005","Kvaefjord",2009,1911,0.278283092,3264.820849
"1006","Kvaefjord",2010,1911,0.3214697,2441.654308
"1007","Kvaefjord",2011,1911,0.228401234,1147.132866
"1008","Kvaefjord",2012,1911,0.271191858,2907.66324
"1009","Kvaefjord",2013,1911,0.416420399,2507.81398
"1010","Kvaefjord",2014,1911,0.315271303,2062.686777
"1024","Skanland",2005,1913,0.435503366,1108.506316
"1025","Skanland",2006,1913,0.273266367,1684.225332
"1026","Skanland",2007,1913,0.367657673,2369.698192
"1027","Skanland",2008,1913,0.245820811,744.5769797
"1028","Skanland",2009,1913,0.360168377,780.1801699
"1029","Skanland",2010,1913,0.269740126,1346.531382
"1030","Skanland",2011,1913,0.490712357,1169.238
"1031","Skanland",2012,1913,0.306248438,889.78003
"1032","Skanland",2013,1913,0.286939488,1421.153035
"1033","Skanland",2014,1913,0.45928392,2316.624876
"1047","Ibestad",2005,1917,0.320020857,1010.583943
"1048","Ibestad",2006,1917,0.373293418,1935.791411
"1049","Ibestad",2007,1917,0.38609571,819.2533979
"1050","Ibestad",2008,1917,0.310040937,1921.264466
"1051","Ibestad",2009,1917,0.27216952,1528.436796
"1052","Ibestad",2010,1917,0.378957114,2834.501442
"1053","Ibestad",2011,1917,0.320508627,3382.724966
"1054","Ibestad",2012,1917,0.35072316,4122.599581
"1055","Ibestad",2013,1917,0.319750069,3750.345044
"1056","Ibestad",2014,1917,0.302644356,4684.036389
"1070","Gratangen",2005,1919,0.226583362,670.4726295
"1071","Gratangen",2006,1919,0.09445707,64.7247238
"1072","Gratangen",2007,1919,0.14621445,333.7308258
"1073","Gratangen",2008,1919,0,0
"1074","Gratangen",2009,1919,0.392389077,746.0265943
"1075","Gratangen",2010,1919,0.270631177,763.813467
"1076","Gratangen",2011,1919,0,0
"1077","Gratangen",2012,1919,0,0
"1078","Gratangen",2013,1919,1.668282554,2174.442818
"1079","Gratangen",2014,1919,0.459999285,555.8557756
"1093","Lavangen",2005,1920,0.350373558,206.1457863
"1094","Lavangen",2006,1920,0.282456388,626.3981645
"1095","Lavangen",2007,1920,0,0
"1096","Lavangen",2008,1920,0.382031765,1659.423738
"1097","Lavangen",2009,1920,0.313837379,1384.849176
"1098","Lavangen",2010,1920,0.542023563,1180.264981
"1099","Lavangen",2011,1920,0.198459161,444.4048354
"1100","Lavangen",2012,1920,0.429874234,834.5023847
"1101","Lavangen",2013,1920,0.146038111,340.9329796
"1102","Lavangen",2014,1920,0,0
"1116","Salangen",2005,1923,0.505556073,1080.119034
"1117","Salangen",2006,1923,0.152447661,60.62553835
"1118","Salangen",2007,1923,0,0
"1119","Salangen",2008,1923,0,0
"1120","Salangen",2009,1923,0.397696105,730.2241358
"1121","Salangen",2010,1923,0.137810427,143.9135
"1122","Salangen",2011,1923,102.1486365,99323.61385
"1123","Salangen",2012,1923,0.715707557,2607.1208
"1124","Salangen",2013,1923,1.452727147,9330.350749
"1125","Salangen",2014,1923,1.134468192,6471.106399
"1139","Malselv",2005,1924,0,0
"1140","Malselv",2006,1924,0,0
"1141","Malselv",2007,1924,0,0
"1142","Malselv",2008,1924,0,0
"1143","Malselv",2009,1924,0,0
"1144","Malselv",2010,1924,0,0
"1145","Malselv",2011,1924,0,0
"1146","Malselv",2012,1924,0,0
"1147","Malselv",2013,1924,0,0
"1148","Malselv",2014,1924,0,0
"1162","Sorreisa",2005,1925,0,0
"1163","Sorreisa",2006,1925,0,0
"1164","Sorreisa",2007,1925,0,0
"1165","Sorreisa",2008,1925,0,0
"1166","Sorreisa",2009,1925,0,0
"1167","Sorreisa",2010,1925,0,0
"1168","Sorreisa",2011,1925,0.284250512,292.115155
"1169","Sorreisa",2012,1925,0.183380918,389.0413347
"1170","Sorreisa",2013,1925,0.256218511,400.7741761
"1171","Sorreisa",2014,1925,0,0
"1185","Dyroy",2005,1926,0.208000965,806.1842832
"1186","Dyroy",2006,1926,0.36510428,1364.194253
"1187","Dyroy",2007,1926,0.302355745,2513.084803
"1188","Dyroy",2008,1926,0.38068048,4252.434315
"1189","Dyroy",2009,1926,0.479896417,2724.968951
"1190","Dyroy",2010,1926,0.390433566,1904.555628
"1191","Dyroy",2011,1926,0.405132084,4111.733735
"1192","Dyroy",2012,1926,0.281177292,2401.291188
"1193","Dyroy",2013,1926,0.40225089,4523.655183
"1194","Dyroy",2014,1926,0.313271344,4501.692298
"1208","Tranoy",2005,1927,0.326800477,1935.984001
"1209","Tranoy",2006,1927,0.342918445,1770.682711
"1210","Tranoy",2007,1927,0.296787143,2769.421739
"1211","Tranoy",2008,1927,0.252919681,660.4036374
"1212","Tranoy",2009,1927,0.309155861,3765.522102
"1213","Tranoy",2010,1927,0.206072526,1268.78751
"1214","Tranoy",2011,1927,0.277152918,2829.372106
"1215","Tranoy",2012,1927,0.300426573,4233.484793
"1216","Tranoy",2013,1927,0.284838966,4252.216511
"1217","Tranoy",2014,1927,0.306767611,3364.062703
"1231","Torsken",2005,1928,0.309821916,1083.29233
"1232","Torsken",2006,1928,0.413173582,3889.657423
"1233","Torsken",2007,1928,0.392305117,3011.886051
"1234","Torsken",2008,1928,0.503025545,6390.275055
"1235","Torsken",2009,1928,0.394606216,3523.975963
"1236","Torsken",2010,1928,0.379626722,4430.284846
"1237","Torsken",2011,1928,0.388116368,4865.939486
"1238","Torsken",2012,1928,0.493562765,4717.798663
"1239","Torsken",2013,1928,0.364422547,3950.139609
"1240","Torsken",2014,1928,0.343820783,6665.337546
"1254","Berg",2005,1929,0.272739115,916.2103287
"1255","Berg",2006,1929,0.173700263,530.0791824
"1256","Berg",2007,1929,0.22967619,459.8041538
"1257","Berg",2008,1929,0,0
"1258","Berg",2009,1929,0.16783817,386.184383
"1259","Berg",2010,1929,0.305166644,1110.893555
"1260","Berg",2011,1929,0.204998069,608.1298475
"1261","Berg",2012,1929,0.077506888,81.06383366
"1262","Berg",2013,1929,0.211503552,971.3613637
"1263","Berg",2014,1929,0.541976869,2132.41558
"1277","Lenvik",2005,1931,0.328336075,386.7661067
"1278","Lenvik",2006,1931,0.552668793,1307.836538
"1279","Lenvik",2007,1931,0.64727974,1586.182953
"1280","Lenvik",2008,1931,0.462235536,3495.939589
"1281","Lenvik",2009,1931,0.352833003,1929.308499
"1282","Lenvik",2010,1931,0.262583626,796.1280819
"1283","Lenvik",2011,1931,0.28763377,2182.568496
"1284","Lenvik",2012,1931,0.388245729,2569.150497
"1285","Lenvik",2013,1931,0.296598747,2075.762937
"1286","Lenvik",2014,1931,0.288061645,2407.348739
"1300","Balsfjord",2005,1933,0,0
"1301","Balsfjord",2006,1933,0,0
"1302","Balsfjord",2007,1933,0,0
"1303","Balsfjord",2008,1933,0,0
"1304","Balsfjord",2009,1933,0,0
"1305","Balsfjord",2010,1933,0,0
"1306","Balsfjord",2011,1933,0,0
"1307","Balsfjord",2012,1933,0,0
"1308","Balsfjord",2013,1933,0,0
"1309","Balsfjord",2014,1933,0,0
"1323","Karlsoy",2005,1936,0.213678182,511.8626653
"1324","Karlsoy",2006,1936,0.294354996,1492.808997
"1325","Karlsoy",2007,1936,0.27213206,1035.890281
"1326","Karlsoy",2008,1936,0.254080965,1675.524219
"1327","Karlsoy",2009,1936,0.290212637,1732.575247
"1328","Karlsoy",2010,1936,0.295764636,2921.143085
"1329","Karlsoy",2011,1936,0.268364641,2389.251207
"1330","Karlsoy",2012,1936,0.27545097,1815.941371
"1331","Karlsoy",2013,1936,0.286260837,1834.832344
"1332","Karlsoy",2014,1936,0.274291226,3291.397069
"1346","Lyngen",2005,1938,0.505788426,1612.425685
"1347","Lyngen",2006,1938,0.302125892,390.2862267
"1348","Lyngen",2007,1938,0.233028843,780.2197137
"1349","Lyngen",2008,1938,0.589666149,1272.04079
"1350","Lyngen",2009,1938,0.295136863,1253.183587
"1351","Lyngen",2010,1938,0.239955584,212.6275221
"1352","Lyngen",2011,1938,0.291854513,1239.706331
"1353","Lyngen",2012,1938,0.307658975,352.2701411
"1354","Lyngen",2013,1938,0.270564504,940.4113263
"1355","Lyngen",2014,1938,0.563879209,1005.392682
"1369","Storfjord",2005,1939,0,0
"1370","Storfjord",2006,1939,0,0
"1371","Storfjord",2007,1939,0,0
"1372","Storfjord",2008,1939,0,0
"1373","Storfjord",2009,1939,0,0
"1374","Storfjord",2010,1939,0,0
"1375","Storfjord",2011,1939,0,0
"1376","Storfjord",2012,1939,0,0
"1377","Storfjord",2013,1939,0,0
"1378","Storfjord",2014,1939,0,0
"1392","Kafjord",2005,1940,0.169816156,434.3243483
"1393","Kafjord",2006,1940,0.341775556,755.0457741
"1394","Kafjord",2007,1940,0.298781416,1331.707016
"1395","Kafjord",2008,1940,0.389265318,642.1994118
"1396","Kafjord",2009,1940,0.271088371,945.7484414
"1397","Kafjord",2010,1940,0,0
"1398","Kafjord",2011,1940,0.354291814,366.0932744
"1399","Kafjord",2012,1940,0.30638721,1561.168147
"1400","Kafjord",2013,1940,0.506336065,3135.161012
"1401","Kafjord",2014,1940,0.21918509,212.525151
"1415","Skjervoy",2005,1941,0.468008682,3169.142322
"1416","Skjervoy",2006,1941,0.299169371,2252.856651
"1417","Skjervoy",2007,1941,0.377981555,2254.469475
"1418","Skjervoy",2008,1941,0.30255161,2276.303919
"1419","Skjervoy",2009,1941,0.397671823,2637.789019
"1420","Skjervoy",2010,1941,0.323019244,3256.437433
"1421","Skjervoy",2011,1941,0.365145339,2568.52652
"1422","Skjervoy",2012,1941,0.344021044,4508.41057
"1423","Skjervoy",2013,1941,0.357167493,4269.459484
"1424","Skjervoy",2014,1941,0.361259852,4525.573692
"1438","Nordreisa",2005,1942,0.2621967,859.6352155
"1439","Nordreisa",2006,1942,0.311498281,1634.252678
"1440","Nordreisa",2007,1942,0.375124288,2180.505579
"1441","Nordreisa",2008,1942,0.292910679,1577.26601
"1442","Nordreisa",2009,1942,0.348854938,2288.612238
"1443","Nordreisa",2010,1942,0.305021491,1621.595206
"1444","Nordreisa",2011,1942,0.38946057,741.2194102
"1445","Nordreisa",2012,1942,0.316473524,2276.784906
"1446","Nordreisa",2013,1942,0.258306851,1520.304752
"1447","Nordreisa",2014,1942,0.344116154,991.476067
"1461","Kvaenangen",2005,1943,0.350111461,1964.09869
"1462","Kvaenangen",2006,1943,0.252390057,1159.243683
"1463","Kvaenangen",2007,1943,0.350972552,2200.627734
"1464","Kvaenangen",2008,1943,0.323031186,2194.828933
"1465","Kvaenangen",2009,1943,0.312845184,1986.851293
"1466","Kvaenangen",2010,1943,0.324937528,2514.900138
"1467","Kvaenangen",2011,1943,0.342993132,2306.962204
"1468","Kvaenangen",2012,1943,0.301296578,2180.961489
"1469","Kvaenangen",2013,1943,0.354589626,3108.083743
"1470","Kvaenangen",2014,1943,0.501608815,9132.320188
"1484","Vardo",2005,2002,0,0
"1485","Vardo",2006,2002,0,0
"1486","Vardo",2007,2002,0,0
"1487","Vardo",2008,2002,0,0
"1488","Vardo",2009,2002,0,0
"1489","Vardo",2010,2002,0,0
"1490","Vardo",2011,2002,0,0
"1491","Vardo",2012,2002,0,0
"1492","Vardo",2013,2002,0,0
"1493","Vardo",2014,2002,0,0
"1507","Vadso",2005,2003,0,0
"1508","Vadso",2006,2003,0,0
"1509","Vadso",2007,2003,0,0
"1510","Vadso",2008,2003,0,0
"1511","Vadso",2009,2003,0,0
"1512","Vadso",2010,2003,0,0
"1513","Vadso",2011,2003,0,0
"1514","Vadso",2012,2003,0,0
"1515","Vadso",2013,2003,0,0
"1516","Vadso",2014,2003,0,0
"1530","Hammerfest",2005,2004,0.258912746,958.0051233
"1531","Hammerfest",2006,2004,0.43528502,617.2197942
"1532","Hammerfest",2007,2004,0.326026157,2315.731189
"1533","Hammerfest",2008,2004,0.321070521,3593.880085
"1534","Hammerfest",2009,2004,0.303583336,3770.182631
"1535","Hammerfest",2010,2004,0.312203492,3350.722421
"1536","Hammerfest",2011,2004,0.328782547,6515.987428
"1537","Hammerfest",2012,2004,0.286997994,3849.521024
"1538","Hammerfest",2013,2004,0.270302267,5063.845364
"1539","Hammerfest",2014,2004,0.291285481,3432.961637
"1553","Alta",2005,2012,0.255680846,3897.052687
"1554","Alta",2006,2012,0.330120092,5671.716052
"1555","Alta",2007,2012,0.286276201,4059.116549
"1556","Alta",2008,2012,0.398483715,5032.859285
"1557","Alta",2009,2012,0.357440751,5590.702554
"1558","Alta",2010,2012,0.289727317,6622.504153
"1559","Alta",2011,2012,0.313587174,5481.189274
"1560","Alta",2012,2012,0.299996354,6767.055547
"1561","Alta",2013,2012,0.290820199,6670.967209
"1562","Alta",2014,2012,0.271999183,5919.625387
"1576","Loppa",2005,2014,0.516924764,2634.274446
"1577","Loppa",2006,2014,0.275406192,2020.942754
"1578","Loppa",2007,2014,0.250048153,1524.022736
"1579","Loppa",2008,2014,0.297838084,2130.315785
"1580","Loppa",2009,2014,0.275465397,2996.026114
"1581","Loppa",2010,2014,0.28605432,2058.735801
"1582","Loppa",2011,2014,0.312117308,3468.847725
"1583","Loppa",2012,2014,0.319369927,4540.808323
"1584","Loppa",2013,2014,0.221192984,2534.469911
"1585","Loppa",2014,2014,0.284429071,3022.075092
"1599","Hasvik",2005,2015,0,0
"1600","Hasvik",2006,2015,0,0
"1601","Hasvik",2007,2015,0,0
"1602","Hasvik",2008,2015,0,0
"1603","Hasvik",2009,2015,0,0
"1604","Hasvik",2010,2015,0,0
"1605","Hasvik",2011,2015,0,0
"1606","Hasvik",2012,2015,0,0
"1607","Hasvik",2013,2015,0,0
"1608","Hasvik",2014,2015,0,0
"1622","Kvalsund",2005,2017,0.644894223,417.6825107
"1623","Kvalsund",2006,2017,0.329187519,971.4656168
"1624","Kvalsund",2007,2017,0.930797586,2464.257754
"1625","Kvalsund",2008,2017,0.227424156,356.6529297
"1626","Kvalsund",2009,2017,0.41917456,886.3207144
"1627","Kvalsund",2010,2017,0.281833897,770.1798914
"1628","Kvalsund",2011,2017,0.312234828,1919.501701
"1629","Kvalsund",2012,2017,0.359332734,4349.275014
"1630","Kvalsund",2013,2017,0.382833042,2726.278897
"1631","Kvalsund",2014,2017,0.273678676,3153.443392
"1645","Masoy",2005,2018,0,0
"1646","Masoy",2006,2018,0,0
"1647","Masoy",2007,2018,0,0
"1648","Masoy",2008,2018,0,0
"1649","Masoy",2009,2018,0,0
"1650","Masoy",2010,2018,0,0
"1651","Masoy",2011,2018,0.364641375,1001.685173
"1652","Masoy",2012,2018,0.218502996,1210.095154
"1653","Masoy",2013,2018,0.277158206,1265.164295
"1654","Masoy",2014,2018,0.302086464,3632.086756
"1668","Nordkapp",2005,2019,0,0
"1669","Nordkapp",2006,2019,0.391126831,50.51833259
"1670","Nordkapp",2007,2019,0.357175247,391.1201115
"1671","Nordkapp",2008,2019,0.313106584,1002.716947
"1672","Nordkapp",2009,2019,0.252189308,1215.548935
"1673","Nordkapp",2010,2019,0.214891728,358.2954254
"1674","Nordkapp",2011,2019,0.411517117,947.802109
"1675","Nordkapp",2012,2019,0.297910839,1335.446407
"1676","Nordkapp",2013,2019,0.345026677,2360.785005
"1677","Nordkapp",2014,2019,0.410339445,2085.465287
"1691","Porsanger",2005,2020,0,0
"1692","Porsanger",2006,2020,0,0
"1693","Porsanger",2007,2020,0,0
"1694","Porsanger",2008,2020,0,0
"1695","Porsanger",2009,2020,0,0
"1696","Porsanger",2010,2020,0,0
"1697","Porsanger",2011,2020,0,0
"1698","Porsanger",2012,2020,0,0
"1699","Porsanger",2013,2020,0,0
"1700","Porsanger",2014,2020,0,0
"1714","Lebesby",2005,2022,0.19439252,129.5293738
"1715","Lebesby",2006,2022,0,0
"1716","Lebesby",2007,2022,0,0
"1717","Lebesby",2008,2022,0,0
"1718","Lebesby",2009,2022,0.359398671,117.9205009
"1719","Lebesby",2010,2022,0.276433255,471.1815885
"1720","Lebesby",2011,2022,0.324412864,1219.838759
"1721","Lebesby",2012,2022,0.331330759,1953.989685
"1722","Lebesby",2013,2022,0.415437939,3824.428608
"1723","Lebesby",2014,2022,0.315138137,3641.583475
"1737","Gamvik",2005,2023,0,0
"1738","Gamvik",2006,2023,0,0
"1739","Gamvik",2007,2023,0,0
"1740","Gamvik",2008,2023,0,0
"1741","Gamvik",2009,2023,0,0
"1742","Gamvik",2010,2023,0,0
"1743","Gamvik",2011,2023,0,0
"1744","Gamvik",2012,2023,0,0
"1745","Gamvik",2013,2023,0,0
"1746","Gamvik",2014,2023,0,0
"1760","Berlevag",2005,2024,0,0
"1761","Berlevag",2006,2024,0,0
"1762","Berlevag",2007,2024,0,0
"1763","Berlevag",2008,2024,0,0
"1764","Berlevag",2009,2024,0,0
"1765","Berlevag",2010,2024,0,0
"1766","Berlevag",2011,2024,0,0
"1767","Berlevag",2012,2024,0,0
"1768","Berlevag",2013,2024,0,0
"1769","Berlevag",2014,2024,0,0
"1783","Tana",2005,2025,0,0
"1784","Tana",2006,2025,0,0
"1785","Tana",2007,2025,0,0
"1786","Tana",2008,2025,0,0
"1787","Tana",2009,2025,0,0
"1788","Tana",2010,2025,0,0
"1789","Tana",2011,2025,0,0
"1790","Tana",2012,2025,0,0
"1791","Tana",2013,2025,0,0
"1792","Tana",2014,2025,0,0
"1806","Nesseby",2005,2027,0.263433912,423.4328686
"1807","Nesseby",2006,2027,0.225924643,17.87402815
"1808","Nesseby",2007,2027,0.444135754,49.33904087
"1809","Nesseby",2008,2027,0.372698286,753.9067638
"1810","Nesseby",2009,2027,0.30051189,1758.921634
"1811","Nesseby",2010,2027,0.290236886,1189.573029
"1812","Nesseby",2011,2027,0.308064025,1228.441036
"1813","Nesseby",2012,2027,0.301632817,2364.487888
"1814","Nesseby",2013,2027,0.329511111,1712.157526
"1815","Nesseby",2014,2027,0.417658833,961.3274237
"1829","Batsfjord",2005,2028,0,0
"1830","Batsfjord",2006,2028,0,0
"1831","Batsfjord",2007,2028,0,0
"1832","Batsfjord",2008,2028,0,0
"1833","Batsfjord",2009,2028,0,0
"1834","Batsfjord",2010,2028,0,0
"1835","Batsfjord",2011,2028,0,0
"1836","Batsfjord",2012,2028,0,0
"1837","Batsfjord",2013,2028,0,0
"1838","Batsfjord",2014,2028,0,0
"1852","Sor-Varanger",2005,2030,0,0
"1853","Sor-Varanger",2006,2030,0.415140276,350.9907249
"1854","Sor-Varanger",2007,2030,0.342141867,697.8007333
"1855","Sor-Varanger",2008,2030,0.276988892,777.2372016
"1856","Sor-Varanger",2009,2030,0.28354806,1345.734972
"1857","Sor-Varanger",2010,2030,0.300430587,1798.420456
"1858","Sor-Varanger",2011,2030,0.328184537,2385.522859
"1859","Sor-Varanger",2012,2030,0.190960209,503.2049743
"1860","Sor-Varanger",2013,2030,0.293941011,3092.568079
"1861","Sor-Varanger",2014,2030,0.324552639,2431.83106
