"year","county","municip_number","municip","production_final","efcr_region","ref_efcr","efcr_score"
2006,"Finnmark",2004,"Hammerfest",996864.37184,1.42949957428834,1.2919824295079,0.89356113392903
2006,"Finnmark",2012,"Alta",13095054.18224,1.42949957428834,1.2919824295079,0.89356113392903
2006,"Finnmark",2014,"Loppa",7172847.19528,1.42949957428834,1.2919824295079,0.89356113392903
2006,"Finnmark",2017,"Kvalsund",2650313.8552,1.42949957428834,1.2919824295079,0.89356113392903
2006,"Finnmark",2019,"Nordkapp",99961.98976,1.42949957428834,1.2919824295079,0.89356113392903
2006,"Finnmark",2027,"Nesseby",NA,1.42949957428834,1.2919824295079,0.89356113392903
2006,"Finnmark",2030,"Sor-Varanger",695983.09176,1.42949957428834,1.2919824295079,0.89356113392903
2006,"Troms",1902,"Tromso",3973506.41296,1.42578423069247,1.2919824295079,0.89643682597484
2006,"Troms",1903,"Harstad",3182648.28,1.42578423069247,1.2919824295079,0.89643682597484
2006,"Troms",1911,"Kvaefjord",3804012.60768,1.42578423069247,1.2919824295079,0.89643682597484
2006,"Troms",1913,"Skanland",5453629.4608,1.42578423069247,1.2919824295079,0.89643682597484
2006,"Troms",1917,"Ibestad",3955807.76528,1.42578423069247,1.2919824295079,0.89643682597484
2006,"Troms",1919,"Gratangen",1630754.93312,1.42578423069247,1.2919824295079,0.89643682597484
2006,"Troms",1920,"Lavangen",2453791.66208,1.42578423069247,1.2919824295079,0.89643682597484
2006,"Troms",1923,"Salangen",450854.60112,1.42578423069247,1.2919824295079,0.89643682597484
2006,"Troms",1926,"Dyroy",2629478.7268,1.42578423069247,1.2919824295079,0.89643682597484
2006,"Troms",1927,"Tranoy",3738925.298,1.42578423069247,1.2919824295079,0.89643682597484
2006,"Troms",1928,"Torsken",7911249.72752,1.42578423069247,1.2919824295079,0.89643682597484
2006,"Troms",1929,"Berg",2808754.85816,1.42578423069247,1.2919824295079,0.89643682597484
2006,"Troms",1931,"Lenvik",1912726.32144,1.42578423069247,1.2919824295079,0.89643682597484
2006,"Troms",1936,"Karlsoy",5162228.40648,1.42578423069247,1.2919824295079,0.89643682597484
2006,"Troms",1938,"Lyngen",656093.44296,1.42578423069247,1.2919824295079,0.89643682597484
2006,"Troms",1940,"Kafjord",1661153.3848,1.42578423069247,1.2919824295079,0.89643682597484
2006,"Troms",1941,"Skjervoy",8433260.29208,1.42578423069247,1.2919824295079,0.89643682597484
2006,"Troms",1942,"Nordreisa",4267807.95552,1.42578423069247,1.2919824295079,0.89643682597484
2006,"Troms",1943,"Kvaenangen",4518507.93528,1.42578423069247,1.2919824295079,0.89643682597484
2006,"Nordland",1804,"Bodo",1377272.75928,1.2919824295079,1.2919824295079,1
2006,"Nordland",1811,"Bindal",4001198.72344,1.2919824295079,1.2919824295079,1
2006,"Nordland",1812,"Somna",3239827.67688,1.2919824295079,1.2919824295079,1
2006,"Nordland",1813,"Bronnoy",2603238.87936,1.2919824295079,1.2919824295079,1
2006,"Nordland",1815,"Vega",1501494.16824,1.2919824295079,1.2919824295079,1
2006,"Nordland",1816,"Vevelstad",4176280.70592,1.2919824295079,1.2919824295079,1
2006,"Nordland",1818,"Heroy",6680206.08696,1.2919824295079,1.2919824295079,1
2006,"Nordland",1820,"Alstahaug",2547282.4392,1.2919824295079,1.2919824295079,1
2006,"Nordland",1824,"Vefsn",1515523.44768,1.2919824295079,1.2919824295079,1
2006,"Nordland",1827,"Donna",721073.45664,1.2919824295079,1.2919824295079,1
2006,"Nordland",1828,"Nesna",866454.71992,1.2919824295079,1.2919824295079,1
2006,"Nordland",1833,"Rana",746864.63056,1.2919824295079,1.2919824295079,1
2006,"Nordland",1834,"Luroy",12037893.29208,1.2919824295079,1.2919824295079,1
2006,"Nordland",1835,"Traena",515000.34328,1.2919824295079,1.2919824295079,1
2006,"Nordland",1836,"Rodoy",11853991.4692,1.2919824295079,1.2919824295079,1
2006,"Nordland",1837,"Meloy",5084735.64536,1.2919824295079,1.2919824295079,1
2006,"Nordland",1838,"Gildeskal",7602980.71032,1.2919824295079,1.2919824295079,1
2006,"Nordland",1840,"Saltdal",204918.62056,1.2919824295079,1.2919824295079,1
2006,"Nordland",1841,"Fauske",2003911.38288,1.2919824295079,1.2919824295079,1
2006,"Nordland",1845,"Sorfold",6586442.09216,1.2919824295079,1.2919824295079,1
2006,"Nordland",1848,"Steigen",10522818.44376,1.2919824295079,1.2919824295079,1
2006,"Nordland",1849,"Hamaroy",707026.36224,1.2919824295079,1.2919824295079,1
2006,"Nordland",1850,"Tysfjord",1371265.28928,1.2919824295079,1.2919824295079,1
2006,"Nordland",1851,"Lodingen",4298536.7108,1.2919824295079,1.2919824295079,1
2006,"Nordland",1854,"Ballangen",739661.77248,1.2919824295079,1.2919824295079,1
2006,"Nordland",1859,"Flakstad",2510282.7644,1.2919824295079,1.2919824295079,1
2006,"Nordland",1860,"Vestvagoy",914441.60016,1.2919824295079,1.2919824295079,1
2006,"Nordland",1865,"Vagan",7105063.7248,1.2919824295079,1.2919824295079,1
2006,"Nordland",1866,"Hadsel",5134071.91472,1.2919824295079,1.2919824295079,1
2006,"Nordland",1867,"Bo",3321397.78696,1.2919824295079,1.2919824295079,1
2006,"Nordland",1868,"Oksnes",5918049.7844,1.2919824295079,1.2919824295079,1
2006,"Nordland",1870,"Sortland",3797889.53016,1.2919824295079,1.2919824295079,1
2007,"Finnmark",2004,"Hammerfest",6142081.794,1.46161742250782,1.37651251017426,0.938173527879679
2007,"Finnmark",2012,"Alta",12485901.29744,1.46161742250782,1.37651251017426,0.938173527879679
2007,"Finnmark",2014,"Loppa",5343797.50008,1.46161742250782,1.37651251017426,0.938173527879679
2007,"Finnmark",2017,"Kvalsund",1110143.96656,1.46161742250782,1.37651251017426,0.938173527879679
2007,"Finnmark",2019,"Nordkapp",822503.0628,1.46161742250782,1.37651251017426,0.938173527879679
2007,"Finnmark",2027,"Nesseby",25230.24408,1.46161742250782,1.37651251017426,0.938173527879679
2007,"Finnmark",2030,"Sor-Varanger",1648974.80544,1.46161742250782,1.37651251017426,0.938173527879679
2007,"Troms",1902,"Tromso",6555547.9752,1.38309255533183,1.37651251017426,0.99521977090006
2007,"Troms",1903,"Harstad",1258713.9376,1.38309255533183,1.37651251017426,0.99521977090006
2007,"Troms",1911,"Kvaefjord",6382082.93944,1.38309255533183,1.37651251017426,0.99521977090006
2007,"Troms",1913,"Skanland",5008334.576,1.38309255533183,1.37651251017426,0.99521977090006
2007,"Troms",1917,"Ibestad",1515787.91216,1.38309255533183,1.37651251017426,0.99521977090006
2007,"Troms",1919,"Gratangen",4321388.53376,1.38309255533183,1.37651251017426,0.99521977090006
2007,"Troms",1920,"Lavangen",NA,1.38309255533183,1.37651251017426,0.99521977090006
2007,"Troms",1923,"Salangen",NA,1.38309255533183,1.37651251017426,0.99521977090006
2007,"Troms",1926,"Dyroy",7185923.9024,1.38309255533183,1.37651251017426,0.99521977090006
2007,"Troms",1927,"Tranoy",8740518.24152,1.38309255533183,1.37651251017426,0.99521977090006
2007,"Troms",1928,"Torsken",5811369.03264,1.38309255533183,1.37651251017426,0.99521977090006
2007,"Troms",1929,"Berg",865085.61408,1.38309255533183,1.37651251017426,0.99521977090006
2007,"Troms",1931,"Lenvik",1688515.04976,1.38309255533183,1.37651251017426,0.99521977090006
2007,"Troms",1936,"Karlsoy",3295296.54072,1.38309255533183,1.37651251017426,0.99521977090006
2007,"Troms",1938,"Lyngen",3510591.2864,1.38309255533183,1.37651251017426,0.99521977090006
2007,"Troms",1940,"Kafjord",4964040.05064,1.38309255533183,1.37651251017426,0.99521977090006
2007,"Troms",1941,"Skjervoy",6424503.16536,1.38309255533183,1.37651251017426,0.99521977090006
2007,"Troms",1942,"Nordreisa",4147402.09992,1.38309255533183,1.37651251017426,0.99521977090006
2007,"Troms",1943,"Kvaenangen",7439655.31424,1.38309255533183,1.37651251017426,0.99521977090006
2007,"Nordland",1804,"Bodo",126641.7856,1.37651251017426,1.37651251017426,1
2007,"Nordland",1811,"Bindal",3797631.63912,1.37651251017426,1.37651251017426,1
2007,"Nordland",1812,"Somna",2294003.38832,1.37651251017426,1.37651251017426,1
2007,"Nordland",1813,"Bronnoy",4108736.32864,1.37651251017426,1.37651251017426,1
2007,"Nordland",1815,"Vega",1027929.97368,1.37651251017426,1.37651251017426,1
2007,"Nordland",1816,"Vevelstad",4532255.43192,1.37651251017426,1.37651251017426,1
2007,"Nordland",1818,"Heroy",2800050.1004,1.37651251017426,1.37651251017426,1
2007,"Nordland",1820,"Alstahaug",3014414.87464,1.37651251017426,1.37651251017426,1
2007,"Nordland",1824,"Vefsn",1069062.99616,1.37651251017426,1.37651251017426,1
2007,"Nordland",1827,"Donna",3687510.16064,1.37651251017426,1.37651251017426,1
2007,"Nordland",1828,"Nesna",1162891.31872,1.37651251017426,1.37651251017426,1
2007,"Nordland",1833,"Rana",2541162.90824,1.37651251017426,1.37651251017426,1
2007,"Nordland",1834,"Luroy",11962957.73784,1.37651251017426,1.37651251017426,1
2007,"Nordland",1835,"Traena",1736422.89128,1.37651251017426,1.37651251017426,1
2007,"Nordland",1836,"Rodoy",8313294.31728,1.37651251017426,1.37651251017426,1
2007,"Nordland",1837,"Meloy",6986564.37264,1.37651251017426,1.37651251017426,1
2007,"Nordland",1838,"Gildeskal",6160628.3,1.37651251017426,1.37651251017426,1
2007,"Nordland",1840,"Saltdal",2929813.57304,1.37651251017426,1.37651251017426,1
2007,"Nordland",1841,"Fauske",308501.53752,1.37651251017426,1.37651251017426,1
2007,"Nordland",1845,"Sorfold",5625091.53928,1.37651251017426,1.37651251017426,1
2007,"Nordland",1848,"Steigen",9499445.07912,1.37651251017426,1.37651251017426,1
2007,"Nordland",1849,"Hamaroy",4451170.27544,1.37651251017426,1.37651251017426,1
2007,"Nordland",1850,"Tysfjord",1967466.60408,1.37651251017426,1.37651251017426,1
2007,"Nordland",1851,"Lodingen",2824248.02528,1.37651251017426,1.37651251017426,1
2007,"Nordland",1854,"Ballangen",652390.91464,1.37651251017426,1.37651251017426,1
2007,"Nordland",1859,"Flakstad",2311103.79192,1.37651251017426,1.37651251017426,1
2007,"Nordland",1860,"Vestvagoy",2139616.66792,1.37651251017426,1.37651251017426,1
2007,"Nordland",1865,"Vagan",4908350.93576,1.37651251017426,1.37651251017426,1
2007,"Nordland",1866,"Hadsel",8867556.00336,1.37651251017426,1.37651251017426,1
2007,"Nordland",1867,"Bo",2464226.4652,1.37651251017426,1.37651251017426,1
2007,"Nordland",1868,"Oksnes",7296587.88864,1.37651251017426,1.37651251017426,1
2007,"Nordland",1870,"Sortland",3025872.83648,1.37651251017426,1.37651251017426,1
2008,"Finnmark",2004,"Hammerfest",10044884.0784,1.45203399100122,1.28814565946673,0.872771894754244
2008,"Finnmark",2012,"Alta",7552190.02464,1.45203399100122,1.28814565946673,0.872771894754244
2008,"Finnmark",2014,"Loppa",5626973.3904,1.45203399100122,1.28814565946673,0.872771894754244
2008,"Finnmark",2017,"Kvalsund",1368693.0252,1.45203399100122,1.28814565946673,0.872771894754244
2008,"Finnmark",2019,"Nordkapp",2933190.83656,1.45203399100122,1.28814565946673,0.872771894754244
2008,"Finnmark",2027,"Nesseby",1666988.79952,1.45203399100122,1.28814565946673,0.872771894754244
2008,"Finnmark",2030,"Sor-Varanger",2544205.34344,1.45203399100122,1.28814565946673,0.872771894754244
2008,"Troms",1902,"Tromso",5349495.41944,1.38507178070716,1.28814565946673,0.92475530967472
2008,"Troms",1903,"Harstad",4732608.3964,1.38507178070716,1.28814565946673,0.92475530967472
2008,"Troms",1911,"Kvaefjord",4981052.88144,1.38507178070716,1.28814565946673,0.92475530967472
2008,"Troms",1913,"Skanland",3276819.2468,1.38507178070716,1.28814565946673,0.92475530967472
2008,"Troms",1917,"Ibestad",5149808.54552,1.38507178070716,1.28814565946673,0.92475530967472
2008,"Troms",1919,"Gratangen",NA,1.38507178070716,1.28814565946673,0.92475530967472
2008,"Troms",1920,"Lavangen",3777411.15256,1.38507178070716,1.28814565946673,0.92475530967472
2008,"Troms",1926,"Dyroy",7787451.34408,1.38507178070716,1.28814565946673,0.92475530967472
2008,"Troms",1927,"Tranoy",2381553.884,1.38507178070716,1.28814565946673,0.92475530967472
2008,"Troms",1928,"Torsken",8524685.78096,1.38507178070716,1.28814565946673,0.92475530967472
2008,"Troms",1929,"Berg",739872.48168,1.38507178070716,1.28814565946673,0.92475530967472
2008,"Troms",1931,"Lenvik",6343303.92608,1.38507178070716,1.28814565946673,0.92475530967472
2008,"Troms",1936,"Karlsoy",6605109.0504,1.38507178070716,1.28814565946673,0.92475530967472
2008,"Troms",1938,"Lyngen",935957.79632,1.38507178070716,1.28814565946673,0.92475530967472
2008,"Troms",1940,"Kafjord",1346630.05696,1.38507178070716,1.28814565946673,0.92475530967472
2008,"Troms",1941,"Skjervoy",7408804.99072,1.38507178070716,1.28814565946673,0.92475530967472
2008,"Troms",1942,"Nordreisa",4631584.74416,1.38507178070716,1.28814565946673,0.92475530967472
2008,"Troms",1943,"Kvaenangen",6530944.10016,1.38507178070716,1.28814565946673,0.92475530967472
2008,"Nordland",1804,"Bodo",NA,1.28814565946673,1.28814565946673,1
2008,"Nordland",1811,"Bindal",6585595.70256,1.28814565946673,1.28814565946673,1
2008,"Nordland",1812,"Somna",5772980.51776,1.28814565946673,1.28814565946673,1
2008,"Nordland",1813,"Bronnoy",4517490.37224,1.28814565946673,1.28814565946673,1
2008,"Nordland",1815,"Vega",3316924.1028,1.28814565946673,1.28814565946673,1
2008,"Nordland",1816,"Vevelstad",4131822.18496,1.28814565946673,1.28814565946673,1
2008,"Nordland",1818,"Heroy",5230036.25976,1.28814565946673,1.28814565946673,1
2008,"Nordland",1820,"Alstahaug",6669238.76624,1.28814565946673,1.28814565946673,1
2008,"Nordland",1824,"Vefsn",2159381.77136,1.28814565946673,1.28814565946673,1
2008,"Nordland",1827,"Donna",2208572.66392,1.28814565946673,1.28814565946673,1
2008,"Nordland",1828,"Nesna",955166.16368,1.28814565946673,1.28814565946673,1
2008,"Nordland",1833,"Rana",144967.07656,1.28814565946673,1.28814565946673,1
2008,"Nordland",1834,"Luroy",9053767.09432,1.28814565946673,1.28814565946673,1
2008,"Nordland",1835,"Traena",1410598.9056,1.28814565946673,1.28814565946673,1
2008,"Nordland",1836,"Rodoy",11068686.02672,1.28814565946673,1.28814565946673,1
2008,"Nordland",1837,"Meloy",5084721.9008,1.28814565946673,1.28814565946673,1
2008,"Nordland",1838,"Gildeskal",9678538.41096,1.28814565946673,1.28814565946673,1
2008,"Nordland",1840,"Saltdal",2173963.56848,1.28814565946673,1.28814565946673,1
2008,"Nordland",1841,"Fauske",1178487.14792,1.28814565946673,1.28814565946673,1
2008,"Nordland",1845,"Sorfold",9224739.55328,1.28814565946673,1.28814565946673,1
2008,"Nordland",1848,"Steigen",13415292.4544,1.28814565946673,1.28814565946673,1
2008,"Nordland",1849,"Hamaroy",945057.228480001,1.28814565946673,1.28814565946673,1
2008,"Nordland",1850,"Tysfjord",3483216.5132,1.28814565946673,1.28814565946673,1
2008,"Nordland",1851,"Lodingen",8944448.06016,1.28814565946673,1.28814565946673,1
2008,"Nordland",1854,"Ballangen",952725.1256,1.28814565946673,1.28814565946673,1
2008,"Nordland",1859,"Flakstad",3143915.31704,1.28814565946673,1.28814565946673,1
2008,"Nordland",1860,"Vestvagoy",4433974.9564,1.28814565946673,1.28814565946673,1
2008,"Nordland",1865,"Vagan",11623693.2932,1.28814565946673,1.28814565946673,1
2008,"Nordland",1866,"Hadsel",3472335.51736,1.28814565946673,1.28814565946673,1
2008,"Nordland",1867,"Bo",6273250.22216,1.28814565946673,1.28814565946673,1
2008,"Nordland",1868,"Oksnes",8688305.84432,1.28814565946673,1.28814565946673,1
2008,"Nordland",1870,"Sortland",1896898.03792,1.28814565946673,1.28814565946673,1
2009,"Finnmark",2004,"Hammerfest",10438756.76968,1.43970962301793,1.24147946044329,0.840327473074862
2009,"Finnmark",2012,"Alta",12985565.20688,1.43970962301793,1.24147946044329,0.840327473074862
2009,"Finnmark",2014,"Loppa",9933567.90928,1.43970962301793,1.24147946044329,0.840327473074862
2009,"Finnmark",2017,"Kvalsund",1098162.73784,1.43970962301793,1.24147946044329,0.840327473074862
2009,"Finnmark",2019,"Nordkapp",4028537.062,1.43970962301793,1.24147946044329,0.840327473074862
2009,"Finnmark",2022,"Lebesby",213434.25544,1.43970962301793,1.24147946044329,0.840327473074862
2009,"Finnmark",2027,"Nesseby",5167706.2712,1.43970962301793,1.24147946044329,0.840327473074862
2009,"Finnmark",2030,"Sor-Varanger",4290786.1376,1.43970962301793,1.24147946044329,0.840327473074862
2009,"Troms",1902,"Tromso",6956121.56112,1.37566470803413,1.24147946044329,0.891915048241777
2009,"Troms",1903,"Harstad",8142516.6704,1.37566470803413,1.24147946044329,0.891915048241777
2009,"Troms",1911,"Kvaefjord",10547070.69176,1.37566470803413,1.24147946044329,0.891915048241777
2009,"Troms",1913,"Skanland",1764429.412,1.37566470803413,1.24147946044329,0.891915048241777
2009,"Troms",1917,"Ibestad",4870427.87792,1.37566470803413,1.24147946044329,0.891915048241777
2009,"Troms",1919,"Gratangen",1565132.2468,1.37566470803413,1.24147946044329,0.891915048241777
2009,"Troms",1920,"Lavangen",4172614.18552,1.37566470803413,1.24147946044329,0.891915048241777
2009,"Troms",1923,"Salangen",1572765.22688,1.37566470803413,1.24147946044329,0.891915048241777
2009,"Troms",1926,"Dyroy",2681844.35024,1.37566470803413,1.24147946044329,0.891915048241777
2009,"Troms",1927,"Tranoy",10627669.41552,1.37566470803413,1.24147946044329,0.891915048241777
2009,"Troms",1928,"Torsken",7808163.23264,1.37566470803413,1.24147946044329,0.891915048241777
2009,"Troms",1929,"Berg",NA,1.37566470803413,1.24147946044329,0.891915048241777
2009,"Troms",1931,"Lenvik",4955299.48888,1.37566470803413,1.24147946044329,0.891915048241777
2009,"Troms",1936,"Karlsoy",5759982.01232,1.37566470803413,1.24147946044329,0.891915048241777
2009,"Troms",1938,"Lyngen",3879807.0344,1.37566470803413,1.24147946044329,0.891915048241777
2009,"Troms",1940,"Kafjord",3183898.02896,1.37566470803413,1.24147946044329,0.891915048241777
2009,"Troms",1941,"Skjervoy",6035612.05256,1.37566470803413,1.24147946044329,0.891915048241777
2009,"Troms",1942,"Nordreisa",4932062.916,1.37566470803413,1.24147946044329,0.891915048241777
2009,"Troms",1943,"Kvaenangen",7192775.1968,1.37566470803413,1.24147946044329,0.891915048241777
2009,"Nordland",1804,"Bodo",628574.71512,1.24147946044329,1.24147946044329,1
2009,"Nordland",1811,"Bindal",7269568.17808,1.24147946044329,1.24147946044329,1
2009,"Nordland",1812,"Somna",9068757.4484,1.24147946044329,1.24147946044329,1
2009,"Nordland",1813,"Bronnoy",5606838.72056,1.24147946044329,1.24147946044329,1
2009,"Nordland",1815,"Vega",635181.33008,1.24147946044329,1.24147946044329,1
2009,"Nordland",1816,"Vevelstad",4397495.99776,1.24147946044329,1.24147946044329,1
2009,"Nordland",1818,"Heroy",4369376.64744,1.24147946044329,1.24147946044329,1
2009,"Nordland",1820,"Alstahaug",6387968.73048,1.24147946044329,1.24147946044329,1
2009,"Nordland",1824,"Vefsn",1221135.86688,1.24147946044329,1.24147946044329,1
2009,"Nordland",1827,"Donna",6456436.1996,1.24147946044329,1.24147946044329,1
2009,"Nordland",1828,"Nesna",1296653.62808,1.24147946044329,1.24147946044329,1
2009,"Nordland",1833,"Rana",2862531.0428,1.24147946044329,1.24147946044329,1
2009,"Nordland",1834,"Luroy",12994627.19968,1.24147946044329,1.24147946044329,1
2009,"Nordland",1835,"Traena",1344212.5,1.24147946044329,1.24147946044329,1
2009,"Nordland",1836,"Rodoy",8120992.34352,1.24147946044329,1.24147946044329,1
2009,"Nordland",1837,"Meloy",10454189.55256,1.24147946044329,1.24147946044329,1
2009,"Nordland",1838,"Gildeskal",8577768.62256,1.24147946044329,1.24147946044329,1
2009,"Nordland",1840,"Saltdal",1121870.67408,1.24147946044329,1.24147946044329,1
2009,"Nordland",1841,"Fauske",2580598.66592,1.24147946044329,1.24147946044329,1
2009,"Nordland",1845,"Sorfold",12174776.30136,1.24147946044329,1.24147946044329,1
2009,"Nordland",1848,"Steigen",13498758.73984,1.24147946044329,1.24147946044329,1
2009,"Nordland",1849,"Hamaroy",1561687.44776,1.24147946044329,1.24147946044329,1
2009,"Nordland",1850,"Tysfjord",3316308.23808,1.24147946044329,1.24147946044329,1
2009,"Nordland",1851,"Lodingen",6729154.24992,1.24147946044329,1.24147946044329,1
2009,"Nordland",1854,"Ballangen",1046053.4228,1.24147946044329,1.24147946044329,1
2009,"Nordland",1859,"Flakstad",1907738.54456,1.24147946044329,1.24147946044329,1
2009,"Nordland",1860,"Vestvagoy",5580552.3152,1.24147946044329,1.24147946044329,1
2009,"Nordland",1865,"Vagan",6859177.5224,1.24147946044329,1.24147946044329,1
2009,"Nordland",1866,"Hadsel",10987628.81968,1.24147946044329,1.24147946044329,1
2009,"Nordland",1867,"Bo",5745747.02456,1.24147946044329,1.24147946044329,1
2009,"Nordland",1868,"Oksnes",9323243.63176,1.24147946044329,1.24147946044329,1
2009,"Nordland",1870,"Sortland",3860749.09032,1.24147946044329,1.24147946044329,1
2010,"Finnmark",2004,"Hammerfest",8343460.7116,1.57584376801058,1.27685660916767,0.765841241141548
2010,"Finnmark",2012,"Alta",18194456.47368,1.57584376801058,1.27685660916767,0.765841241141548
2010,"Finnmark",2014,"Loppa",5992574.76152,1.57584376801058,1.27685660916767,0.765841241141548
2010,"Finnmark",2017,"Kvalsund",2342031.61528,1.57584376801058,1.27685660916767,0.765841241141548
2010,"Finnmark",2019,"Nordkapp",2306110.686,1.57584376801058,1.27685660916767,0.765841241141548
2010,"Finnmark",2022,"Lebesby",1403040.30304,1.57584376801058,1.27685660916767,0.765841241141548
2010,"Finnmark",2027,"Nesseby",3507336.19368,1.57584376801058,1.27685660916767,0.765841241141548
2010,"Finnmark",2030,"Sor-Varanger",4437572.33936,1.57584376801058,1.27685660916767,0.765841241141548
2010,"Troms",1902,"Tromso",9631354.87984,1.27685660916767,1.27685660916767,1
2010,"Troms",1903,"Harstad",9552209.968,1.27685660916767,1.27685660916767,1
2010,"Troms",1911,"Kvaefjord",6655710.8128,1.27685660916767,1.27685660916767,1
2010,"Troms",1913,"Skanland",4592019.2276,1.27685660916767,1.27685660916767,1
2010,"Troms",1917,"Ibestad",5818514.75768,1.27685660916767,1.27685660916767,1
2010,"Troms",1919,"Gratangen",2405405.1032,1.27685660916767,1.27685660916767,1
2010,"Troms",1920,"Lavangen",1047315.89424,1.27685660916767,1.27685660916767,1
2010,"Troms",1923,"Salangen",1107571.67312,1.27685660916767,1.27685660916767,1
2010,"Troms",1926,"Dyroy",6247515.2656,1.27685660916767,1.27685660916767,1
2010,"Troms",1927,"Tranoy",7896993.6236,1.27685660916767,1.27685660916767,1
2010,"Troms",1928,"Torsken",9994716.11368,1.27685660916767,1.27685660916767,1
2010,"Troms",1929,"Berg",3306521.44128,1.27685660916767,1.27685660916767,1
2010,"Troms",1931,"Lenvik",2910738.94072,1.27685660916767,1.27685660916767,1
2010,"Troms",1936,"Karlsoy",10526450.5196,1.27685660916767,1.27685660916767,1
2010,"Troms",1938,"Lyngen",852146.668,1.27685660916767,1.27685660916767,1
2010,"Troms",1941,"Skjervoy",9427791.8568,1.27685660916767,1.27685660916767,1
2010,"Troms",1942,"Nordreisa",5196990.17112,1.27685660916767,1.27685660916767,1
2010,"Troms",1943,"Kvaenangen",9879592.9308,1.27685660916767,1.27685660916767,1
2010,"Nordland",1804,"Bodo",1708426.33104,1.35130646069935,1.27685660916767,0.941692864337979
2010,"Nordland",1811,"Bindal",7348848.13144,1.35130646069935,1.27685660916767,0.941692864337979
2010,"Nordland",1812,"Somna",6275747.17264,1.35130646069935,1.27685660916767,0.941692864337979
2010,"Nordland",1813,"Bronnoy",3650238.75712,1.35130646069935,1.27685660916767,0.941692864337979
2010,"Nordland",1815,"Vega",2403524.95592,1.35130646069935,1.27685660916767,0.941692864337979
2010,"Nordland",1816,"Vevelstad",3076939.07416,1.35130646069935,1.27685660916767,0.941692864337979
2010,"Nordland",1818,"Heroy",5919321.78088,1.35130646069935,1.27685660916767,0.941692864337979
2010,"Nordland",1820,"Alstahaug",7273308.52632,1.35130646069935,1.27685660916767,0.941692864337979
2010,"Nordland",1824,"Vefsn",2387768.23912,1.35130646069935,1.27685660916767,0.941692864337979
2010,"Nordland",1827,"Donna",6310167.98432,1.35130646069935,1.27685660916767,0.941692864337979
2010,"Nordland",1828,"Nesna",1173416.74024,1.35130646069935,1.27685660916767,0.941692864337979
2010,"Nordland",1833,"Rana",760337.06584,1.35130646069935,1.27685660916767,0.941692864337979
2010,"Nordland",1834,"Luroy",6649355.87624,1.35130646069935,1.27685660916767,0.941692864337979
2010,"Nordland",1835,"Traena",1557380.13096,1.35130646069935,1.27685660916767,0.941692864337979
2010,"Nordland",1836,"Rodoy",12649327.97448,1.35130646069935,1.27685660916767,0.941692864337979
2010,"Nordland",1837,"Meloy",8756290.71104,1.35130646069935,1.27685660916767,0.941692864337979
2010,"Nordland",1838,"Gildeskal",5256661.37176,1.35130646069935,1.27685660916767,0.941692864337979
2010,"Nordland",1840,"Saltdal",2629836.97152,1.35130646069935,1.27685660916767,0.941692864337979
2010,"Nordland",1841,"Fauske",807029.16664,1.35130646069935,1.27685660916767,0.941692864337979
2010,"Nordland",1845,"Sorfold",12596831.5584,1.35130646069935,1.27685660916767,0.941692864337979
2010,"Nordland",1848,"Steigen",13521930.8272,1.35130646069935,1.27685660916767,0.941692864337979
2010,"Nordland",1849,"Hamaroy",4459896.34576,1.35130646069935,1.27685660916767,0.941692864337979
2010,"Nordland",1850,"Tysfjord",3196017.89872,1.35130646069935,1.27685660916767,0.941692864337979
2010,"Nordland",1851,"Lodingen",4965684.41152,1.35130646069935,1.27685660916767,0.941692864337979
2010,"Nordland",1854,"Ballangen",1439325.36448,1.35130646069935,1.27685660916767,0.941692864337979
2010,"Nordland",1859,"Flakstad",2745118.31696,1.35130646069935,1.27685660916767,0.941692864337979
2010,"Nordland",1860,"Vestvagoy",6679731.854,1.35130646069935,1.27685660916767,0.941692864337979
2010,"Nordland",1865,"Vagan",13011588.61048,1.35130646069935,1.27685660916767,0.941692864337979
2010,"Nordland",1866,"Hadsel",6309769.12128,1.35130646069935,1.27685660916767,0.941692864337979
2010,"Nordland",1867,"Bo",6135737.9188,1.35130646069935,1.27685660916767,0.941692864337979
2010,"Nordland",1868,"Oksnes",8468932.40544,1.35130646069935,1.27685660916767,0.941692864337979
2010,"Nordland",1870,"Sortland",2020954.13904,1.35130646069935,1.27685660916767,0.941692864337979
2011,"Finnmark",2004,"Hammerfest",15757610.48016,1.41253067887937,1.29053062695158,0.905465202157987
2011,"Finnmark",2012,"Alta",14594224.23888,1.41253067887937,1.29053062695158,0.905465202157987
2011,"Finnmark",2014,"Loppa",9744664.13224,1.41253067887937,1.29053062695158,0.905465202157987
2011,"Finnmark",2017,"Kvalsund",5400289.9472,1.41253067887937,1.29053062695158,0.905465202157987
2011,"Finnmark",2019,"Nordkapp",1633030.7384,1.41253067887937,1.29053062695158,0.905465202157987
2011,"Finnmark",2022,"Lebesby",3026219.10336,1.41253067887937,1.29053062695158,0.905465202157987
2011,"Finnmark",2027,"Nesseby",3336282.72376,1.41253067887937,1.29053062695158,0.905465202157987
2011,"Finnmark",2030,"Sor-Varanger",5907343.22992,1.41253067887937,1.29053062695158,0.905465202157987
2011,"Troms",1902,"Tromso",7148188.93464,1.29053062695158,1.29053062695158,1
2011,"Troms",1903,"Harstad",10021294.43512,1.29053062695158,1.29053062695158,1
2011,"Troms",1911,"Kvaefjord",4447501.30096,1.29053062695158,1.29053062695158,1
2011,"Troms",1913,"Skanland",1312260.5584,1.29053062695158,1.29053062695158,1
2011,"Troms",1917,"Ibestad",8828318.71424,1.29053062695158,1.29053062695158,1
2011,"Troms",1920,"Lavangen",2797161.40968,1.29053062695158,1.29053062695158,1
2011,"Troms",1923,"Salangen",850901.59,1.29053062695158,1.29053062695158,1
2011,"Troms",1926,"Dyroy",9720236.40016,1.29053062695158,1.29053062695158,1
2011,"Troms",1927,"Tranoy",12375503.01296,1.29053062695158,1.29053062695158,1
2011,"Troms",1928,"Torsken",11801104.34976,1.29053062695158,1.29053062695158,1
2011,"Troms",1929,"Berg",4310270.02864,1.29053062695158,1.29053062695158,1
2011,"Troms",1931,"Lenvik",6697635.82616,1.29053062695158,1.29053062695158,1
2011,"Troms",1936,"Karlsoy",8891519.80424,1.29053062695158,1.29053062695158,1
2011,"Troms",1938,"Lyngen",4017549.91176,1.29053062695158,1.29053062695158,1
2011,"Troms",1939,"Storfjord",0,1.29053062695158,1.29053062695158,1
2011,"Troms",1940,"Kafjord",763801.52752,1.29053062695158,1.29053062695158,1
2011,"Troms",1941,"Skjervoy",6359669.86984,1.29053062695158,1.29053062695158,1
2011,"Troms",1942,"Nordreisa",1306053.24824,1.29053062695158,1.29053062695158,1
2011,"Troms",1943,"Kvaenangen",5162135.87504,1.29053062695158,1.29053062695158,1
2011,"Nordland",1804,"Bodo",NA,1.31299138677918,1.29053062695158,0.982595717328569
2011,"Nordland",1811,"Bindal",9025168.99736,1.31299138677918,1.29053062695158,0.982595717328569
2011,"Nordland",1812,"Somna",398191.88376,1.31299138677918,1.29053062695158,0.982595717328569
2011,"Nordland",1813,"Bronnoy",10804274.24824,1.31299138677918,1.29053062695158,0.982595717328569
2011,"Nordland",1815,"Vega",1231202.93688,1.31299138677918,1.29053062695158,0.982595717328569
2011,"Nordland",1816,"Vevelstad",5953062.0204,1.31299138677918,1.29053062695158,0.982595717328569
2011,"Nordland",1818,"Heroy",5228481.72168,1.31299138677918,1.29053062695158,0.982595717328569
2011,"Nordland",1820,"Alstahaug",6807757.68288,1.31299138677918,1.29053062695158,0.982595717328569
2011,"Nordland",1824,"Vefsn",808260.99568,1.31299138677918,1.29053062695158,0.982595717328569
2011,"Nordland",1827,"Donna",7839600.80608,1.31299138677918,1.29053062695158,0.982595717328569
2011,"Nordland",1828,"Nesna",4078222.61624,1.31299138677918,1.29053062695158,0.982595717328569
2011,"Nordland",1833,"Rana",2904816.32232,1.31299138677918,1.29053062695158,0.982595717328569
2011,"Nordland",1834,"Luroy",8874902.86664,1.31299138677918,1.29053062695158,0.982595717328569
2011,"Nordland",1835,"Traena",2050193.48136,1.31299138677918,1.29053062695158,0.982595717328569
2011,"Nordland",1836,"Rodoy",10109872.6292,1.31299138677918,1.29053062695158,0.982595717328569
2011,"Nordland",1837,"Meloy",6908696.99456,1.31299138677918,1.29053062695158,0.982595717328569
2011,"Nordland",1838,"Gildeskal",7314582.98496,1.31299138677918,1.29053062695158,0.982595717328569
2011,"Nordland",1840,"Saltdal",886598.89392,1.31299138677918,1.29053062695158,0.982595717328569
2011,"Nordland",1841,"Fauske",3606718.00456,1.31299138677918,1.29053062695158,0.982595717328569
2011,"Nordland",1845,"Sorfold",7894255.87152,1.31299138677918,1.29053062695158,0.982595717328569
2011,"Nordland",1848,"Steigen",16807882.70552,1.31299138677918,1.29053062695158,0.982595717328569
2011,"Nordland",1849,"Hamaroy",2088356.45616,1.31299138677918,1.29053062695158,0.982595717328569
2011,"Nordland",1850,"Tysfjord",7851366.8404,1.31299138677918,1.29053062695158,0.982595717328569
2011,"Nordland",1851,"Lodingen",4803973.37336,1.31299138677918,1.29053062695158,0.982595717328569
2011,"Nordland",1854,"Ballangen",1501068.6852,1.31299138677918,1.29053062695158,0.982595717328569
2011,"Nordland",1859,"Flakstad",2620348.35536,1.31299138677918,1.29053062695158,0.982595717328569
2011,"Nordland",1860,"Vestvagoy",5792380.3176,1.31299138677918,1.29053062695158,0.982595717328569
2011,"Nordland",1865,"Vagan",9713100.60696,1.31299138677918,1.29053062695158,0.982595717328569
2011,"Nordland",1866,"Hadsel",11773027.28976,1.31299138677918,1.29053062695158,0.982595717328569
2011,"Nordland",1867,"Bo",6463963.532,1.31299138677918,1.29053062695158,0.982595717328569
2011,"Nordland",1868,"Oksnes",9671245.96016,1.31299138677918,1.29053062695158,0.982595717328569
2011,"Nordland",1870,"Sortland",4758758.80328,1.31299138677918,1.29053062695158,0.982595717328569
2012,"Finnmark",2004,"Hammerfest",11472575.21304,1.39510669059345,1.26235960493737,0.894842099559526
2012,"Finnmark",2012,"Alta",20380554.39328,1.39510669059345,1.26235960493737,0.894842099559526
2012,"Finnmark",2014,"Loppa",12165639.61424,1.39510669059345,1.26235960493737,0.894842099559526
2012,"Finnmark",2017,"Kvalsund",10030254.06288,1.39510669059345,1.26235960493737,0.894842099559526
2012,"Finnmark",2018,"Masoy",5872288.71768,1.39510669059345,1.26235960493737,0.894842099559526
2012,"Finnmark",2019,"Nordkapp",3947599.622,1.39510669059345,1.26235960493737,0.894842099559526
2012,"Finnmark",2022,"Lebesby",4922801.82536,1.39510669059345,1.26235960493737,0.894842099559526
2012,"Finnmark",2027,"Nesseby",7798229.92632,1.39510669059345,1.26235960493737,0.894842099559526
2012,"Finnmark",2030,"Sor-Varanger",3826995.16936,1.39510669059345,1.26235960493737,0.894842099559526
2012,"Troms",1902,"Tromso",7701656.26304,1.26235960493737,1.26235960493737,1
2012,"Troms",1903,"Harstad",18302250.81048,1.26235960493737,1.26235960493737,1
2012,"Troms",1911,"Kvaefjord",10331908.51424,1.26235960493737,1.26235960493737,1
2012,"Troms",1913,"Skanland",2534992.2368,1.26235960493737,1.26235960493737,1
2012,"Troms",1917,"Ibestad",8837150.00536,1.26235960493737,1.26235960493737,1
2012,"Troms",1920,"Lavangen",831622.09472,1.26235960493737,1.26235960493737,1
2012,"Troms",1923,"Salangen",3205591.34984,1.26235960493737,1.26235960493737,1
2012,"Troms",1925,"Sorreisa",2038524.83824,1.26235960493737,1.26235960493737,1
2012,"Troms",1926,"Dyroy",6856204.07128,1.26235960493737,1.26235960493737,1
2012,"Troms",1927,"Tranoy",12366675.32624,1.26235960493737,1.26235960493737,1
2012,"Troms",1928,"Torsken",9693225.98192,1.26235960493737,1.26235960493737,1
2012,"Troms",1929,"Berg",3608814.61768,1.26235960493737,1.26235960493737,1
2012,"Troms",1931,"Lenvik",6614727.79064,1.26235960493737,1.26235960493737,1
2012,"Troms",1936,"Karlsoy",6839744.09904,1.26235960493737,1.26235960493737,1
2012,"Troms",1938,"Lyngen",1021426.18624,1.26235960493737,1.26235960493737,1
2012,"Troms",1940,"Kafjord",4624207.99104,1.26235960493737,1.26235960493737,1
2012,"Troms",1941,"Skjervoy",12144524.37488,1.26235960493737,1.26235960493737,1
2012,"Troms",1942,"Nordreisa",7400412.7356,1.26235960493737,1.26235960493737,1
2012,"Troms",1943,"Kvaenangen",6121205.08008,1.26235960493737,1.26235960493737,1
2012,"Nordland",1804,"Bodo",789140.86512,1.26483352852117,1.26235960493737,0.998040238633963
2012,"Nordland",1805,"Narvik",3292636.6396,1.26483352852117,1.26235960493737,0.998040238633963
2012,"Nordland",1811,"Bindal",12062710.83328,1.26483352852117,1.26235960493737,0.998040238633963
2012,"Nordland",1812,"Somna",401133.33856,1.26483352852117,1.26235960493737,0.998040238633963
2012,"Nordland",1813,"Bronnoy",5801716.65688,1.26483352852117,1.26235960493737,0.998040238633963
2012,"Nordland",1815,"Vega",4694964.43592,1.26483352852117,1.26235960493737,0.998040238633963
2012,"Nordland",1816,"Vevelstad",2893854.42632,1.26483352852117,1.26235960493737,0.998040238633963
2012,"Nordland",1818,"Heroy",8342523.65488,1.26483352852117,1.26235960493737,0.998040238633963
2012,"Nordland",1820,"Alstahaug",9545097.30552,1.26483352852117,1.26235960493737,0.998040238633963
2012,"Nordland",1822,"Leirfjord",1092518.03096,1.26483352852117,1.26235960493737,0.998040238633963
2012,"Nordland",1824,"Vefsn",2873721.30936,1.26483352852117,1.26235960493737,0.998040238633963
2012,"Nordland",1827,"Donna",3357912.3416,1.26483352852117,1.26235960493737,0.998040238633963
2012,"Nordland",1828,"Nesna",4301866.60264,1.26483352852117,1.26235960493737,0.998040238633963
2012,"Nordland",1833,"Rana",1645980.6948,1.26483352852117,1.26235960493737,0.998040238633963
2012,"Nordland",1834,"Luroy",8409545.28736,1.26483352852117,1.26235960493737,0.998040238633963
2012,"Nordland",1835,"Traena",2255451.93984,1.26483352852117,1.26235960493737,0.998040238633963
2012,"Nordland",1836,"Rodoy",23416029.30928,1.26483352852117,1.26235960493737,0.998040238633963
2012,"Nordland",1837,"Meloy",8390003.17616,1.26483352852117,1.26235960493737,0.998040238633963
2012,"Nordland",1838,"Gildeskal",12329421.564,1.26483352852117,1.26235960493737,0.998040238633963
2012,"Nordland",1840,"Saltdal",3741695.4652,1.26483352852117,1.26235960493737,0.998040238633963
2012,"Nordland",1841,"Fauske",1578363.42928,1.26483352852117,1.26235960493737,0.998040238633963
2012,"Nordland",1845,"Sorfold",10974517.22416,1.26483352852117,1.26235960493737,0.998040238633963
2012,"Nordland",1848,"Steigen",16143339.33056,1.26483352852117,1.26235960493737,0.998040238633963
2012,"Nordland",1849,"Hamaroy",3382714.54352,1.26483352852117,1.26235960493737,0.998040238633963
2012,"Nordland",1850,"Tysfjord",11205436.74344,1.26483352852117,1.26235960493737,0.998040238633963
2012,"Nordland",1851,"Lodingen",7898383.43408,1.26483352852117,1.26235960493737,0.998040238633963
2012,"Nordland",1854,"Ballangen",1211906.75488,1.26483352852117,1.26235960493737,0.998040238633963
2012,"Nordland",1859,"Flakstad",3667298.16112,1.26483352852117,1.26235960493737,0.998040238633963
2012,"Nordland",1860,"Vestvagoy",5619051.7764,1.26483352852117,1.26235960493737,0.998040238633963
2012,"Nordland",1865,"Vagan",12050596.6268,1.26483352852117,1.26235960493737,0.998040238633963
2012,"Nordland",1866,"Hadsel",6177941.84856,1.26483352852117,1.26235960493737,0.998040238633963
2012,"Nordland",1867,"Bo",6986024.76752,1.26483352852117,1.26235960493737,0.998040238633963
2012,"Nordland",1868,"Oksnes",7564343.1052,1.26483352852117,1.26235960493737,0.998040238633963
2012,"Nordland",1870,"Sortland",5192984.20176,1.26483352852117,1.26235960493737,0.998040238633963
2013,"Finnmark",2004,"Hammerfest",18982023.72448,1.38646851850045,1.19861379343724,0.843273349521113
2013,"Finnmark",2012,"Alta",22760805.89688,1.38646851850045,1.19861379343724,0.843273349521113
2013,"Finnmark",2014,"Loppa",11165672.82368,1.38646851850045,1.19861379343724,0.843273349521113
2013,"Finnmark",2017,"Kvalsund",4543936.03312,1.38646851850045,1.19861379343724,0.843273349521113
2013,"Finnmark",2018,"Masoy",3370927.40144,1.38646851850045,1.19861379343724,0.843273349521113
2013,"Finnmark",2019,"Nordkapp",5659616.33272,1.38646851850045,1.19861379343724,0.843273349521113
2013,"Finnmark",2022,"Lebesby",7355236.92728,1.38646851850045,1.19861379343724,0.843273349521113
2013,"Finnmark",2027,"Nesseby",3473473.98288,1.38646851850045,1.19861379343724,0.843273349521113
2013,"Finnmark",2030,"Sor-Varanger",11303762.88,1.38646851850045,1.19861379343724,0.843273349521113
2013,"Troms",1902,"Tromso",11500688.208,1.19861379343724,1.19861379343724,1
2013,"Troms",1903,"Harstad",12004128.56368,1.19861379343724,1.19861379343724,1
2013,"Troms",1911,"Kvaefjord",5090322.3548,1.19861379343724,1.19861379343724,1
2013,"Troms",1913,"Skanland",4634014.924,1.19861379343724,1.19861379343724,1
2013,"Troms",1917,"Ibestad",8743962.0136,1.19861379343724,1.19861379343724,1
2013,"Troms",1919,"Gratangen",1146993.9536,1.19861379343724,1.19861379343724,1
2013,"Troms",1920,"Lavangen",4316016.98176,1.19861379343724,1.19861379343724,1
2013,"Troms",1923,"Salangen",6003602.68816,1.19861379343724,1.19861379343724,1
2013,"Troms",1925,"Sorreisa",942595.80696,1.19861379343724,1.19861379343724,1
2013,"Troms",1926,"Dyroy",10418421.59688,1.19861379343724,1.19861379343724,1
2013,"Troms",1927,"Tranoy",16271103.5568,1.19861379343724,1.19861379343724,1
2013,"Troms",1928,"Torsken",9193911.34984,1.19861379343724,1.19861379343724,1
2013,"Troms",1929,"Berg",7973970.6384,1.19861379343724,1.19861379343724,1
2013,"Troms",1931,"Lenvik",7866369.78136,1.19861379343724,1.19861379343724,1
2013,"Troms",1936,"Karlsoy",5962707.08656,1.19861379343724,1.19861379343724,1
2013,"Troms",1938,"Lyngen",3762137.3328,1.19861379343724,1.19861379343724,1
2013,"Troms",1940,"Kafjord",3958736.0032,1.19861379343724,1.19861379343724,1
2013,"Troms",1941,"Skjervoy",10737430.20584,1.19861379343724,1.19861379343724,1
2013,"Troms",1942,"Nordreisa",5414529.69464,1.19861379343724,1.19861379343724,1
2013,"Troms",1943,"Kvaenangen",8499304.75024,1.19861379343724,1.19861379343724,1
2013,"Nordland",1804,"Bodo",3093376.77776,1.29737123355564,1.19861379343724,0.917606955085008
2013,"Nordland",1805,"Narvik",271308.57248,1.29737123355564,1.19861379343724,0.917606955085008
2013,"Nordland",1811,"Bindal",7484608.90272,1.29737123355564,1.19861379343724,0.917606955085008
2013,"Nordland",1812,"Somna",7124796.15144,1.29737123355564,1.19861379343724,0.917606955085008
2013,"Nordland",1813,"Bronnoy",14301399.39008,1.29737123355564,1.19861379343724,0.917606955085008
2013,"Nordland",1815,"Vega",2969266.06152,1.29737123355564,1.19861379343724,0.917606955085008
2013,"Nordland",1816,"Vevelstad",6130110.24856,1.29737123355564,1.19861379343724,0.917606955085008
2013,"Nordland",1818,"Heroy",6802906.57592,1.29737123355564,1.19861379343724,0.917606955085008
2013,"Nordland",1820,"Alstahaug",5116063.80368,1.29737123355564,1.19861379343724,0.917606955085008
2013,"Nordland",1822,"Leirfjord",NA,1.29737123355564,1.19861379343724,0.917606955085008
2013,"Nordland",1824,"Vefsn",1212841.25832,1.29737123355564,1.19861379343724,0.917606955085008
2013,"Nordland",1827,"Donna",8315479.02728,1.29737123355564,1.19861379343724,0.917606955085008
2013,"Nordland",1828,"Nesna",3206655.87384,1.29737123355564,1.19861379343724,0.917606955085008
2013,"Nordland",1833,"Rana",4624543.4004,1.29737123355564,1.19861379343724,0.917606955085008
2013,"Nordland",1834,"Luroy",11141077.72192,1.29737123355564,1.19861379343724,0.917606955085008
2013,"Nordland",1835,"Traena",1266344.09848,1.29737123355564,1.19861379343724,0.917606955085008
2013,"Nordland",1836,"Rodoy",16459279.22432,1.29737123355564,1.19861379343724,0.917606955085008
2013,"Nordland",1837,"Meloy",4097349.05776,1.29737123355564,1.19861379343724,0.917606955085008
2013,"Nordland",1838,"Gildeskal",10242842.30568,1.29737123355564,1.19861379343724,0.917606955085008
2013,"Nordland",1840,"Saltdal",1163297.94584,1.29737123355564,1.19861379343724,0.917606955085008
2013,"Nordland",1841,"Fauske",1508990.36096,1.29737123355564,1.19861379343724,0.917606955085008
2013,"Nordland",1845,"Sorfold",11904857.13168,1.29737123355564,1.19861379343724,0.917606955085008
2013,"Nordland",1848,"Steigen",14637055.44544,1.29737123355564,1.19861379343724,0.917606955085008
2013,"Nordland",1849,"Hamaroy",3065810.90856,1.29737123355564,1.19861379343724,0.917606955085008
2013,"Nordland",1850,"Tysfjord",16801498.15848,1.29737123355564,1.19861379343724,0.917606955085008
2013,"Nordland",1851,"Lodingen",4828692.0196,1.29737123355564,1.19861379343724,0.917606955085008
2013,"Nordland",1854,"Ballangen",4132679.80768,1.29737123355564,1.19861379343724,0.917606955085008
2013,"Nordland",1859,"Flakstad",969470.67392,1.29737123355564,1.19861379343724,0.917606955085008
2013,"Nordland",1860,"Vestvagoy",3642801.78328,1.29737123355564,1.19861379343724,0.917606955085008
2013,"Nordland",1865,"Vagan",5480603.04048,1.29737123355564,1.19861379343724,0.917606955085008
2013,"Nordland",1866,"Hadsel",15984814.37096,1.29737123355564,1.19861379343724,0.917606955085008
2013,"Nordland",1867,"Bo",5449409.2836,1.29737123355564,1.19861379343724,0.917606955085008
2013,"Nordland",1868,"Oksnes",7988469.23536,1.29737123355564,1.19861379343724,0.917606955085008
2013,"Nordland",1870,"Sortland",5021250.25392,1.29737123355564,1.19861379343724,0.917606955085008
2014,"Finnmark",2004,"Hammerfest",9468056.83856,1.32227547107863,1.15775147187438,0.857893508925626
2014,"Finnmark",2012,"Alta",21057791.97568,1.32227547107863,1.15775147187438,0.857893508925626
2014,"Finnmark",2014,"Loppa",9402568.38304,1.32227547107863,1.15775147187438,0.857893508925626
2014,"Finnmark",2017,"Kvalsund",11938492.25184,1.32227547107863,1.15775147187438,0.857893508925626
2014,"Finnmark",2018,"Masoy",12748693.59104,1.32227547107863,1.15775147187438,0.857893508925626
2014,"Finnmark",2019,"Nordkapp",4566995.27088,1.32227547107863,1.15775147187438,0.857893508925626
2014,"Finnmark",2022,"Lebesby",13133285.91776,1.32227547107863,1.15775147187438,0.857893508925626
2014,"Finnmark",2027,"Nesseby",1401610.1092,1.32227547107863,1.15775147187438,0.857893508925626
2014,"Finnmark",2030,"Sor-Varanger",6219678.51736,1.32227547107863,1.15775147187438,0.857893508925626
2014,"Troms",1902,"Tromso",9703238.95712,1.15775147187438,1.15775147187438,1
2014,"Troms",1903,"Harstad",16491717.35192,1.15775147187438,1.15775147187438,1
2014,"Troms",1911,"Kvaefjord",6848434.64736,1.15775147187438,1.15775147187438,1
2014,"Troms",1913,"Skanland",3156532.53728,1.15775147187438,1.15775147187438,1
2014,"Troms",1917,"Ibestad",13942747.7296,1.15775147187438,1.15775147187438,1
2014,"Troms",1919,"Gratangen",1464947.52624,1.15775147187438,1.15775147187438,1
2014,"Troms",1920,"Lavangen",181145.38552,1.15775147187438,1.15775147187438,1
2014,"Troms",1923,"Salangen",4926609.28704,1.15775147187438,1.15775147187438,1
2014,"Troms",1925,"Sorreisa",3381474.49288,1.15775147187438,1.15775147187438,1
2014,"Troms",1926,"Dyroy",14076423.02264,1.15775147187438,1.15775147187438,1
2014,"Troms",1927,"Tranoy",9633661.58088,1.15775147187438,1.15775147187438,1
2014,"Troms",1928,"Torsken",18276034.78272,1.15775147187438,1.15775147187438,1
2014,"Troms",1929,"Berg",2632820.25208,1.15775147187438,1.15775147187438,1
2014,"Troms",1931,"Lenvik",11623165.63256,1.15775147187438,1.15775147187438,1
2014,"Troms",1936,"Karlsoy",11929520.3944,1.15775147187438,1.15775147187438,1
2014,"Troms",1938,"Lyngen",1373660.1868,1.15775147187438,1.15775147187438,1
2014,"Troms",1940,"Kafjord",917166.53984,1.15775147187438,1.15775147187438,1
2014,"Troms",1941,"Skjervoy",11609967.26,1.15775147187438,1.15775147187438,1
2014,"Troms",1942,"Nordreisa",2255153.9112,1.15775147187438,1.15775147187438,1
2014,"Troms",1943,"Kvaenangen",18548790.46224,1.15775147187438,1.15775147187438,1
2014,"Nordland",1804,"Bodo",1135513.08856,1.2706993399476,1.15775147187438,0.902442043204344
2014,"Nordland",1805,"Narvik",1608724.64328,1.2706993399476,1.15775147187438,0.902442043204344
2014,"Nordland",1811,"Bindal",9973571.58792,1.2706993399476,1.15775147187438,0.902442043204344
2014,"Nordland",1812,"Somna",1708037.1,1.2706993399476,1.15775147187438,0.902442043204344
2014,"Nordland",1813,"Bronnoy",6983323.0912,1.2706993399476,1.15775147187438,0.902442043204344
2014,"Nordland",1815,"Vega",5748823.6528,1.2706993399476,1.15775147187438,0.902442043204344
2014,"Nordland",1816,"Vevelstad",3481545.2408,1.2706993399476,1.15775147187438,0.902442043204344
2014,"Nordland",1818,"Heroy",8092439.31584,1.2706993399476,1.15775147187438,0.902442043204344
2014,"Nordland",1820,"Alstahaug",8210021.81864,1.2706993399476,1.15775147187438,0.902442043204344
2014,"Nordland",1824,"Vefsn",2366568.42312,1.2706993399476,1.15775147187438,0.902442043204344
2014,"Nordland",1827,"Donna",7146269.45192,1.2706993399476,1.15775147187438,0.902442043204344
2014,"Nordland",1828,"Nesna",3130767.95168,1.2706993399476,1.15775147187438,0.902442043204344
2014,"Nordland",1833,"Rana",1282145.41296,1.2706993399476,1.15775147187438,0.902442043204344
2014,"Nordland",1834,"Luroy",8144403.56472,1.2706993399476,1.15775147187438,0.902442043204344
2014,"Nordland",1835,"Traena",2378963.81536,1.2706993399476,1.15775147187438,0.902442043204344
2014,"Nordland",1836,"Rodoy",23737752.56344,1.2706993399476,1.15775147187438,0.902442043204344
2014,"Nordland",1837,"Meloy",10617744.39736,1.2706993399476,1.15775147187438,0.902442043204344
2014,"Nordland",1838,"Gildeskal",18748688.78664,1.2706993399476,1.15775147187438,0.902442043204344
2014,"Nordland",1840,"Saltdal",958065.14216,1.2706993399476,1.15775147187438,0.902442043204344
2014,"Nordland",1841,"Fauske",1587123.2916,1.2706993399476,1.15775147187438,0.902442043204344
2014,"Nordland",1845,"Sorfold",15430333.73976,1.2706993399476,1.15775147187438,0.902442043204344
2014,"Nordland",1848,"Steigen",21669260.61624,1.2706993399476,1.15775147187438,0.902442043204344
2014,"Nordland",1849,"Hamaroy",2233269.11168,1.2706993399476,1.15775147187438,0.902442043204344
2014,"Nordland",1850,"Tysfjord",17571288.17104,1.2706993399476,1.15775147187438,0.902442043204344
2014,"Nordland",1851,"Lodingen",4824467.3408,1.2706993399476,1.15775147187438,0.902442043204344
2014,"Nordland",1854,"Ballangen",4017623.77144,1.2706993399476,1.15775147187438,0.902442043204344
2014,"Nordland",1859,"Flakstad",2324366.25608,1.2706993399476,1.15775147187438,0.902442043204344
2014,"Nordland",1860,"Vestvagoy",1049183.31848,1.2706993399476,1.15775147187438,0.902442043204344
2014,"Nordland",1865,"Vagan",8184426.77816,1.2706993399476,1.15775147187438,0.902442043204344
2014,"Nordland",1866,"Hadsel",15176672.48856,1.2706993399476,1.15775147187438,0.902442043204344
2014,"Nordland",1867,"Bo",3029207.53104,1.2706993399476,1.15775147187438,0.902442043204344
2014,"Nordland",1868,"Oksnes",6696500.33816,1.2706993399476,1.15775147187438,0.902442043204344
2014,"Nordland",1870,"Sortland",7090903.34,1.2706993399476,1.15775147187438,0.902442043204344
2015,"Finnmark",2004,"Hammerfest",14954791.96584,1.53737600516952,1.26086687479015,0.780699187275111
2015,"Finnmark",2012,"Alta",24587729.21752,1.53737600516952,1.26086687479015,0.780699187275111
2015,"Finnmark",2014,"Loppa",11160438.29912,1.53737600516952,1.26086687479015,0.780699187275111
2015,"Finnmark",2015,"Hasvik",5747612.60304,1.53737600516952,1.26086687479015,0.780699187275111
2015,"Finnmark",2017,"Kvalsund",749074.850959999,1.53737600516952,1.26086687479015,0.780699187275111
2015,"Finnmark",2018,"Masoy",1084568.18344,1.53737600516952,1.26086687479015,0.780699187275111
2015,"Finnmark",2019,"Nordkapp",3376741.48232,1.53737600516952,1.26086687479015,0.780699187275111
2015,"Finnmark",2022,"Lebesby",7190053.78104,1.53737600516952,1.26086687479015,0.780699187275111
2015,"Finnmark",2027,"Nesseby",2770059.62304,1.53737600516952,1.26086687479015,0.780699187275111
2015,"Finnmark",2030,"Sor-Varanger",3033089.818,1.53737600516952,1.26086687479015,0.780699187275111
2015,"Troms",1902,"Tromso",12921535.58376,1.2839955626662,1.26086687479015,0.981656518750324
2015,"Troms",1903,"Harstad",20689171.98264,1.2839955626662,1.26086687479015,0.981656518750324
2015,"Troms",1911,"Kvaefjord",8421461.26272,1.2839955626662,1.26086687479015,0.981656518750324
2015,"Troms",1913,"Skanland",9940427.61976,1.2839955626662,1.26086687479015,0.981656518750324
2015,"Troms",1917,"Ibestad",8337453.06432,1.2839955626662,1.26086687479015,0.981656518750324
2015,"Troms",1919,"Gratangen",3154773.38264,1.2839955626662,1.26086687479015,0.981656518750324
2015,"Troms",1920,"Lavangen",1492700.56552,1.2839955626662,1.26086687479015,0.981656518750324
2015,"Troms",1923,"Salangen",5032827.90824,1.2839955626662,1.26086687479015,0.981656518750324
2015,"Troms",1926,"Dyroy",4382571.24376,1.2839955626662,1.26086687479015,0.981656518750324
2015,"Troms",1927,"Tranoy",11993040.47448,1.2839955626662,1.26086687479015,0.981656518750324
2015,"Troms",1928,"Torsken",4137057.92856,1.2839955626662,1.26086687479015,0.981656518750324
2015,"Troms",1929,"Berg",15347546.31256,1.2839955626662,1.26086687479015,0.981656518750324
2015,"Troms",1931,"Lenvik",21408580.96224,1.2839955626662,1.26086687479015,0.981656518750324
2015,"Troms",1936,"Karlsoy",12123801.2952,1.2839955626662,1.26086687479015,0.981656518750324
2015,"Troms",1938,"Lyngen",3528970.97696,1.2839955626662,1.26086687479015,0.981656518750324
2015,"Troms",1940,"Kafjord",3509476.92656,1.2839955626662,1.26086687479015,0.981656518750324
2015,"Troms",1941,"Skjervoy",6174973.22904,1.2839955626662,1.26086687479015,0.981656518750324
2015,"Troms",1942,"Nordreisa",9519373.95816,1.2839955626662,1.26086687479015,0.981656518750324
2015,"Troms",1943,"Kvaenangen",3112151.87376,1.2839955626662,1.26086687479015,0.981656518750324
2015,"Nordland",1804,"Bodo",4110636.0448,1.26086687479015,1.26086687479015,1
2015,"Nordland",1805,"Narvik",2873060.81568,1.26086687479015,1.26086687479015,1
2015,"Nordland",1811,"Bindal",13825724.14464,1.26086687479015,1.26086687479015,1
2015,"Nordland",1813,"Bronnoy",18698279.34048,1.26086687479015,1.26086687479015,1
2015,"Nordland",1815,"Vega",1904613.706,1.26086687479015,1.26086687479015,1
2015,"Nordland",1816,"Vevelstad",6047307.44752,1.26086687479015,1.26086687479015,1
2015,"Nordland",1818,"Heroy",10328009.5128,1.26086687479015,1.26086687479015,1
2015,"Nordland",1820,"Alstahaug",7430967.71504,1.26086687479015,1.26086687479015,1
2015,"Nordland",1822,"Leirfjord",67451.24072,1.26086687479015,1.26086687479015,1
2015,"Nordland",1824,"Vefsn",1556436.4584,1.26086687479015,1.26086687479015,1
2015,"Nordland",1827,"Donna",10695364.61328,1.26086687479015,1.26086687479015,1
2015,"Nordland",1828,"Nesna",4477917.4176,1.26086687479015,1.26086687479015,1
2015,"Nordland",1833,"Rana",3375670.17568,1.26086687479015,1.26086687479015,1
2015,"Nordland",1834,"Luroy",9879578.53064,1.26086687479015,1.26086687479015,1
2015,"Nordland",1835,"Traena",1272450.66824,1.26086687479015,1.26086687479015,1
2015,"Nordland",1836,"Rodoy",20733657.11744,1.26086687479015,1.26086687479015,1
2015,"Nordland",1837,"Meloy",8852728.70568,1.26086687479015,1.26086687479015,1
2015,"Nordland",1838,"Gildeskal",17411225.15592,1.26086687479015,1.26086687479015,1
2015,"Nordland",1840,"Saltdal",4006886.60856,1.26086687479015,1.26086687479015,1
2015,"Nordland",1841,"Fauske",1416172.44344,1.26086687479015,1.26086687479015,1
2015,"Nordland",1845,"Sorfold",9853351.45384,1.26086687479015,1.26086687479015,1
2015,"Nordland",1848,"Steigen",18045074.408,1.26086687479015,1.26086687479015,1
2015,"Nordland",1849,"Hamaroy",829013.784,1.26086687479015,1.26086687479015,1
2015,"Nordland",1850,"Tysfjord",17170727.85248,1.26086687479015,1.26086687479015,1
2015,"Nordland",1851,"Lodingen",5885705.39728,1.26086687479015,1.26086687479015,1
2015,"Nordland",1854,"Ballangen",1847705.99288,1.26086687479015,1.26086687479015,1
2015,"Nordland",1860,"Vestvagoy",NA,1.26086687479015,1.26086687479015,1
2015,"Nordland",1865,"Vagan",907446.14536,1.26086687479015,1.26086687479015,1
2015,"Nordland",1866,"Hadsel",7772385.45416,1.26086687479015,1.26086687479015,1
2015,"Nordland",1867,"Bo",6192570.21896,1.26086687479015,1.26086687479015,1
2015,"Nordland",1868,"Oksnes",5713957.0244,1.26086687479015,1.26086687479015,1
2015,"Nordland",1870,"Sortland",7590418.04104,1.26086687479015,1.26086687479015,1
2015,"Nordland",1874,"Moskenes",420456.6608,1.26086687479015,1.26086687479015,1
2016,"Finnmark",2004,"Hammerfest",15875206.08408,1.3295319373519,1.20884798699381,0.900166148550891
2016,"Finnmark",2012,"Alta",23855943.21272,1.3295319373519,1.20884798699381,0.900166148550891
2016,"Finnmark",2014,"Loppa",2003496.50184,1.3295319373519,1.20884798699381,0.900166148550891
2016,"Finnmark",2015,"Hasvik",2926896.412,1.3295319373519,1.20884798699381,0.900166148550891
2016,"Finnmark",2017,"Kvalsund",4920101.39888,1.3295319373519,1.20884798699381,0.900166148550891
2016,"Finnmark",2018,"Masoy",8459452.40888,1.3295319373519,1.20884798699381,0.900166148550891
2016,"Finnmark",2019,"Nordkapp",5383485.88432,1.3295319373519,1.20884798699381,0.900166148550891
2016,"Finnmark",2022,"Lebesby",13464744.53328,1.3295319373519,1.20884798699381,0.900166148550891
2016,"Finnmark",2027,"Nesseby",4963318.83584,1.3295319373519,1.20884798699381,0.900166148550891
2016,"Finnmark",2030,"Sor-Varanger",2871934.30744,1.3295319373519,1.20884798699381,0.900166148550891
2016,"Troms",1902,"Tromso",19671699.28296,1.22930794511588,1.20884798699381,0.983074829637633
2016,"Troms",1903,"Harstad",17002542.30656,1.22930794511588,1.20884798699381,0.983074829637633
2016,"Troms",1911,"Kvaefjord",9329943.89624,1.22930794511588,1.20884798699381,0.983074829637633
2016,"Troms",1913,"Skanland",3409422.40248,1.22930794511588,1.20884798699381,0.983074829637633
2016,"Troms",1917,"Ibestad",12459378.79664,1.22930794511588,1.20884798699381,0.983074829637633
2016,"Troms",1919,"Gratangen",3958710.33536,1.22930794511588,1.20884798699381,0.983074829637633
2016,"Troms",1920,"Lavangen",4153953.48392,1.22930794511588,1.20884798699381,0.983074829637633
2016,"Troms",1923,"Salangen",590977.54672,1.22930794511588,1.20884798699381,0.983074829637633
2016,"Troms",1926,"Dyroy",16781826.49704,1.22930794511588,1.20884798699381,0.983074829637633
2016,"Troms",1927,"Tranoy",16905526.33968,1.22930794511588,1.20884798699381,0.983074829637633
2016,"Troms",1928,"Torsken",10364415.71352,1.22930794511588,1.20884798699381,0.983074829637633
2016,"Troms",1929,"Berg",5935698.01336,1.22930794511588,1.20884798699381,0.983074829637633
2016,"Troms",1931,"Lenvik",8659940.69696,1.22930794511588,1.20884798699381,0.983074829637633
2016,"Troms",1936,"Karlsoy",9222044.35968,1.22930794511588,1.20884798699381,0.983074829637633
2016,"Troms",1938,"Lyngen",928112.87624,1.22930794511588,1.20884798699381,0.983074829637633
2016,"Troms",1940,"Kafjord",1429637.16824,1.22930794511588,1.20884798699381,0.983074829637633
2016,"Troms",1941,"Skjervoy",18881165.35264,1.22930794511588,1.20884798699381,0.983074829637633
2016,"Troms",1942,"Nordreisa",635427.05072,1.22930794511588,1.20884798699381,0.983074829637633
2016,"Troms",1943,"Kvaenangen",11099254.16088,1.22930794511588,1.20884798699381,0.983074829637633
2016,"Nordland",1804,"Bodo",5579443.08536,1.20884798699381,1.20884798699381,1
2016,"Nordland",1805,"Narvik",366912.49848,1.20884798699381,1.20884798699381,1
2016,"Nordland",1811,"Bindal",16753939.02376,1.20884798699381,1.20884798699381,1
2016,"Nordland",1812,"Somna",568599.29232,1.20884798699381,1.20884798699381,1
2016,"Nordland",1813,"Bronnoy",9558159.4764,1.20884798699381,1.20884798699381,1
2016,"Nordland",1815,"Vega",5237995.55752,1.20884798699381,1.20884798699381,1
2016,"Nordland",1816,"Vevelstad",4033965.77848,1.20884798699381,1.20884798699381,1
2016,"Nordland",1818,"Heroy",16070394.15136,1.20884798699381,1.20884798699381,1
2016,"Nordland",1820,"Alstahaug",8493358.09344,1.20884798699381,1.20884798699381,1
2016,"Nordland",1822,"Leirfjord",3253135.90008,1.20884798699381,1.20884798699381,1
2016,"Nordland",1824,"Vefsn",2081056.2916,1.20884798699381,1.20884798699381,1
2016,"Nordland",1827,"Donna",11014726.13776,1.20884798699381,1.20884798699381,1
2016,"Nordland",1828,"Nesna",2163269.51312,1.20884798699381,1.20884798699381,1
2016,"Nordland",1833,"Rana",2505378.89232,1.20884798699381,1.20884798699381,1
2016,"Nordland",1834,"Luroy",10901158.928,1.20884798699381,1.20884798699381,1
2016,"Nordland",1835,"Traena",2227714.54752,1.20884798699381,1.20884798699381,1
2016,"Nordland",1836,"Rodoy",8380603.33672,1.20884798699381,1.20884798699381,1
2016,"Nordland",1837,"Meloy",12038234.79576,1.20884798699381,1.20884798699381,1
2016,"Nordland",1838,"Gildeskal",17047408.83272,1.20884798699381,1.20884798699381,1
2016,"Nordland",1840,"Saltdal",4140669.5264,1.20884798699381,1.20884798699381,1
2016,"Nordland",1841,"Fauske",1747842.08656,1.20884798699381,1.20884798699381,1
2016,"Nordland",1845,"Sorfold",10914916.42352,1.20884798699381,1.20884798699381,1
2016,"Nordland",1848,"Steigen",18583967.34008,1.20884798699381,1.20884798699381,1
2016,"Nordland",1849,"Hamaroy",4716384.58272,1.20884798699381,1.20884798699381,1
2016,"Nordland",1850,"Tysfjord",13551617.57488,1.20884798699381,1.20884798699381,1
2016,"Nordland",1851,"Lodingen",5733600.596,1.20884798699381,1.20884798699381,1
2016,"Nordland",1853,"Evenes",NA,1.20884798699381,1.20884798699381,1
2016,"Nordland",1854,"Ballangen",5745989.3848,1.20884798699381,1.20884798699381,1
2016,"Nordland",1859,"Flakstad",1308912.80576,1.20884798699381,1.20884798699381,1
2016,"Nordland",1860,"Vestvagoy",1591706.71616,1.20884798699381,1.20884798699381,1
2016,"Nordland",1865,"Vagan",8352825.19496,1.20884798699381,1.20884798699381,1
2016,"Nordland",1866,"Hadsel",11855236.5796,1.20884798699381,1.20884798699381,1
2016,"Nordland",1867,"Bo",3564619.47576,1.20884798699381,1.20884798699381,1
2016,"Nordland",1868,"Oksnes",7225399.06272,1.20884798699381,1.20884798699381,1
2016,"Nordland",1870,"Sortland",5080820.55936,1.20884798699381,1.20884798699381,1
2017,"Finnmark",2004,"Hammerfest",14375853.84968,1.36427577657528,1.18855767041856,0.852158535904417
2017,"Finnmark",2012,"Alta",19394925.6916,1.36427577657528,1.18855767041856,0.852158535904417
2017,"Finnmark",2014,"Loppa",18415068.60544,1.36427577657528,1.18855767041856,0.852158535904417
2017,"Finnmark",2015,"Hasvik",2679547.27896,1.36427577657528,1.18855767041856,0.852158535904417
2017,"Finnmark",2017,"Kvalsund",8139034.65176,1.36427577657528,1.18855767041856,0.852158535904417
2017,"Finnmark",2018,"Masoy",10734765.20904,1.36427577657528,1.18855767041856,0.852158535904417
2017,"Finnmark",2019,"Nordkapp",6338559.93752,1.36427577657528,1.18855767041856,0.852158535904417
2017,"Finnmark",2022,"Lebesby",8371221.012,1.36427577657528,1.18855767041856,0.852158535904417
2017,"Finnmark",2027,"Nesseby",8608902.09224,1.36427577657528,1.18855767041856,0.852158535904417
2017,"Finnmark",2028,"Batsfjord",2907591.54224,1.36427577657528,1.18855767041856,0.852158535904417
2017,"Finnmark",2030,"Sor-Varanger",NA,1.36427577657528,1.18855767041856,0.852158535904417
2017,"Troms",1902,"Tromso",16378509.78624,1.19277276120228,1.18855767041856,0.996453608530213
2017,"Troms",1903,"Harstad",30958449.16216,1.19277276120228,1.18855767041856,0.996453608530213
2017,"Troms",1911,"Kvaefjord",3625572.532,1.19277276120228,1.18855767041856,0.996453608530213
2017,"Troms",1913,"Skanland",11027479.8524,1.19277276120228,1.18855767041856,0.996453608530213
2017,"Troms",1917,"Ibestad",14580672.80616,1.19277276120228,1.18855767041856,0.996453608530213
2017,"Troms",1919,"Gratangen",2830911.71176,1.19277276120228,1.18855767041856,0.996453608530213
2017,"Troms",1920,"Lavangen",4900574.11008,1.19277276120228,1.18855767041856,0.996453608530213
2017,"Troms",1923,"Salangen",1542561.30688,1.19277276120228,1.18855767041856,0.996453608530213
2017,"Troms",1926,"Dyroy",5990671.06744,1.19277276120228,1.18855767041856,0.996453608530213
2017,"Troms",1927,"Tranoy",4561878.58072,1.19277276120228,1.18855767041856,0.996453608530213
2017,"Troms",1928,"Torsken",12488533.31968,1.19277276120228,1.18855767041856,0.996453608530213
2017,"Troms",1929,"Berg",18654849.13864,1.19277276120228,1.18855767041856,0.996453608530213
2017,"Troms",1931,"Lenvik",13533981.38152,1.19277276120228,1.18855767041856,0.996453608530213
2017,"Troms",1936,"Karlsoy",21065916.40224,1.19277276120228,1.18855767041856,0.996453608530213
2017,"Troms",1938,"Lyngen",5540668.278,1.19277276120228,1.18855767041856,0.996453608530213
2017,"Troms",1940,"Kafjord",2286375.36192,1.19277276120228,1.18855767041856,0.996453608530213
2017,"Troms",1941,"Skjervoy",16152639.99248,1.19277276120228,1.18855767041856,0.996453608530213
2017,"Troms",1942,"Nordreisa",2599977.89744,1.19277276120228,1.18855767041856,0.996453608530213
2017,"Troms",1943,"Kvaenangen",9206061.91488,1.19277276120228,1.18855767041856,0.996453608530213
2017,"Nordland",1804,"Bodo",13032084.20056,1.18855767041856,1.18855767041856,1
2017,"Nordland",1811,"Bindal",24225915.01928,1.18855767041856,1.18855767041856,1
2017,"Nordland",1812,"Somna",5227229.62432,1.18855767041856,1.18855767041856,1
2017,"Nordland",1813,"Bronnoy",12962337.83544,1.18855767041856,1.18855767041856,1
2017,"Nordland",1815,"Vega",5821231.19048,1.18855767041856,1.18855767041856,1
2017,"Nordland",1816,"Vevelstad",4317012.97664,1.18855767041856,1.18855767041856,1
2017,"Nordland",1818,"Heroy",13464591.20928,1.18855767041856,1.18855767041856,1
2017,"Nordland",1820,"Alstahaug",3483765.15848,1.18855767041856,1.18855767041856,1
2017,"Nordland",1822,"Leirfjord",1043497.5892,1.18855767041856,1.18855767041856,1
2017,"Nordland",1824,"Vefsn",2169724.5032,1.18855767041856,1.18855767041856,1
2017,"Nordland",1827,"Donna",16873751.57392,1.18855767041856,1.18855767041856,1
2017,"Nordland",1828,"Nesna",1847443.15008,1.18855767041856,1.18855767041856,1
2017,"Nordland",1833,"Rana",6284954.84936,1.18855767041856,1.18855767041856,1
2017,"Nordland",1834,"Luroy",17312149.01392,1.18855767041856,1.18855767041856,1
2017,"Nordland",1835,"Traena",2274448.5632,1.18855767041856,1.18855767041856,1
2017,"Nordland",1836,"Rodoy",11247430.0876,1.18855767041856,1.18855767041856,1
2017,"Nordland",1837,"Meloy",10179489.45696,1.18855767041856,1.18855767041856,1
2017,"Nordland",1838,"Gildeskal",17193286.24144,1.18855767041856,1.18855767041856,1
2017,"Nordland",1840,"Saltdal",1960886.30192,1.18855767041856,1.18855767041856,1
2017,"Nordland",1841,"Fauske",1471768.2292,1.18855767041856,1.18855767041856,1
2017,"Nordland",1845,"Sorfold",8076095.26568,1.18855767041856,1.18855767041856,1
2017,"Nordland",1848,"Steigen",20305368.42496,1.18855767041856,1.18855767041856,1
2017,"Nordland",1849,"Hamaroy",1938310.9148,1.18855767041856,1.18855767041856,1
2017,"Nordland",1850,"Tysfjord",5881147.36984,1.18855767041856,1.18855767041856,1
2017,"Nordland",1851,"Lodingen",6434988.75776,1.18855767041856,1.18855767041856,1
2017,"Nordland",1852,"Tjeldsund",2453766.3964,1.18855767041856,1.18855767041856,1
2017,"Nordland",1854,"Ballangen",6384605.84856,1.18855767041856,1.18855767041856,1
2017,"Nordland",1859,"Flakstad",1717065.3944,1.18855767041856,1.18855767041856,1
2017,"Nordland",1860,"Vestvagoy",3714453.31752,1.18855767041856,1.18855767041856,1
2017,"Nordland",1865,"Vagan",6545597.54552,1.18855767041856,1.18855767041856,1
2017,"Nordland",1866,"Hadsel",19345340.21112,1.18855767041856,1.18855767041856,1
2017,"Nordland",1867,"Bo",7578093.75648,1.18855767041856,1.18855767041856,1
2017,"Nordland",1868,"Oksnes",8761947.688,1.18855767041856,1.18855767041856,1
2017,"Nordland",1870,"Sortland",7335905.71632,1.18855767041856,1.18855767041856,1
2018,"Finnmark",2004,"Hammerfest",17951227.69112,1.40866664437296,1.15415056810372,0.779477580046238
2018,"Finnmark",2012,"Alta",22932139.84576,1.40866664437296,1.15415056810372,0.779477580046238
2018,"Finnmark",2014,"Loppa",7270209.53984,1.40866664437296,1.15415056810372,0.779477580046238
2018,"Finnmark",2015,"Hasvik",8570897.00544,1.40866664437296,1.15415056810372,0.779477580046238
2018,"Finnmark",2017,"Kvalsund",11467788.48656,1.40866664437296,1.15415056810372,0.779477580046238
2018,"Finnmark",2018,"Masoy",8455885.01216,1.40866664437296,1.15415056810372,0.779477580046238
2018,"Finnmark",2019,"Nordkapp",4136698.1088,1.40866664437296,1.15415056810372,0.779477580046238
2018,"Finnmark",2022,"Lebesby",2548895.04032,1.40866664437296,1.15415056810372,0.779477580046238
2018,"Finnmark",2027,"Nesseby",4147851.51512,1.40866664437296,1.15415056810372,0.779477580046238
2018,"Finnmark",2028,"Batsfjord",NA,1.40866664437296,1.15415056810372,0.779477580046238
2018,"Finnmark",2030,"Sor-Varanger",3313900.16936,1.40866664437296,1.15415056810372,0.779477580046238
2018,"Troms",1902,"Tromso",20176198.76448,1.18247659218115,1.15415056810372,0.975457254139745
2018,"Troms",1903,"Harstad",17475779.23888,1.18247659218115,1.15415056810372,0.975457254139745
2018,"Troms",1911,"Kvaefjord",7714368.11904,1.18247659218115,1.15415056810372,0.975457254139745
2018,"Troms",1913,"Skanland",3216492.74216,1.18247659218115,1.15415056810372,0.975457254139745
2018,"Troms",1917,"Ibestad",17046349.17048,1.18247659218115,1.15415056810372,0.975457254139745
2018,"Troms",1919,"Gratangen",1446614.38832,1.18247659218115,1.15415056810372,0.975457254139745
2018,"Troms",1920,"Lavangen",315222.97048,1.18247659218115,1.15415056810372,0.975457254139745
2018,"Troms",1923,"Salangen",3608982.89312,1.18247659218115,1.15415056810372,0.975457254139745
2018,"Troms",1926,"Dyroy",13603577.19424,1.18247659218115,1.15415056810372,0.975457254139745
2018,"Troms",1927,"Tranoy",18740139.43688,1.18247659218115,1.15415056810372,0.975457254139745
2018,"Troms",1928,"Torsken",4254623.34552,1.18247659218115,1.15415056810372,0.975457254139745
2018,"Troms",1929,"Berg",5737237.44128,1.18247659218115,1.15415056810372,0.975457254139745
2018,"Troms",1931,"Lenvik",15768052.87552,1.18247659218115,1.15415056810372,0.975457254139745
2018,"Troms",1936,"Karlsoy",13297196.43264,1.18247659218115,1.15415056810372,0.975457254139745
2018,"Troms",1938,"Lyngen",3224675.132,1.18247659218115,1.15415056810372,0.975457254139745
2018,"Troms",1940,"Kafjord",879652.43168,1.18247659218115,1.15415056810372,0.975457254139745
2018,"Troms",1941,"Skjervoy",23702599.416,1.18247659218115,1.15415056810372,0.975457254139745
2018,"Troms",1942,"Nordreisa",6450896.88144,1.18247659218115,1.15415056810372,0.975457254139745
2018,"Troms",1943,"Kvaenangen",10464365.34728,1.18247659218115,1.15415056810372,0.975457254139745
2018,"Nordland",1804,"Bodo",15492066.37144,1.15415056810372,1.15415056810372,1
2018,"Nordland",1805,"Narvik",1344095.1068,1.15415056810372,1.15415056810372,1
2018,"Nordland",1811,"Bindal",8863585.808,1.15415056810372,1.15415056810372,1
2018,"Nordland",1812,"Somna",1485536.09104,1.15415056810372,1.15415056810372,1
2018,"Nordland",1813,"Bronnoy",25835632.85496,1.15415056810372,1.15415056810372,1
2018,"Nordland",1815,"Vega",4323362.30104,1.15415056810372,1.15415056810372,1
2018,"Nordland",1816,"Vevelstad",7453728.51912,1.15415056810372,1.15415056810372,1
2018,"Nordland",1818,"Heroy",17221006.26344,1.15415056810372,1.15415056810372,1
2018,"Nordland",1820,"Alstahaug",5110127.75152,1.15415056810372,1.15415056810372,1
2018,"Nordland",1822,"Leirfjord",1582597.78208,1.15415056810372,1.15415056810372,1
2018,"Nordland",1824,"Vefsn",1025037.59864,1.15415056810372,1.15415056810372,1
2018,"Nordland",1827,"Donna",11884414.58096,1.15415056810372,1.15415056810372,1
2018,"Nordland",1828,"Nesna",1664445.03224,1.15415056810372,1.15415056810372,1
2018,"Nordland",1833,"Rana",4130902.83496,1.15415056810372,1.15415056810372,1
2018,"Nordland",1834,"Luroy",14414279.5284,1.15415056810372,1.15415056810372,1
2018,"Nordland",1835,"Traena",1607598.31624,1.15415056810372,1.15415056810372,1
2018,"Nordland",1836,"Rodoy",29380473.10128,1.15415056810372,1.15415056810372,1
2018,"Nordland",1837,"Meloy",10793296.87328,1.15415056810372,1.15415056810372,1
2018,"Nordland",1838,"Gildeskal",12151644.52744,1.15415056810372,1.15415056810372,1
2018,"Nordland",1840,"Saltdal",3782316.9852,1.15415056810372,1.15415056810372,1
2018,"Nordland",1841,"Fauske",1737525.38728,1.15415056810372,1.15415056810372,1
2018,"Nordland",1845,"Sorfold",14940176.33728,1.15415056810372,1.15415056810372,1
2018,"Nordland",1848,"Steigen",16282222.8308,1.15415056810372,1.15415056810372,1
2018,"Nordland",1849,"Hamaroy",4439950.18856,1.15415056810372,1.15415056810372,1
2018,"Nordland",1850,"Tysfjord",17054111.15056,1.15415056810372,1.15415056810372,1
2018,"Nordland",1851,"Lodingen",7026404.53784,1.15415056810372,1.15415056810372,1
2018,"Nordland",1852,"Tjeldsund",1286072.35248,1.15415056810372,1.15415056810372,1
2018,"Nordland",1854,"Ballangen",5291247.13656,1.15415056810372,1.15415056810372,1
2018,"Nordland",1859,"Flakstad",1328570.78176,1.15415056810372,1.15415056810372,1
2018,"Nordland",1860,"Vestvagoy",3681701.04424,1.15415056810372,1.15415056810372,1
2018,"Nordland",1865,"Vagan",850722.06408,1.15415056810372,1.15415056810372,1
2018,"Nordland",1866,"Hadsel",8185601.44592,1.15415056810372,1.15415056810372,1
2018,"Nordland",1867,"Bo",5899592.26864,1.15415056810372,1.15415056810372,1
2018,"Nordland",1868,"Oksnes",9318586.83264,1.15415056810372,1.15415056810372,1
2018,"Nordland",1870,"Sortland",9099185.75632,1.15415056810372,1.15415056810372,1
2005,"Finnmark",2004,"Hammerfest",3303701.21664,1.17623110307944,1.17623110307944,1
2005,"Finnmark",2012,"Alta",18054320.7396,1.17623110307944,1.17623110307944,1
2005,"Finnmark",2014,"Loppa",4155180.34168,1.17623110307944,1.17623110307944,1
2005,"Finnmark",2017,"Kvalsund",1179536.88512,1.17623110307944,1.17623110307944,1
2005,"Finnmark",2019,"Nordkapp",202032.16,1.17623110307944,1.17623110307944,1
2005,"Finnmark",2022,"Lebesby",713323.98192,1.17623110307944,1.17623110307944,1
2005,"Finnmark",2023,"Gamvik",681527.44,1.17623110307944,1.17623110307944,1
2005,"Finnmark",2027,"Nesseby",1414475.54864,1.17623110307944,1.17623110307944,1
2005,"Finnmark",2030,"Sor-Varanger",293062.88,1.17623110307944,1.17623110307944,1
2005,"Troms",1902,"Tromso",4015521.58216,1.3283143565941,1.17623110307944,0.870702914489769
2005,"Troms",1903,"Harstad",3602967.4884,1.3283143565941,1.17623110307944,0.870702914489769
2005,"Troms",1911,"Kvaefjord",3879889.60472,1.3283143565941,1.17623110307944,0.870702914489769
2005,"Troms",1913,"Skanland",2030020.0316,1.3283143565941,1.17623110307944,0.870702914489769
2005,"Troms",1917,"Ibestad",2944294.10256,1.3283143565941,1.17623110307944,0.870702914489769
2005,"Troms",1919,"Gratangen",3304879.09552,1.3283143565941,1.17623110307944,0.870702914489769
2005,"Troms",1920,"Lavangen",441366.53616,1.3283143565941,1.17623110307944,0.870702914489769
2005,"Troms",1923,"Salangen",2363306.79904,1.3283143565941,1.17623110307944,0.870702914489769
2005,"Troms",1926,"Dyroy",4526344.49784,1.3283143565941,1.17623110307944,0.870702914489769
2005,"Troms",1927,"Tranoy",5056359.48808,1.3283143565941,1.17623110307944,0.870702914489769
2005,"Troms",1928,"Torsken",3158253.66768,1.3283143565941,1.17623110307944,0.870702914489769
2005,"Troms",1929,"Berg",2821578.82752,1.3283143565941,1.17623110307944,0.870702914489769
2005,"Troms",1931,"Lenvik",1024499.0448,1.3283143565941,1.17623110307944,0.870702914489769
2005,"Troms",1936,"Karlsoy",2799942.25208,1.3283143565941,1.17623110307944,0.870702914489769
2005,"Troms",1938,"Lyngen",2839127.06088,1.3283143565941,1.17623110307944,0.870702914489769
2005,"Troms",1940,"Kafjord",2589960.58992,1.3283143565941,1.17623110307944,0.870702914489769
2005,"Troms",1941,"Skjervoy",5742368.988,1.3283143565941,1.17623110307944,0.870702914489769
2005,"Troms",1942,"Nordreisa",2824532.74528,1.3283143565941,1.17623110307944,0.870702914489769
2005,"Troms",1943,"Kvaenangen",5281759.44304,1.3283143565941,1.17623110307944,0.870702914489769
2005,"Nordland",1804,"Bodo",296382.60552,1.40553419138664,1.17623110307944,0.80505269100021
2005,"Nordland",1811,"Bindal",1552637.3108,1.40553419138664,1.17623110307944,0.80505269100021
2005,"Nordland",1812,"Somna",3745403.20304,1.40553419138664,1.17623110307944,0.80505269100021
2005,"Nordland",1813,"Bronnoy",3721729.8388,1.40553419138664,1.17623110307944,0.80505269100021
2005,"Nordland",1815,"Vega",630623.62664,1.40553419138664,1.17623110307944,0.80505269100021
2005,"Nordland",1816,"Vevelstad",1019308.49424,1.40553419138664,1.17623110307944,0.80505269100021
2005,"Nordland",1818,"Heroy",2923917.5276,1.40553419138664,1.17623110307944,0.80505269100021
2005,"Nordland",1820,"Alstahaug",3777819.9932,1.40553419138664,1.17623110307944,0.80505269100021
2005,"Nordland",1824,"Vefsn",1595082.91008,1.40553419138664,1.17623110307944,0.80505269100021
2005,"Nordland",1827,"Donna",3811544.2216,1.40553419138664,1.17623110307944,0.80505269100021
2005,"Nordland",1828,"Nesna",1156231.64936,1.40553419138664,1.17623110307944,0.80505269100021
2005,"Nordland",1833,"Rana",2213665.87112,1.40553419138664,1.17623110307944,0.80505269100021
2005,"Nordland",1834,"Luroy",5763930.6316,1.40553419138664,1.17623110307944,0.80505269100021
2005,"Nordland",1835,"Traena",1515884.364,1.40553419138664,1.17623110307944,0.80505269100021
2005,"Nordland",1836,"Rodoy",10843342.46408,1.40553419138664,1.17623110307944,0.80505269100021
2005,"Nordland",1837,"Meloy",6663635.97336,1.40553419138664,1.17623110307944,0.80505269100021
2005,"Nordland",1838,"Gildeskal",8064885.15704,1.40553419138664,1.17623110307944,0.80505269100021
2005,"Nordland",1840,"Saltdal",718322.10648,1.40553419138664,1.17623110307944,0.80505269100021
2005,"Nordland",1841,"Fauske",1235085.2096,1.40553419138664,1.17623110307944,0.80505269100021
2005,"Nordland",1845,"Sorfold",6143572.66304,1.40553419138664,1.17623110307944,0.80505269100021
2005,"Nordland",1848,"Steigen",6107602.04312,1.40553419138664,1.17623110307944,0.80505269100021
2005,"Nordland",1849,"Hamaroy",2167298.61816,1.40553419138664,1.17623110307944,0.80505269100021
2005,"Nordland",1850,"Tysfjord",153419.89488,1.40553419138664,1.17623110307944,0.80505269100021
2005,"Nordland",1851,"Lodingen",1511469.8292,1.40553419138664,1.17623110307944,0.80505269100021
2005,"Nordland",1854,"Ballangen",731291.81656,1.40553419138664,1.17623110307944,0.80505269100021
2005,"Nordland",1859,"Flakstad",1407711.14472,1.40553419138664,1.17623110307944,0.80505269100021
2005,"Nordland",1860,"Vestvagoy",981802.74232,1.40553419138664,1.17623110307944,0.80505269100021
2005,"Nordland",1865,"Vagan",7040704.78304,1.40553419138664,1.17623110307944,0.80505269100021
2005,"Nordland",1866,"Hadsel",6492945.03688,1.40553419138664,1.17623110307944,0.80505269100021
2005,"Nordland",1867,"Bo",3017801.36288,1.40553419138664,1.17623110307944,0.80505269100021
2005,"Nordland",1868,"Oksnes",8336878.2604,1.40553419138664,1.17623110307944,0.80505269100021
2005,"Nordland",1870,"Sortland",3069241.3764,1.40553419138664,1.17623110307944,0.80505269100021
2008,"Troms",1933,"Balsfjord",0,1.38507178070716,1.28814565946673,0.92475530967472
2010,"Troms",1939,"Storfjord",0,1.27685660916767,1.27685660916767,1
2011,"Finnmark",2018,"Masoy",1778450.89208,1.41253067887937,1.29053062695158,0.905465202157987
2011,"Troms",1925,"Sorreisa",812816.33888,1.29053062695158,1.29053062695158,1
2011,"Nordland",1805,"Narvik",520516.54536,1.31299138677918,1.29053062695158,0.982595717328569
2011,"Nordland",1822,"Leirfjord",146486.87776,1.31299138677918,1.29053062695158,0.982595717328569
2014,"Finnmark",2015,"Hasvik",533889.05008,1.32227547107863,1.15775147187438,0.857893508925626
2014,"Nordland",1874,"Moskenes",162845.4212,1.2706993399476,1.15775147187438,0.902442043204344
2015,"Nordland",1853,"Evenes",1493362.48864,1.26086687479015,1.26086687479015,1
2016,"Finnmark",2028,"Batsfjord",774799.41752,1.3295319373519,1.20884798699381,0.900166148550891
2016,"Nordland",1852,"Tjeldsund",1243416.93544,1.20884798699381,1.20884798699381,1
