yrs,knr2017,kname,county,totalarea,landarea,seaarea,trout_prod_kg,salmo_prod_kg,avg_bm_trout_kg,avg_bm_salmo_kg,dbm_trout_kg,dbm_salmo_kg,total_production,total_prod_corrected
2005,1804,Bodo,Nordland,4826.7,1395.25,3431.45,0,407784,0,200967,0,-24654,383130,383130
2006,1804,Bodo,Nordland,4826.7,1395.25,3431.45,0,1171124,0,813016,0,340199,1511323,1511323
2007,1804,Bodo,Nordland,4826.7,1395.25,3431.45,0,907738,0,958822,0,-1203269,-295531,0
2008,1804,Bodo,Nordland,4826.7,1395.25,3431.45,0,0,0,25966,0,0,0,0
2009,1804,Bodo,Nordland,4826.7,1395.25,3431.45,0,0,93265,84906,0,757502,757502,757502
2010,1804,Bodo,Nordland,4826.7,1395.25,3431.45,0,604949,0,994708,0,1251181,1856130,1856130
2011,1804,Bodo,Nordland,4826.7,1395.25,3431.45,0,1666657,0,828221,0,-1911281,-244624,0
2012,1804,Bodo,Nordland,4826.7,1395.25,3431.45,0,0,0,264673,0,1024401,1024401,1024401
2013,1804,Bodo,Nordland,4826.7,1395.25,3431.45,0,1145302,0,1603093,0,2308104,3453406,3453406
2014,1804,Bodo,Nordland,4826.7,1395.25,3431.45,0,2661836,0,703720,0,-727955,1933881,1933881
2005,1805,Narvik,Nordland,2223.59,2022.98,200.61,0,0,0,0,0,0,0,0
2006,1805,Narvik,Nordland,2223.59,2022.98,200.61,0,0,0,0,0,0,0,0
2007,1805,Narvik,Nordland,2223.59,2022.98,200.61,0,0,0,0,0,0,0,0
2008,1805,Narvik,Nordland,2223.59,2022.98,200.61,0,0,0,0,0,0,0,0
2009,1805,Narvik,Nordland,2223.59,2022.98,200.61,0,0,0,0,0,0,0,0
2010,1805,Narvik,Nordland,2223.59,2022.98,200.61,0,0,0,0,0,0,0,0
2011,1805,Narvik,Nordland,2223.59,2022.98,200.61,0,0,0,152027,0,716692,716692,716692
2012,1805,Narvik,Nordland,2223.59,2022.98,200.61,0,2877215,0,1664471,0,756700,3633915,3633915
2013,1805,Narvik,Nordland,2223.59,2022.98,200.61,0,1903281,0,312853,0,-1351278,552003,552003
2014,1805,Narvik,Nordland,2223.59,2022.98,200.61,0,0,0,587272,0,1982272,1982272,1982272
2005,1811,Bindal,Nordland,1905.54,1264.25,641.29,0,2331758,0,1657623,0,-487116,1844642,1844642
2006,1811,Bindal,Nordland,1905.54,1264.25,641.29,0,3654817,0,1636298,0,1414513,5069330,5069330
2007,1811,Bindal,Nordland,1905.54,1264.25,641.29,0,3863579,0,2135960,0,232986,4096565,4096565
2008,1811,Bindal,Nordland,1905.54,1264.25,641.29,0,5387505,0,2445713,0,379113,5766618,5766618
2009,1811,Bindal,Nordland,1905.54,1264.25,641.29,0,3921657,0,2446422,0,504320,4425977,4425977
2010,1811,Bindal,Nordland,1905.54,1264.25,641.29,0,5777090,0,2844997,0,-31873,5745217,5745217
2011,1811,Bindal,Nordland,1905.54,1264.25,641.29,0,4226375,0,2646913,0,294894,4521269,4521269
2012,1811,Bindal,Nordland,1905.54,1264.25,641.29,0,8035536,0,3623682,0,-836983,7198553,7198553
2013,1811,Bindal,Nordland,1905.54,1264.25,641.29,0,4447631,0,2912899,0,375044,4822675,4822675
2014,1811,Bindal,Nordland,1905.54,1264.25,641.29,0,6034883,0,3490765,0,-861117,5173766,5173766
2005,1812,Somna,Nordland,790.1,195.26,594.84,0,5261384,0,2574373,0,-886564,4374820,4374820
2006,1812,Somna,Nordland,790.1,195.26,594.84,0,486726,0,1662093,0,3435186,3921912,3921912
2007,1812,Somna,Nordland,790.1,195.26,594.84,0,6364690,0,2016164,0,-3864064,2500626,2500626
2008,1812,Somna,Nordland,790.1,195.26,594.84,0,0,0,2165417,0,5195940,5195940,5195940
2009,1812,Somna,Nordland,790.1,195.26,594.84,0,8697517,0,5212502,0,154239,8851756,8851756
2010,1812,Somna,Nordland,790.1,195.26,594.84,0,8279298,0,2085857,0,-2768115,5511183,5511183
2011,1812,Somna,Nordland,790.1,195.26,594.84,0,2261304,0,737860,0,-1969808,291496,291496
2012,1812,Somna,Nordland,790.1,195.26,594.84,0,0,0,141066,0,659206,659206,659206
2013,1812,Somna,Nordland,790.1,195.26,594.84,0,1891367,0,2710757,0,3968029,5859396,5859396
2014,1812,Somna,Nordland,790.1,195.26,594.84,0,6341816,0,1856358,0,-5355844,985972,985972
2005,1813,Bronnoy,Nordland,2099.21,1046.4000000000001,1052.81,0,4899383,0,2500021,0,-535264,4364119,4364119
2006,1813,Bronnoy,Nordland,2099.21,1046.4000000000001,1052.81,0,3164181,0,1597714,0,1235731,4399912,4399912
2007,1813,Bronnoy,Nordland,2099.21,1046.4000000000001,1052.81,0,3541038,0,2150501,0,1136830,4677868,4677868
2008,1813,Bronnoy,Nordland,2099.21,1046.4000000000001,1052.81,0,5409491,0,2883851,0,-1165567,4243924,4243924
2009,1813,Bronnoy,Nordland,2099.21,1046.4000000000001,1052.81,0,5027756,0,3342554,0,614573,5642329,5642329
2010,1813,Bronnoy,Nordland,2099.21,1046.4000000000001,1052.81,0,8144723,0,3430080,0,-4112968,4031755,4031755
2011,1813,Bronnoy,Nordland,2099.21,1046.4000000000001,1052.81,0,280078,0,4823334,0,10638848,10918926,10918926
2012,1813,Bronnoy,Nordland,2099.21,1046.4000000000001,1052.81,0,15984989,0,5041997,0,-10401866,5583123,5583123
2013,1813,Bronnoy,Nordland,2099.21,1046.4000000000001,1052.81,0,4825063,0,5991897,0,6627988,11453051,11453051
2014,1813,Bronnoy,Nordland,2099.21,1046.4000000000001,1052.81,0,10534942,0,3381522,0,-5222879,5312063,5312063
2005,1815,Vega,Nordland,2921.38,164.94,2756.44,0,561812,0,240324,0,212247,774059,774059
2006,1815,Vega,Nordland,2921.38,164.94,2756.44,0,2250513,0,917133,0,-613716,1636797,1636797
2007,1815,Vega,Nordland,2921.38,164.94,2756.44,0,162038,0,436067,0,1287051,1449089,1449089
2008,1815,Vega,Nordland,2921.38,164.94,2756.44,0,3482593,0,2377504,0,105737,3588330,3588330
2009,1815,Vega,Nordland,2921.38,164.94,2756.44,0,1637603,0,358635,0,-575413,1062190,1062190
2010,1815,Vega,Nordland,2921.38,164.94,2756.44,0,3390778,0,1592881,0,-711353,2679425,2679425
2011,1815,Vega,Nordland,2921.38,164.94,2756.44,0,140849,0,430677,0,1599156,1740005,1740005
2012,1815,Vega,Nordland,2921.38,164.94,2756.44,0,6215889,0,2825767,0,-1113580,5102309,5102309
2013,1815,Vega,Nordland,2921.38,164.94,2756.44,0,837433,0,1057297,0,3506708,4344141,4344141
2014,1815,Vega,Nordland,2921.38,164.94,2756.44,0,9150144,0,3968134,0,-2865002,6285142,6285142
2005,1816,Vevelstad,Nordland,661.11,538.9,122.2,459792,1527293,324981,502097,224419,-1093543,1117961,1117961
2006,1816,Vevelstad,Nordland,661.11,538.9,122.2,1105024,281901,605906,1409058,58420,3337877,4783222,4783222
2007,1816,Vevelstad,Nordland,661.11,538.9,122.2,1164973,7373667,863362,2665782,6963,-3338977,5206626,5206626
2008,1816,Vevelstad,Nordland,661.11,538.9,122.2,1448410,0,640828,1376900,-218653,3557468,4787225,4787225
2009,1816,Vevelstad,Nordland,661.11,538.9,122.2,949863,6012979,320193,3144145,-584597,-1654647,4723598,4723598
2010,1816,Vevelstad,Nordland,661.11,538.9,122.2,0,2220024,0,1846575,0,1736084,3956108,3956108
2011,1816,Vevelstad,Nordland,661.11,538.9,122.2,0,6896770,0,4252010,0,-410546,6486224,6486224
2012,1816,Vevelstad,Nordland,661.11,538.9,122.2,0,6693262,18426,1908483,105671,-3766702,3032231,3032231
2013,1816,Vevelstad,Nordland,661.11,538.9,122.2,0,0,547686,2563606,1181067,5579064,6760131,6760131
2014,1816,Vevelstad,Nordland,661.11,538.9,122.2,1453742,9756533,315728,2828314,-1428836,-5702424,4079015,4079015
2005,1818,Heroy,Nordland,2262.1,64.37,2197.73,0,2354355,0,1426183,0,1884788,4239143,4239143
2006,1818,Heroy,Nordland,2262.1,64.37,2197.73,0,5328286,0,3769673,0,872371,6200657,6200657
2007,1818,Heroy,Nordland,2262.1,64.37,2197.73,0,4325064,0,1926064,0,-410207,3914857,3914857
2008,1818,Heroy,Nordland,2262.1,64.37,2197.73,0,4465203,0,3146133,0,1471291,5936494,5936494
2009,1818,Heroy,Nordland,2262.1,64.37,2197.73,0,5135969,0,2172749,0,225596,5361565,5361565
2010,1818,Heroy,Nordland,2262.1,64.37,2197.73,0,5575269,0,3142947,0,-2125082,3450187,3450187
2011,1818,Heroy,Nordland,2262.1,64.37,2197.73,0,3089579,0,2501445,0,3754658,6844237,6844237
2012,1818,Heroy,Nordland,2262.1,64.37,2197.73,0,6136536,0,5711911,0,694259,6830795,6830795
2013,1818,Heroy,Nordland,2262.1,64.37,2197.73,0,7986201,0,3906814,0,459273,8445474,8445474
2014,1818,Heroy,Nordland,2262.1,64.37,2197.73,0,10179079,0,5189548,0,-581715,9597364,9597364
2005,1820,Alstahaug,Nordland,585.22,187.61,397.61,0,6042713,0,2638649,0,-1912924,4129789,4129789
2006,1820,Alstahaug,Nordland,585.22,187.61,397.61,0,1113624,0,1113143,0,2036859,3150483,3150483
2007,1820,Alstahaug,Nordland,585.22,187.61,397.61,0,5454847,0,2192349,0,-1889769,3565078,3565078
2008,1820,Alstahaug,Nordland,585.22,187.61,397.61,0,491896,0,2786902,0,5621499,6113395,6113395
2009,1820,Alstahaug,Nordland,585.22,187.61,397.61,0,10592682,0,5566962,0,-3339352,7253330,7253330
2010,1820,Alstahaug,Nordland,585.22,187.61,397.61,0,6137168,0,3715633,0,3050071,9187239,9187239
2011,1820,Alstahaug,Nordland,585.22,187.61,397.61,0,9633908,0,3896310,0,-2708535,6925373,6925373
2012,1820,Alstahaug,Nordland,585.22,187.61,397.61,0,7460817,0,3212229,0,4330241,11791058,11791058
2013,1820,Alstahaug,Nordland,585.22,187.61,397.61,0,9086339,0,3186296,0,-2553513,6532826,6532826
2014,1820,Alstahaug,Nordland,585.22,187.61,397.61,0,4705971,0,3318199,0,2641690,7347661,7347661
2005,1822,Leirfjord,Nordland,596.16999999999996,465.22,130.94999999999999,0,0,0,0,0,0,0,0
2006,1822,Leirfjord,Nordland,596.16999999999996,465.22,130.94999999999999,0,0,0,0,0,0,0,0
2007,1822,Leirfjord,Nordland,596.16999999999996,465.22,130.94999999999999,0,0,0,0,0,0,0,0
2008,1822,Leirfjord,Nordland,596.16999999999996,465.22,130.94999999999999,0,0,0,0,0,0,0,0
2009,1822,Leirfjord,Nordland,596.16999999999996,465.22,130.94999999999999,0,0,0,0,0,0,0,0
2010,1822,Leirfjord,Nordland,596.16999999999996,465.22,130.94999999999999,0,0,0,0,0,0,0,0
2011,1822,Leirfjord,Nordland,596.16999999999996,465.22,130.94999999999999,0,0,0,109264,0,367236,367236,367236
2012,1822,Leirfjord,Nordland,596.16999999999996,465.22,130.94999999999999,0,883351,0,831869,0,362579,1245930,1245930
2013,1822,Leirfjord,Nordland,596.16999999999996,465.22,130.94999999999999,0,764570,0,319017,0,-806381,-41811,0
2014,1822,Leirfjord,Nordland,596.16999999999996,465.22,130.94999999999999,0,0,0,0,0,0,0,0
2005,1824,Vefsn,Nordland,2030.3,1928.81,101.49,0,508761,0,562182,0,1406457,1915218,1915218
2006,1824,Vefsn,Nordland,2030.3,1928.81,101.49,0,3316793,0,1342889,0,-1883705,1433088,1433088
2007,1824,Vefsn,Nordland,2030.3,1928.81,101.49,0,0,0,505842,0,1331629,1331629,1331629
2008,1824,Vefsn,Nordland,2030.3,1928.81,101.49,0,3153320,0,1851856,0,-879657,2273663,2273663
2009,1824,Vefsn,Nordland,2030.3,1928.81,101.49,0,662663,0,509660,0,1481091,2143754,2143754
2010,1824,Vefsn,Nordland,2030.3,1928.81,101.49,0,3850615,0,2026704,0,-1306049,2544566,2544566
2011,1824,Vefsn,Nordland,2030.3,1928.81,101.49,0,323189,0,295688,0,1092565,1415754,1415754
2012,1824,Vefsn,Nordland,2030.3,1928.81,101.49,0,2356694,0,2073390,0,743370,3100064,3100064
2013,1824,Vefsn,Nordland,2030.3,1928.81,101.49,0,1911150,0,585939,0,601525,2512675,2512675
2014,1824,Vefsn,Nordland,2030.3,1928.81,101.49,0,4278929,0,1731749,0,-1806396,2472533,2472533
2005,1827,Donna,Nordland,759.31,191.94,567.37,0,5449411,0,2187977,0,-1555477,3893934,3893934
2006,1827,Donna,Nordland,759.31,191.94,567.37,0,445975,0,299274,0,873723,1319698,1319698
2007,1827,Donna,Nordland,759.31,191.94,567.37,17370,3673766,4638,2418380,802,425103,4117041,4117041
2008,1827,Donna,Nordland,759.31,191.94,567.37,103,2208700,2766,1241357,0,1707102,3915905,3915905
2009,1827,Donna,Nordland,759.31,191.94,567.37,11150,6385058,4452,3566200,-11157,226477,6611528,6611528
2010,1827,Donna,Nordland,759.31,191.94,567.37,2000,3179030,7985,2947627,16954,5377340,8575324,8575324
2011,1827,Donna,Nordland,759.31,191.94,567.37,0,11129700,18606,6403753,-19691,-3060353,8049656,8049656
2012,1827,Donna,Nordland,759.31,191.94,567.37,0,4414811,5094,1446217,13769,1471847,5900427,5900427
2013,1827,Donna,Nordland,759.31,191.94,567.37,54589,8890209,9635,4968241,-16132,-1431395,7497271,7497271
2014,1827,Donna,Nordland,759.31,191.94,567.37,0,3212856,3186,2789236,13537,4882015,8108408,8108408
2005,1828,Nesna,Nordland,402.82,183.18,219.63,0,1590739,0,611840,0,-252972,1337767,1337767
2006,1828,Nesna,Nordland,402.82,183.18,219.63,0,834492,0,417393,0,392739,1227231,1227231
2007,1828,Nesna,Nordland,402.82,183.18,219.63,0,1399224,0,611962,0,-100694,1298530,1298530
2008,1828,Nesna,Nordland,402.82,183.18,219.63,0,1580983,0,556772,0,-550312,1030671,1030671
2009,1828,Nesna,Nordland,402.82,183.18,219.63,0,845020,0,584131,0,646355,1491375,1491375
2010,1828,Nesna,Nordland,402.82,183.18,219.63,0,1310727,0,776696,0,74903,1385630,1385630
2011,1828,Nesna,Nordland,402.82,183.18,219.63,0,3202207,0,1923752,0,1300850,4503057,4503057
2012,1828,Nesna,Nordland,402.82,183.18,219.63,0,3396994,0,2088812,0,2472127,5869121,5869121
2013,1828,Nesna,Nordland,402.82,183.18,219.63,0,6669055,0,2655528,0,-2701990,3967065,3967065
2014,1828,Nesna,Nordland,402.82,183.18,219.63,0,1013167,0,1416178,0,3746519,4759686,4759686
2005,1832,Hemnes,Nordland,1653.16,1588.74,64.42,0,0,0,0,0,0,0,0
2006,1832,Hemnes,Nordland,1653.16,1588.74,64.42,0,0,0,0,0,0,0,0
2007,1832,Hemnes,Nordland,1653.16,1588.74,64.42,0,0,0,0,0,0,0,0
2008,1832,Hemnes,Nordland,1653.16,1588.74,64.42,0,0,0,0,0,0,0,0
2009,1832,Hemnes,Nordland,1653.16,1588.74,64.42,0,0,0,0,0,0,0,0
2010,1832,Hemnes,Nordland,1653.16,1588.74,64.42,0,0,0,0,0,0,0,0
2011,1832,Hemnes,Nordland,1653.16,1588.74,64.42,0,0,0,0,0,0,0,0
2012,1832,Hemnes,Nordland,1653.16,1588.74,64.42,0,0,0,0,0,0,0,0
2013,1832,Hemnes,Nordland,1653.16,1588.74,64.42,0,0,0,0,0,0,0,0
2014,1832,Hemnes,Nordland,1653.16,1588.74,64.42,0,0,0,0,0,0,0,0
2005,1833,Rana,Nordland,4588.12,4459.83,128.29,0,1346262,0,1592986,0,1171963,2518225,2518225
2006,1833,Rana,Nordland,4588.12,4459.83,128.29,0,1880657,0,572104,0,-803188,1077469,1077469
2007,1833,Rana,Nordland,4588.12,4459.83,128.29,0,3823329,0,1670159,0,-1011605,2811724,2811724
2008,1833,Rana,Nordland,4588.12,4459.83,128.29,0,0,0,56939,0,278588,278588,278588
2009,1833,Rana,Nordland,4588.12,4459.83,128.29,0,544059,0,1292800,0,2657252,3201311,3201311
2010,1833,Rana,Nordland,4588.12,4459.83,128.29,0,3770110,0,945690,0,-2879800,890310,890310
2011,1833,Rana,Nordland,4588.12,4459.83,128.29,0,0,0,1296240,0,3254673,3254673,3254673
2012,1833,Rana,Nordland,4588.12,4459.83,128.29,0,5112988,0,1207841,0,-3580776,1532212,1532212
2013,1833,Rana,Nordland,4588.12,4459.83,128.29,0,1562325,0,2020636,0,3616509,5178834,5178834
2014,1833,Rana,Nordland,4588.12,4459.83,128.29,0,5463903,0,806748,0,-2950770,2513133,2513133
2005,1834,Luroy,Nordland,1337.7,265.19,1072.51,0,6843424,0,4797691,0,-425842,6417582,6417582
2006,1834,Luroy,Nordland,1337.7,265.19,1072.51,0,9045312,0,6093557,0,1418471,10463783,10463783
2007,1834,Luroy,Nordland,1337.7,265.19,1072.51,0,10253977,0,6466077,0,3245262,13499239,13499239
2008,1834,Luroy,Nordland,1337.7,265.19,1072.51,0,13364141,0,5771167,0,-4582421,8781720,8781720
2009,1834,Luroy,Nordland,1337.7,265.19,1072.51,0,7772576,0,6670617,0,7209035,14981611,14981611
2010,1834,Luroy,Nordland,1337.7,265.19,1072.51,0,14835068,0,5781274,0,-7247885,7587183,7587183
2011,1834,Luroy,Nordland,1337.7,265.19,1072.51,0,4127207,0,6221493,0,5065126,9192333,9192333
2012,1834,Luroy,Nordland,1337.7,265.19,1072.51,0,10303314,0,7008099,0,-431702,9871612,9871612
2013,1834,Luroy,Nordland,1337.7,265.19,1072.51,0,17911983,0,7321560,0,-5721063,12190920,12190920
2014,1834,Luroy,Nordland,1337.7,265.19,1072.51,0,3673328,0,4888604,0,6678136,10351464,10351464
2005,1835,Traena,Nordland,1793.81,16.510000000000002,1777.3,0,2111309,0,973853,0,-336518,1774791,1774791
2006,1835,Traena,Nordland,1793.81,16.510000000000002,1777.3,0,219668,0,547259,0,1424292,1643960,1643960
2007,1835,Traena,Nordland,1793.81,16.510000000000002,1777.3,0,3303822,0,1116700,0,-1688961,1614861,1614861
2008,1835,Traena,Nordland,1793.81,16.510000000000002,1777.3,0,0,0,603554,0,1536937,1536937,1536937
2009,1835,Traena,Nordland,1793.81,16.510000000000002,1777.3,0,3128982,0,1014676,0,-1696542,1432440,1432440
2010,1835,Traena,Nordland,1793.81,16.510000000000002,1777.3,0,0,0,750278,0,1799108,1799108,1799108
2011,1835,Traena,Nordland,1793.81,16.510000000000002,1777.3,0,3528215,0,1469703,0,-1266846,2261369,2261369
2012,1835,Traena,Nordland,1793.81,16.510000000000002,1777.3,0,1236201,0,1170173,0,1247758,2483959,2483959
2013,1835,Traena,Nordland,1793.81,16.510000000000002,1777.3,0,3481033,0,1096568,0,-2202484,1278549,1278549
2014,1835,Traena,Nordland,1793.81,16.510000000000002,1777.3,0,625953,0,1093827,0,2021358,2647311,2647311
2005,1836,Rodoy,Nordland,3103.06,711.29,2391.77,0,11936100,0,6191501,0,547086,12483186,12483186
2006,1836,Rodoy,Nordland,3103.06,711.29,2391.77,0,12356580,108278,8008703,477644,660310,13494534,13494534
2007,1836,Rodoy,Nordland,3103.06,711.29,2391.77,452720,10374476,1677155,3517155,2466560,-2373209,10920547,10920547
2008,1836,Rodoy,Nordland,3103.06,711.29,2391.77,3789546,7358989,1408822,7180393,-2964486,4159110,12343159,12343159
2009,1836,Rodoy,Nordland,3103.06,711.29,2391.77,0,11540121,0,5291185,0,-2298465,9241656,9241656
2010,1836,Rodoy,Nordland,3103.06,711.29,2391.77,0,12625755,0,8445213,0,274380,12900135,12900135
2011,1836,Rodoy,Nordland,3103.06,711.29,2391.77,0,8693193,0,5661449,0,4354814,13048007,13048007
2012,1836,Rodoy,Nordland,3103.06,711.29,2391.77,0,27318524,0,12856971,0,-4314934,23003590,23003590
2013,1836,Rodoy,Nordland,3103.06,711.29,2391.77,0,15093080,0,8477124,0,6447950,21541030,21541030
2014,1836,Rodoy,Nordland,3103.06,711.29,2391.77,0,27790360,0,13676047,0,-3005883,24784477,24784477
2005,1837,Meloy,Nordland,2746.28,873.82,1872.46,0,7240949,0,4567283,0,474811,7715760,7715760
2006,1837,Meloy,Nordland,2746.28,873.82,1872.46,0,5835906,0,3078836,0,1134296,6970202,6970202
2007,1837,Meloy,Nordland,2746.28,873.82,1872.46,176552,7510750,228157,4841984,0,551231,8238533,8238533
2008,1837,Meloy,Nordland,2746.28,873.82,1872.46,0,7468182,0,2931321,0,347997,7816179,7816179
2009,1837,Meloy,Nordland,2746.28,873.82,1872.46,0,8636290,0,6018293,0,3089731,11726021,11726021
2010,1837,Meloy,Nordland,2746.28,873.82,1872.46,0,7761227,0,5588086,0,3633704,11394931,11394931
2011,1837,Meloy,Nordland,2746.28,873.82,1872.46,0,14026146,0,5626395,0,-4655932,9370214,9370214
2012,1837,Meloy,Nordland,2746.28,873.82,1872.46,0,4271985,0,4842932,0,6642059,10914044,10914044
2013,1837,Meloy,Nordland,2746.28,873.82,1872.46,0,11988263,0,3013346,0,-7129545,4858718,4858718
2014,1837,Meloy,Nordland,2746.28,873.82,1872.46,0,2521850,0,5133770,0,9539701,12061551,12061551
2005,1838,Gildeskal,Nordland,1502.25,664.65,837.6,5378155,3449295,3724370,2051901,699497,-112326,9414621,9414621
2006,1838,Gildeskal,Nordland,1502.25,664.65,837.6,4791998,2936891,3703750,2412768,-26847,1009541,8711583,8711583
2007,1838,Gildeskal,Nordland,1502.25,664.65,837.6,4756165,4034380,3470101,2179985,-555306,159750,8394989,8394989
2008,1838,Gildeskal,Nordland,1502.25,664.65,837.6,5315620,3450763,5008842,1647281,1603587,-670254,9699716,9699716
2009,1838,Gildeskal,Nordland,1502.25,664.65,837.6,8004157,3385321,2816689,1909781,-5050768,-164625,6174085,6174085
2010,1838,Gildeskal,Nordland,1502.25,664.65,837.6,0,2686726,0,2995509,0,3865242,6551968,6551968
2011,1838,Gildeskal,Nordland,1502.25,664.65,837.6,0,9416602,0,4611727,0,-1368116,8048486,8048486
2012,1838,Gildeskal,Nordland,1502.25,664.65,837.6,0,8219014,0,6278804,0,4855689,13074703,13074703
2013,1838,Gildeskal,Nordland,1502.25,664.65,837.6,0,14588505,0,7632420,0,-3443020,11145485,11145485
2014,1838,Gildeskal,Nordland,1502.25,664.65,837.6,0,10010425,0,8287168,0,5470913,15481338,15481338
2005,1840,Saltdal,Nordland,2245.9299999999998,2216.17,29.77,0,1002228,0,684048,0,-184858,817370,817370
2006,1840,Saltdal,Nordland,2245.9299999999998,2216.17,29.77,0,503741,0,193675,0,-284477,219264,219264
2007,1840,Saltdal,Nordland,2245.9299999999998,2216.17,29.77,0,423183,0,1186075,0,2968889,3392072,3392072
2008,1840,Saltdal,Nordland,2245.9299999999998,2216.17,29.77,0,4160816,0,2160729,0,-1012568,3148248,3148248
2009,1840,Saltdal,Nordland,2245.9299999999998,2216.17,29.77,0,2113439,0,792388,0,-280364,1833075,1833075
2010,1840,Saltdal,Nordland,2245.9299999999998,2216.17,29.77,0,2080941,0,1715363,0,-208323,1872618,1872618
2011,1840,Saltdal,Nordland,2245.9299999999998,2216.17,29.77,0,2147345,0,1041491,0,-1174163,973182,973182
2012,1840,Saltdal,Nordland,2245.9299999999998,2216.17,29.77,0,2077535,0,1916809,0,1908060,3985595,3985595
2013,1840,Saltdal,Nordland,2245.9299999999998,2216.17,29.77,0,4207345,0,1325890,0,-3136489,1070856,1070856
2014,1840,Saltdal,Nordland,2245.9299999999998,2216.17,29.77,0,0,0,1359564,0,1032975,1032975,1032975
2005,1841,Fauske,Nordland,1293.8699999999999,1209.58,84.29,0,1350711,0,774056,0,95735,1446446,1446446
2006,1841,Fauske,Nordland,1293.8699999999999,1209.58,84.29,0,1608368,0,1133834,0,902376,2510744,2510744
2007,1841,Fauske,Nordland,1293.8699999999999,1209.58,84.29,0,1833800,0,539254,0,-1647876,185924,185924
2008,1841,Fauske,Nordland,1293.8699999999999,1209.58,84.29,0,0,0,427978,0,1409609,1409609,1409609
2009,1841,Fauske,Nordland,1293.8699999999999,1209.58,84.29,0,2457498,0,1474671,0,138264,2595762,2595762
2010,1841,Fauske,Nordland,1293.8699999999999,1209.58,84.29,0,2050111,0,807143,0,-897216,1152895,1152895
2011,1841,Fauske,Nordland,1293.8699999999999,1209.58,84.29,0,1979851,0,1937314,0,2020531,4000382,4000382
2012,1841,Fauske,Nordland,1293.8699999999999,1209.58,84.29,0,4031636,0,1387098,0,-2097867,1933769,1933769
2013,1841,Fauske,Nordland,1293.8699999999999,1209.58,84.29,0,774700,0,879979,0,893400,1668100,1668100
2014,1841,Fauske,Nordland,1293.8699999999999,1209.58,84.29,0,3503602,0,1615408,0,-1962291,1541311,1541311
2005,1845,Sorfold,Nordland,1829.76,1637.73,192.04,0,5532392,0,3427557,0,499280,6031672,6031672
2006,1845,Sorfold,Nordland,1829.76,1637.73,192.04,0,7386419,0,3440625,0,-2369612,5016807,5016807
2007,1845,Sorfold,Nordland,1829.76,1637.73,192.04,0,1994389,0,3010209,0,4403058,6397447,6397447
2008,1845,Sorfold,Nordland,1829.76,1637.73,192.04,0,13461207,0,6150611,0,-4272585,9188622,9188622
2009,1845,Sorfold,Nordland,1829.76,1637.73,192.04,0,5135416,0,5742702,0,7824396,12959812,12959812
2010,1845,Sorfold,Nordland,1829.76,1637.73,192.04,0,14011203,0,7171976,0,-189338,13821865,13821865
2011,1845,Sorfold,Nordland,1829.76,1637.73,192.04,0,10650030,0,5896352,0,-942083,9707947,9707947
2012,1845,Sorfold,Nordland,1829.76,1637.73,192.04,0,6775922,0,4834932,0,4129784,10905706,10905706
2013,1845,Sorfold,Nordland,1829.76,1637.73,192.04,0,18067276,0,7908528,0,-5826930,12240346,12240346
2014,1845,Sorfold,Nordland,1829.76,1637.73,192.04,0,13590522,0,6890106,0,110262,13700784,13700784
2005,1848,Steigen,Nordland,3484.49,1009.08,2475.41,0,9143835,0,4449265,0,-2034880,7108955,7108955
2006,1848,Steigen,Nordland,3484.49,1009.08,2475.41,0,8277161,0,5177080,0,4276843,12554004,12554004
2007,1848,Steigen,Nordland,3484.49,1009.08,2475.41,0,14304671,0,6210029,0,-3190282,11114389,11114389
2008,1848,Steigen,Nordland,3484.49,1009.08,2475.41,0,9441020,0,6238194,0,6231371,15672391,15672391
2009,1848,Steigen,Nordland,3484.49,1009.08,2475.41,0,16401792,0,7872462,0,-759433,15642359,15642359
2010,1848,Steigen,Nordland,3484.49,1009.08,2475.41,0,15395534,0,8008666,0,434511,15830045,15830045
2011,1848,Steigen,Nordland,3484.49,1009.08,2475.41,0,20466622,0,9516505,0,-1969269,18497353,18497353
2012,1848,Steigen,Nordland,3484.49,1009.08,2475.41,0,15937273,0,8184771,0,1906274,17843547,17843547
2013,1848,Steigen,Nordland,3484.49,1009.08,2475.41,0,18602606,0,9198250,0,-1357537,17245069,17245069
2014,1848,Steigen,Nordland,3484.49,1009.08,2475.41,0,15215666,0,10580639,0,7175984,22391650,22391650
2005,1849,Hamaroy,Nordland,1562.51,1033.55,528.96,787042,0,334192,945796,-114916,1582442,2254568,2254568
2006,1849,Hamaroy,Nordland,1562.51,1033.55,528.96,0,1761494,0,777842,0,-1555228,206266,206266
2007,1849,Hamaroy,Nordland,1562.51,1033.55,528.96,0,0,0,2029959,0,5123066,5123066,5123066
2008,1849,Hamaroy,Nordland,1562.51,1033.55,528.96,0,5537534,0,1308739,0,-4838273,699261,699261
2009,1849,Hamaroy,Nordland,1562.51,1033.55,528.96,0,0,0,330620,0,697103,697103,697103
2010,1849,Hamaroy,Nordland,1562.51,1033.55,528.96,0,4661640,0,2528062,0,380502,5042142,5042142
2011,1849,Hamaroy,Nordland,1562.51,1033.55,528.96,0,1406664,0,799106,0,1577714,2984378,2984378
2012,1849,Hamaroy,Nordland,1562.51,1033.55,528.96,0,5641751,0,2110288,0,-1851600,3790151,3790151
2013,1849,Hamaroy,Nordland,1562.51,1033.55,528.96,0,0,0,1325751,0,2542866,2542866,2542866
2014,1849,Hamaroy,Nordland,1562.51,1033.55,528.96,0,5433001,0,2013855,0,-3059940,2373061,2373061
2005,1850,Tysfjord,Nordland,1928.93,1463.63,465.3,0,295627,0,385851,0,-98608,197019,197019
2006,1850,Tysfjord,Nordland,1928.93,1463.63,465.3,0,1035933,0,598858,0,-196893,839040,839040
2007,1850,Tysfjord,Nordland,1928.93,1463.63,465.3,0,1389026,0,971351,0,872053,2261079,2261079
2008,1850,Tysfjord,Nordland,1928.93,1463.63,465.3,0,2304246,0,2164849,0,1563133,3867379,3867379
2009,1850,Tysfjord,Nordland,1928.93,1463.63,465.3,0,3774869,0,2509931,0,79027,3853896,3853896
2010,1850,Tysfjord,Nordland,1928.93,1463.63,465.3,0,3594747,0,2220061,0,464529,4059276,4059276
2011,1850,Tysfjord,Nordland,1928.93,1463.63,465.3,0,4511378,0,4957762,0,3557391,8068769,8068769
2012,1850,Tysfjord,Nordland,1928.93,1463.63,465.3,0,11570329,0,7170308,0,994703,12565032,12565032
2013,1850,Tysfjord,Nordland,1928.93,1463.63,465.3,0,17311428,0,7668323,0,-1248550,16062878,16062878
2014,1850,Tysfjord,Nordland,1928.93,1463.63,465.3,0,14609854,0,9970837,0,4147444,18757298,18757298
2005,1851,Lodingen,Nordland,1043.95,527.49,516.46,0,886996,0,1445110,0,935153,1822149,1822149
2006,1851,Lodingen,Nordland,1043.95,527.49,516.46,0,3414237,0,2656142,0,1695766,5110003,5110003
2007,1851,Lodingen,Nordland,1043.95,527.49,516.46,0,4130565,0,2028648,0,1366071,5496636,5496636
2008,1851,Lodingen,Nordland,1043.95,527.49,516.46,0,6865698,327552,4228937,436298,1246813,8548809,8548809
2009,1851,Lodingen,Nordland,1043.95,527.49,516.46,1264642,8412963,394198,3173675,-467221,-862264,8348120,8348120
2010,1851,Lodingen,Nordland,1043.95,527.49,516.46,0,4242105,0,3483857,0,1432203,5674308,5674308
2011,1851,Lodingen,Nordland,1043.95,527.49,516.46,0,5973110,140244,2007162,372993,1444108,7790211,7790211
2012,1851,Lodingen,Nordland,1043.95,527.49,516.46,568418,8955964,367614,4491756,-402668,-356016,8765698,8765698
2013,1851,Lodingen,Nordland,1043.95,527.49,516.46,0,4243349,0,2287182,0,1903695,6147044,6147044
2014,1851,Lodingen,Nordland,1043.95,527.49,516.46,0,8450499,0,3186115,0,-2461816,5988683,5988683
2005,1852,Tjeldsund,Nordland,444.83,319.27,125.56,0,0,0,0,0,0,0,0
2006,1852,Tjeldsund,Nordland,444.83,319.27,125.56,0,0,0,0,0,0,0,0
2007,1852,Tjeldsund,Nordland,444.83,319.27,125.56,0,0,0,0,0,0,0,0
2008,1852,Tjeldsund,Nordland,444.83,319.27,125.56,0,0,0,0,0,0,0,0
2009,1852,Tjeldsund,Nordland,444.83,319.27,125.56,0,0,0,0,0,0,0,0
2010,1852,Tjeldsund,Nordland,444.83,319.27,125.56,0,0,0,0,0,0,0,0
2011,1852,Tjeldsund,Nordland,444.83,319.27,125.56,0,0,0,0,0,0,0,0
2012,1852,Tjeldsund,Nordland,444.83,319.27,125.56,0,0,0,0,0,0,0,0
2013,1852,Tjeldsund,Nordland,444.83,319.27,125.56,0,0,0,0,0,0,0,0
2014,1852,Tjeldsund,Nordland,444.83,319.27,125.56,0,0,0,0,0,0,0,0
2005,1853,Evenes,Nordland,390.34,252.78,137.56,0,0,0,0,0,0,0,0
2006,1853,Evenes,Nordland,390.34,252.78,137.56,0,0,0,0,0,0,0,0
2007,1853,Evenes,Nordland,390.34,252.78,137.56,0,0,0,0,0,0,0,0
2008,1853,Evenes,Nordland,390.34,252.78,137.56,0,0,0,0,0,0,0,0
2009,1853,Evenes,Nordland,390.34,252.78,137.56,0,0,0,0,0,0,0,0
2010,1853,Evenes,Nordland,390.34,252.78,137.56,0,0,0,0,0,0,0,0
2011,1853,Evenes,Nordland,390.34,252.78,137.56,0,0,0,0,0,0,0,0
2012,1853,Evenes,Nordland,390.34,252.78,137.56,0,0,0,0,0,0,0,0
2013,1853,Evenes,Nordland,390.34,252.78,137.56,0,0,0,0,0,0,0,0
2014,1853,Evenes,Nordland,390.34,252.78,137.56,0,0,0,0,0,0,0,0
2005,1854,Ballangen,Nordland,1193.1300000000001,932.2,260.93,0,867720,0,467131,0,-9356,858364,858364
2006,1854,Ballangen,Nordland,1193.1300000000001,932.2,260.93,0,740853,5046,529685,23993,57752,822598,822598
2007,1854,Ballangen,Nordland,1193.1300000000001,932.2,260.93,0,885611,108676,327456,209992,-60513,1035090,1035090
2008,1854,Ballangen,Nordland,1193.1300000000001,932.2,260.93,267355,806289,123161,507059,-283309,232678,1023013,1023013
2009,1854,Ballangen,Nordland,1193.1300000000001,932.2,260.93,0,1115284,0,680704,0,35871,1151155,1151155
2010,1854,Ballangen,Nordland,1193.1300000000001,932.2,260.93,0,1298610,0,915111,0,569153,1867763,1867763
2011,1854,Ballangen,Nordland,1193.1300000000001,932.2,260.93,0,1967978,0,1002401,0,-243404,1724574,1724574
2012,1854,Ballangen,Nordland,1193.1300000000001,932.2,260.93,0,840080,0,470460,0,882468,1722548,1722548
2013,1854,Ballangen,Nordland,1193.1300000000001,932.2,260.93,0,3931579,0,2382073,0,740648,4672227,4672227
2014,1854,Ballangen,Nordland,1193.1300000000001,932.2,260.93,0,4745616,0,2641963,0,-383078,4362538,4362538
2005,1856,Rost,Nordland,3371.4,10.130000000000001,3361.27,0,0,0,0,0,0,0,0
2006,1856,Rost,Nordland,3371.4,10.130000000000001,3361.27,0,0,0,0,0,0,0,0
2007,1856,Rost,Nordland,3371.4,10.130000000000001,3361.27,0,0,0,0,0,0,0,0
2008,1856,Rost,Nordland,3371.4,10.130000000000001,3361.27,0,0,0,0,0,0,0,0
2009,1856,Rost,Nordland,3371.4,10.130000000000001,3361.27,0,0,0,0,0,0,0,0
2010,1856,Rost,Nordland,3371.4,10.130000000000001,3361.27,0,0,0,0,0,0,0,0
2011,1856,Rost,Nordland,3371.4,10.130000000000001,3361.27,0,0,0,0,0,0,0,0
2012,1856,Rost,Nordland,3371.4,10.130000000000001,3361.27,0,0,0,0,0,0,0,0
2013,1856,Rost,Nordland,3371.4,10.130000000000001,3361.27,0,0,0,0,0,0,0,0
2014,1856,Rost,Nordland,3371.4,10.130000000000001,3361.27,0,0,0,0,0,0,0,0
2005,1857,Vaeroy,Nordland,1824.15,18.64,1805.51,0,0,0,0,0,0,0,0
2006,1857,Vaeroy,Nordland,1824.15,18.64,1805.51,0,0,0,0,0,0,0,0
2007,1857,Vaeroy,Nordland,1824.15,18.64,1805.51,0,0,0,0,0,0,0,0
2008,1857,Vaeroy,Nordland,1824.15,18.64,1805.51,0,0,0,0,0,0,0,0
2009,1857,Vaeroy,Nordland,1824.15,18.64,1805.51,0,0,0,0,0,0,0,0
2010,1857,Vaeroy,Nordland,1824.15,18.64,1805.51,0,0,0,0,0,0,0,0
2011,1857,Vaeroy,Nordland,1824.15,18.64,1805.51,0,0,0,0,0,0,0,0
2012,1857,Vaeroy,Nordland,1824.15,18.64,1805.51,0,0,0,0,0,0,0,0
2013,1857,Vaeroy,Nordland,1824.15,18.64,1805.51,0,0,0,0,0,0,0,0
2014,1857,Vaeroy,Nordland,1824.15,18.64,1805.51,0,0,0,0,0,0,0,0
2005,1859,Flakstad,Nordland,1172.3900000000001,178.39,994.01,0,1748344,0,1410842,0,-96245,1652099,1652099
2006,1859,Flakstad,Nordland,1172.3900000000001,178.39,994.01,0,2727375,0,1828392,0,-4469,2722906,2722906
2007,1859,Flakstad,Nordland,1172.3900000000001,178.39,994.01,0,2100705,0,1439123,0,802224,2902929,2902929
2008,1859,Flakstad,Nordland,1172.3900000000001,178.39,994.01,0,3906372,0,2011444,0,-1832578,2073794,2073794
2009,1859,Flakstad,Nordland,1172.3900000000001,178.39,994.01,0,727764,0,813849,0,2083533,2811297,2811297
2010,1859,Flakstad,Nordland,1172.3900000000001,178.39,994.01,0,5130181,0,2355627,0,-2156142,2974039,2974039
2011,1859,Flakstad,Nordland,1172.3900000000001,178.39,994.01,0,1283316,0,1400615,0,1799168,3082484,3082484
2012,1859,Flakstad,Nordland,1172.3900000000001,178.39,994.01,0,5737383,0,2145927,0,-1759931,3977452,3977452
2013,1859,Flakstad,Nordland,1172.3900000000001,178.39,994.01,0,0,0,348066,0,1202976,1202976,1202976
2014,1859,Flakstad,Nordland,1172.3900000000001,178.39,994.01,0,3844302,0,1393543,0,-1306439,2537863,2537863
2005,1860,Vestvagoy,Nordland,2109.64,424.63,1685.01,0,0,249,1261490,1239,1163151,1164390,1164390
2006,1860,Vestvagoy,Nordland,2109.64,424.63,1685.01,320,0,6640,1664885,12399,1588914,1601633,1601633
2007,1860,Vestvagoy,Nordland,2109.64,424.63,1685.01,0,2695392,46961,2375902,65196,-242576,2518012,2518012
2008,1860,Vestvagoy,Nordland,2109.64,424.63,1685.01,0,5334600,13204,2191975,-79240,-246474,5008886,5008886
2009,1860,Vestvagoy,Nordland,2109.64,424.63,1685.01,0,5762788,0,2645362,0,558361,6321149,6321149
2010,1860,Vestvagoy,Nordland,2109.64,424.63,1685.01,0,6777060,0,3134360,0,851865,7628925,7628925
2011,1860,Vestvagoy,Nordland,2109.64,424.63,1685.01,0,6288754,5769,3759984,69225,755769,7113748,7113748
2012,1860,Vestvagoy,Nordland,2109.64,424.63,1685.01,159293,6893244,158985,3293202,95822,-49673,7098686,7098686
2013,1860,Vestvagoy,Nordland,2109.64,424.63,1685.01,177553,4877101,59886,2343126,-59468,-474155,4521031,4521031
2014,1860,Vestvagoy,Nordland,2109.64,424.63,1685.01,0,2696964,357796,736443,587634,-1276217,2008381,2008381
2005,1865,Vagan,Nordland,2087.48,479.13,1608.35,470194,5575721,520398,4373766,926837,1164429,8137181,8137181
2006,1865,Vagan,Nordland,2087.48,479.13,1608.35,904233,8667430,506232,4196072,-1047415,-741930,7782318,7782318
2007,1865,Vagan,Nordland,2087.48,479.13,1608.35,0,5197890,58061,3024092,229175,-639103,4787962,4787962
2008,1865,Vagan,Nordland,2087.48,479.13,1608.35,487885,8655378,322150,6010183,-229910,1368306,10281659,10281659
2009,1865,Vagan,Nordland,2087.48,479.13,1608.35,0,7886103,2348,3564997,0,-1067192,6818911,6818911
2010,1865,Vagan,Nordland,2087.48,479.13,1608.35,661031,8591752,208380,6480580,-206577,3626250,12672456,12672456
2011,1865,Vagan,Nordland,2087.48,479.13,1608.35,0,8878700,0,5071925,0,-866296,8012404,8012404
2012,1865,Vagan,Nordland,2087.48,479.13,1608.35,0,7370922,0,4526503,0,-816315,6554607,6554607
2013,1865,Vagan,Nordland,2087.48,479.13,1608.35,0,4180335,114942,2904563,358210,1857420,6395965,6395965
2014,1865,Vagan,Nordland,2087.48,479.13,1608.35,1130114,9898124,483268,3221279,-383369,-3503956,7140913,7140913
2005,1866,Hadsel,Nordland,1184.42,566.54999999999995,617.87,916101,8261775,286545,3867374,-355711,-1402648,7419517,7419517
2006,1866,Hadsel,Nordland,1184.42,566.54999999999995,617.87,1678288,4061098,456183,2840768,-191415,1075896,6623867,6623867
2007,1866,Hadsel,Nordland,1184.42,566.54999999999995,617.87,1193248,6452205,708226,4703725,-58376,1716031,9303108,9303108
2008,1866,Hadsel,Nordland,1184.42,566.54999999999995,617.87,350134,6716026,391398,2273294,723551,-2055364,5734347,5734347
2009,1866,Hadsel,Nordland,1184.42,566.54999999999995,617.87,1633178,6362490,433713,5041969,-683354,3899492,11211806,11211806
2010,1866,Hadsel,Nordland,1184.42,566.54999999999995,617.87,504212,8818670,510070,3535491,1219017,-1265777,9276122,9276122
2011,1866,Hadsel,Nordland,1184.42,566.54999999999995,617.87,2231085,7457337,1246646,5135860,-434996,1255371,10508797,10508797
2012,1866,Hadsel,Nordland,1184.42,566.54999999999995,617.87,1889999,5887124,843151,2493026,-78654,59975,7758444,7758444
2013,1866,Hadsel,Nordland,1184.42,566.54999999999995,617.87,3614360,9929954,2398320,6411550,1252239,866020,15662573,15662573
2014,1866,Hadsel,Nordland,1184.42,566.54999999999995,617.87,4423471,7328521,2824069,3900744,1077063,336473,13165528,13165528
2005,1867,Bo,Nordland,1825.74,246.67,1579.07,0,3673145,0,1870547,0,77821,3750966,3750966
2006,1867,Bo,Nordland,1825.74,246.67,1579.07,0,3164747,0,2634265,0,663679,3828426,3828426
2007,1867,Bo,Nordland,1825.74,246.67,1579.07,0,2883823,0,1979821,0,599482,3483305,3483305
2008,1867,Bo,Nordland,1825.74,246.67,1579.07,0,3953357,0,3126373,0,1321320,5274677,5274677
2009,1867,Bo,Nordland,1825.74,246.67,1579.07,0,4708469,0,3509034,0,164886,4873355,4873355
2010,1867,Bo,Nordland,1825.74,246.67,1579.07,0,4741060,0,4196235,0,-13829,4727231,4727231
2011,1867,Bo,Nordland,1825.74,246.67,1579.07,0,6011244,9155,3870664,0,-170885,5840359,5840359
2012,1867,Bo,Nordland,1825.74,246.67,1579.07,0,6345841,0,4268305,0,226792,6572633,6572633
2013,1867,Bo,Nordland,1825.74,246.67,1579.07,0,6085159,0,3967308,0,287546,6372705,6372705
2014,1867,Bo,Nordland,1825.74,246.67,1579.07,0,4044527,0,2528215,0,732230,4776757,4776757
2005,1868,Oksnes,Nordland,1815.18,319.5,1495.68,539616,7535728,348569,4303471,213625,691811,8980780,8980780
2006,1868,Oksnes,Nordland,1815.18,319.5,1495.68,482851,5312186,734430,4219439,993164,252260,7040461,7040461
2007,1868,Oksnes,Nordland,1815.18,319.5,1495.68,1725555,7544762,1080851,4612894,-223882,-1826697,7219738,7219738
2008,1868,Oksnes,Nordland,1815.18,319.5,1495.68,1012850,6700646,1069487,4033613,256815,1969429,9939740,9939740
2009,1868,Oksnes,Nordland,1815.18,319.5,1495.68,1898929,9826134,514472,5236168,-1042676,210104,10892491,10892491
2010,1868,Oksnes,Nordland,1815.18,319.5,1495.68,0,8585876,328611,5136803,354619,425603,9366098,9366098
2011,1868,Oksnes,Nordland,1815.18,319.5,1495.68,0,11439510,284049,5811211,-132623,-1328258,9978629,9978629
2012,1868,Oksnes,Nordland,1815.18,319.5,1495.68,639687,8093621,630858,4541861,-51981,-612802,8068525,8068525
2013,1868,Oksnes,Nordland,1815.18,319.5,1495.68,638668,9573978,217756,5136225,-567962,-752665,8892019,8892019
2014,1868,Oksnes,Nordland,1815.18,319.5,1495.68,0,7105439,0,4883613,0,533419,7638858,7638858
2005,1870,Sortland,Nordland,1093.04,721.91,371.13,0,2330055,0,1907872,0,519316,2849371,2849371
2006,1870,Sortland,Nordland,1093.04,721.91,371.13,0,3904452,0,2486181,0,170877,4075329,4075329
2007,1870,Sortland,Nordland,1093.04,721.91,371.13,0,4614318,0,1862412,0,-1161628,3452690,3452690
2008,1870,Sortland,Nordland,1093.04,721.91,371.13,0,1569475,0,826867,0,655483,2224958,2224958
2009,1870,Sortland,Nordland,1093.04,721.91,371.13,0,4154822,0,2445547,0,-1523,4153299,4153299
2010,1870,Sortland,Nordland,1093.04,721.91,371.13,0,2762145,0,1331069,0,188349,2950494,2950494
2011,1870,Sortland,Nordland,1093.04,721.91,371.13,0,4479340,0,2875887,0,884709,5364049,5364049
2012,1870,Sortland,Nordland,1093.04,721.91,371.13,196483,4551371,47985,3243822,0,945420,5693274,5693274
2013,1870,Sortland,Nordland,1093.04,721.91,371.13,153526,6544237,26407,3161033,0,-460639,6237124,6237124
2014,1870,Sortland,Nordland,1093.04,721.91,371.13,0,7769994,115209,3675840,108488,1158823,9037305,9037305
2005,1871,Andoy,Nordland,2793.08,656.12,2136.96,0,0,0,0,0,0,0,0
2006,1871,Andoy,Nordland,2793.08,656.12,2136.96,0,0,0,0,0,0,0,0
2007,1871,Andoy,Nordland,2793.08,656.12,2136.96,0,0,0,0,0,0,0,0
2008,1871,Andoy,Nordland,2793.08,656.12,2136.96,0,0,0,0,0,0,0,0
2009,1871,Andoy,Nordland,2793.08,656.12,2136.96,0,0,0,0,0,0,0,0
2010,1871,Andoy,Nordland,2793.08,656.12,2136.96,0,0,0,0,0,0,0,0
2011,1871,Andoy,Nordland,2793.08,656.12,2136.96,0,0,0,0,0,0,0,0
2012,1871,Andoy,Nordland,2793.08,656.12,2136.96,0,0,0,0,0,0,0,0
2013,1871,Andoy,Nordland,2793.08,656.12,2136.96,0,0,0,0,0,0,0,0
2014,1871,Andoy,Nordland,2793.08,656.12,2136.96,0,0,0,0,0,0,0,0
2005,1874,Moskenes,Nordland,1592.45,118.61,1473.84,0,0,0,0,0,0,0,0
2006,1874,Moskenes,Nordland,1592.45,118.61,1473.84,0,0,0,0,0,0,0,0
2007,1874,Moskenes,Nordland,1592.45,118.61,1473.84,0,0,0,0,0,0,0,0
2008,1874,Moskenes,Nordland,1592.45,118.61,1473.84,0,0,0,0,0,0,0,0
2009,1874,Moskenes,Nordland,1592.45,118.61,1473.84,0,0,0,0,0,0,0,0
2010,1874,Moskenes,Nordland,1592.45,118.61,1473.84,0,0,0,0,0,0,0,0
2011,1874,Moskenes,Nordland,1592.45,118.61,1473.84,0,0,0,0,0,0,0,0
2012,1874,Moskenes,Nordland,1592.45,118.61,1473.84,0,0,0,0,0,0,0,0
2013,1874,Moskenes,Nordland,1592.45,118.61,1473.84,0,0,0,0,0,0,0,0
2014,1874,Moskenes,Nordland,1592.45,118.61,1473.84,0,0,0,48045,0,220746,220746,220746
2005,1902,Tromso,Troms,5287.93,2520.6,2767.33,0,1826940,0,2032599,0,1842024,3668964,3668964
2006,1902,Tromso,Troms,5287.93,2520.6,2767.33,0,4285715,0,2868249,0,102391,4388106,4388106
2007,1902,Tromso,Troms,5287.93,2520.6,2767.33,0,4979253,0,3949838,0,2219388,7198641,7198641
2008,1902,Tromso,Troms,5287.93,2520.6,2767.33,0,6809706,0,3625607,0,152592,6962298,6962298
2009,1902,Tromso,Troms,5287.93,2520.6,2767.33,0,6078655,0,4380286,0,1974962,8053617,8053617
2010,1902,Tromso,Troms,5287.93,2520.6,2767.33,0,8981923,0,6357290,0,1593277,10575200,10575200
2011,1902,Tromso,Troms,5287.93,2520.6,2767.33,0,11403904,0,5369215,0,-2203906,9199998,9199998
2012,1902,Tromso,Troms,5287.93,2520.6,2767.33,0,5340325,0,3850859,0,3496870,8837195,8837195
2013,1902,Tromso,Troms,5287.93,2520.6,2767.33,0,14396384,0,7079390,0,-2316796,12079588,12079588
2014,1902,Tromso,Troms,5287.93,2520.6,2767.33,0,5870337,0,5336853,0,7473932,13344269,13344269
2005,1903,Harstad,Troms,1520.39,445.14,1075.25,0,4108661,0,2333770,0,100244,4208905,4208905
2006,1903,Harstad,Troms,1520.39,445.14,1075.25,0,2971816,0,2669531,0,397189,3369005,3369005
2007,1903,Harstad,Troms,1520.39,445.14,1075.25,0,4107454,168666,1666291,473567,-1621529,2959492,2959492
2008,1903,Harstad,Troms,1520.39,445.14,1075.25,1082519,1348820,455108,2798805,-498558,3257199,5189980,5189980
2009,1903,Harstad,Troms,1520.39,445.14,1075.25,0,7425671,129100,3815862,410909,1730521,9567101,9567101
2010,1903,Harstad,Troms,1520.39,445.14,1075.25,1237475,9299030,547118,5950406,-372461,1260871,11424915,11424915
2011,1903,Harstad,Troms,1520.39,445.14,1075.25,0,12770385,388158,5374377,836419,-1965119,11641685,11641685
2012,1903,Harstad,Troms,1520.39,445.14,1075.25,1308021,11566152,395770,7780180,-621340,6919360,19172193,19172193
2013,1903,Harstad,Troms,1520.39,445.14,1075.25,0,20236576,0,8473510,0,-6674489,13562087,13562087
2014,1903,Harstad,Troms,1520.39,445.14,1075.25,0,10634723,0,8751731,0,6991548,17626271,17626271
2005,1911,Kvaefjord,Troms,701.58,512.54999999999995,189.03,763905,2554627,459592,2209449,-31890,1183452,4470094,4470094
2006,1911,Kvaefjord,Troms,701.58,512.54999999999995,189.03,1082257,3283997,946798,1900714,377175,161484,4904913,4904913
2007,1911,Kvaefjord,Troms,701.58,512.54999999999995,189.03,1216980,4480296,971525,3271707,-170528,149037,5675785,5675785
2008,1911,Kvaefjord,Troms,701.58,512.54999999999995,189.03,917673,5475865,811371,2631983,300201,-1294526,5399213,5399213
2009,1911,Kvaefjord,Troms,701.58,512.54999999999995,189.03,2540223,7527662,1565436,4311394,455378,1208750,11732013,11732013
2010,1911,Kvaefjord,Troms,701.58,512.54999999999995,189.03,2173661,7891706,451811,3508778,-1346238,-1123843,7595286,7595286
2011,1911,Kvaefjord,Troms,701.58,512.54999999999995,189.03,269128,3791626,326077,3232881,517336,444356,5022446,5022446
2012,1911,Kvaefjord,Troms,701.58,512.54999999999995,189.03,1616056,8215316,1177668,4687819,391305,499117,10721794,10721794
2013,1911,Kvaefjord,Troms,701.58,512.54999999999995,189.03,3379663,8147916,410755,2793156,-1117524,-4387742,6022313,6022313
2014,1911,Kvaefjord,Troms,701.58,512.54999999999995,189.03,0,0,492091,1880987,1196928,5345649,6542577,6542577
2005,1913,Skanland,Troms,580.75,495,85.75,0,1893334,0,848487,0,652011,2545345,2545345
2006,1913,Skanland,Troms,580.75,495,85.75,0,4596796,0,3649527,0,1566514,6163310,6163310
2007,1913,Skanland,Troms,580.75,495,85.75,0,5524244,177495,2664074,481130,440019,6445393,6445393
2008,1913,Skanland,Troms,580.75,495,85.75,1317824,5283415,564828,1796850,-514946,-3057351,3028942,3028942
2009,1913,Skanland,Troms,580.75,495,85.75,0,0,0,616454,0,2166154,2166154,2166154
2010,1913,Skanland,Troms,580.75,495,85.75,0,5171534,17388,3538352,87165,-266741,4991958,4991958
2011,1913,Skanland,Troms,580.75,495,85.75,0,2175982,601733,130486,1483783,-1277029,2382736,2382736
2012,1913,Skanland,Troms,580.75,495,85.75,1753230,0,480284,884291,-1779768,2931957,2905419,2905419
2013,1913,Skanland,Troms,580.75,495,85.75,0,6145922,0,3531239,0,-1193125,4952797,4952797
2014,1913,Skanland,Troms,580.75,495,85.75,0,2102813,0,1211901,0,2941180,5043993,5043993
2005,1917,Ibestad,Troms,592.72,241.06,351.66,0,4430965,0,2044586,0,-1273096,3157869,3157869
2006,1917,Ibestad,Troms,592.72,241.06,351.66,0,2706227,0,2376290,0,2479483,5185710,5185710
2007,1917,Ibestad,Troms,592.72,241.06,351.66,0,3798986,0,1241639,0,-1677094,2121892,2121892
2008,1917,Ibestad,Troms,592.72,241.06,351.66,0,2736099,0,3181195,0,3460710,6196809,6196809
2009,1917,Ibestad,Troms,592.72,241.06,351.66,0,9616308,0,3759073,0,-4000555,5615753,5615753
2010,1917,Ibestad,Troms,592.72,241.06,351.66,0,586951,679,2651058,0,6892791,7479742,7479742
2011,1917,Ibestad,Troms,592.72,241.06,351.66,0,11684482,0,6370355,0,-1130242,10554240,10554240
2012,1917,Ibestad,Troms,592.72,241.06,351.66,0,12013298,0,5759264,0,-258729,11754569,11754569
2013,1917,Ibestad,Troms,592.72,241.06,351.66,0,4053509,0,4872798,0,7675480,11728989,11728989
2014,1917,Ibestad,Troms,592.72,241.06,351.66,0,17892790,0,9323812,0,-2415758,15477032,15477032
2005,1919,Gratangen,Troms,374.67,312.74,61.93,0,720263,0,2358635,0,2238792,2959055,2959055
2006,1919,Gratangen,Troms,374.67,312.74,61.93,0,1742535,0,1446575,0,-1057306,685229,685229
2007,1919,Gratangen,Troms,374.67,312.74,61.93,0,1074112,0,2765205,0,1208363,2282475,2282475
2008,1919,Gratangen,Troms,374.67,312.74,61.93,0,438651,0,424684,0,-2043875,-1605224,0
2009,1919,Gratangen,Troms,374.67,312.74,61.93,0,0,0,535289,0,1901242,1901242,1901242
2010,1919,Gratangen,Troms,374.67,312.74,61.93,0,4634657,0,2106604,0,-1812316,2822341,2822341
2011,1919,Gratangen,Troms,374.67,312.74,61.93,0,0,0,0,0,0,0,0
2012,1919,Gratangen,Troms,374.67,312.74,61.93,0,0,0,0,0,0,0,0
2013,1919,Gratangen,Troms,374.67,312.74,61.93,0,972071,0,169572,0,331331,1303402,1303402
2014,1919,Gratangen,Troms,374.67,312.74,61.93,0,1355309,0,588083,0,-146925,1208384,1208384
2005,1920,Lavangen,Troms,324.56,301.63,22.93,0,0,0,168942,0,588360,588360,588360
2006,1920,Lavangen,Troms,324.56,301.63,22.93,0,716407,0,1531503,0,1501274,2217681,2217681
2007,1920,Lavangen,Troms,324.56,301.63,22.93,0,71129,0,869999,0,-2038463,-1967334,0
2008,1920,Lavangen,Troms,324.56,301.63,22.93,0,1027160,0,1570436,0,3316520,4343680,4343680
2009,1920,Lavangen,Troms,324.56,301.63,22.93,0,7002552,0,2997894,0,-2589919,4412633,4412633
2010,1920,Lavangen,Troms,324.56,301.63,22.93,0,1085045,0,507456,0,1092471,2177516,2177516
2011,1920,Lavangen,Troms,324.56,301.63,22.93,0,1824998,0,2536745,0,414278,2239276,2239276
2012,1920,Lavangen,Troms,324.56,301.63,22.93,0,1931110,0,655822,0,10161,1941271,1941271
2013,1920,Lavangen,Troms,324.56,301.63,22.93,0,1700536,0,2480708,0,634012,2334548,2334548
2014,1920,Lavangen,Troms,324.56,301.63,22.93,0,701238,0,721436,0,-2198306,-1497068,0
2005,1923,Salangen,Troms,521.55999999999995,457.96,63.61,0,1469389,0,1024822,0,667108,2136497,2136497
2006,1923,Salangen,Troms,521.55999999999995,457.96,63.61,0,1998972,1228,773671,8761,-1610052,397681,397681
2007,1923,Salangen,Troms,521.55999999999995,457.96,63.61,0,543080,22879,819494,-10660,-681773,-149353,0
2008,1923,Salangen,Troms,521.55999999999995,457.96,63.61,0,0,0,0,0,0,0,0
2009,1923,Salangen,Troms,521.55999999999995,457.96,63.61,0,0,0,498316,0,1836136,1836136,1836136
2010,1923,Salangen,Troms,521.55999999999995,457.96,63.61,0,3094740,49348,1639978,0,-2050454,1044286,1044286
2011,1923,Salangen,Troms,521.55999999999995,457.96,63.61,0,972344,0,30695,0,0,972344,972344
2012,1923,Salangen,Troms,521.55999999999995,457.96,63.61,0,1565423,0,582202,0,2077295,3642718,3642718
2013,1923,Salangen,Troms,521.55999999999995,457.96,63.61,0,8905461,0,1111140,0,-2482816,6422645,6422645
2014,1923,Salangen,Troms,521.55999999999995,457.96,63.61,0,3940973,0,632945,0,1763115,5704088,5704088
2005,1924,Malselv,Troms,3356.41,3322.09,34.32,0,0,0,0,0,0,0,0
2006,1924,Malselv,Troms,3356.41,3322.09,34.32,0,0,0,0,0,0,0,0
2007,1924,Malselv,Troms,3356.41,3322.09,34.32,0,0,0,0,0,0,0,0
2008,1924,Malselv,Troms,3356.41,3322.09,34.32,0,0,0,0,0,0,0,0
2009,1924,Malselv,Troms,3356.41,3322.09,34.32,0,0,0,0,0,0,0,0
2010,1924,Malselv,Troms,3356.41,3322.09,34.32,0,0,0,0,0,0,0,0
2011,1924,Malselv,Troms,3356.41,3322.09,34.32,0,0,0,0,0,0,0,0
2012,1924,Malselv,Troms,3356.41,3322.09,34.32,0,0,0,0,0,0,0,0
2013,1924,Malselv,Troms,3356.41,3322.09,34.32,0,0,0,0,0,0,0,0
2014,1924,Malselv,Troms,3356.41,3322.09,34.32,0,0,0,0,0,0,0,0
2005,1925,Sorreisa,Troms,391.03,361.16,29.87,0,0,0,0,0,0,0,0
2006,1925,Sorreisa,Troms,391.03,361.16,29.87,0,0,0,0,0,0,0,0
2007,1925,Sorreisa,Troms,391.03,361.16,29.87,0,0,0,0,0,0,0,0
2008,1925,Sorreisa,Troms,391.03,361.16,29.87,0,0,0,0,0,0,0,0
2009,1925,Sorreisa,Troms,391.03,361.16,29.87,0,0,0,0,0,0,0,0
2010,1925,Sorreisa,Troms,391.03,361.16,29.87,0,0,0,0,0,0,0,0
2011,1925,Sorreisa,Troms,391.03,361.16,29.87,0,0,0,310705,0,1027668,1027668,1027668
2012,1925,Sorreisa,Troms,391.03,361.16,29.87,0,1997094,0,2194740,0,124399,2121493,2121493
2013,1925,Sorreisa,Troms,391.03,361.16,29.87,0,0,0,633458,0,1564189,1564189,1564189
2014,1925,Sorreisa,Troms,391.03,361.16,29.87,0,194474,0,2218307,0,-2407175,-2212701,0
2005,1926,Dyroy,Troms,469.75,288.54000000000002,181.21,0,2834964,0,3329507,0,1040904,3875868,3875868
2006,1926,Dyroy,Troms,469.75,288.54000000000002,181.21,0,4576388,0,1868838,0,-839937,3736451,3736451
2007,1926,Dyroy,Troms,469.75,288.54000000000002,181.21,0,3778630,0,4501806,0,4533052,8311682,8311682
2008,1926,Dyroy,Troms,469.75,288.54000000000002,181.21,0,10247885,0,5291071,0,922728,11170613,11170613
2009,1926,Dyroy,Troms,469.75,288.54000000000002,181.21,0,8132236,0,2235780,0,-2453992,5678244,5678244
2010,1926,Dyroy,Troms,469.75,288.54000000000002,181.21,0,1102609,148471,1639567,448801,3326643,4878053,4878053
2011,1926,Dyroy,Troms,469.75,288.54000000000002,181.21,1507866,5599913,608728,3019713,-489948,3531288,10149119,10149119
2012,1926,Dyroy,Troms,469.75,288.54000000000002,181.21,0,14819609,0,5836032,0,-6279477,8540132,8540132
2013,1926,Dyroy,Troms,469.75,288.54000000000002,181.21,0,1553098,0,3736266,0,9692757,11245855,11245855
2014,1926,Dyroy,Troms,469.75,288.54000000000002,181.21,0,18368215,0,8757449,0,-3998269,14369946,14369946
2005,1927,Tranoy,Troms,938.43,523.87,414.56,0,2677072,0,2937869,0,3246983,5924055,5924055
2006,1927,Tranoy,Troms,938.43,523.87,414.56,0,4672659,21667,2654160,85270,405639,5163568,5163568
2007,1927,Tranoy,Troms,938.43,523.87,414.56,0,6309620,400383,5003653,906877,2114843,9331340,9331340
2008,1927,Tranoy,Troms,938.43,523.87,414.56,1097088,5779138,219504,1905763,-1074400,-3190706,2611120,2611120
2009,1927,Tranoy,Troms,938.43,523.87,414.56,0,4128699,0,5435899,0,8051313,12180012,12180012
2010,1927,Tranoy,Troms,938.43,523.87,414.56,0,13380992,0,6021331,0,-7223997,6156995,6156995
2011,1927,Tranoy,Troms,938.43,523.87,414.56,0,2854434,0,5118326,0,7354270,10208704,10208704
2012,1927,Tranoy,Troms,938.43,523.87,414.56,0,16384751,0,8241317,0,-2293172,14091579,14091579
2013,1927,Tranoy,Troms,938.43,523.87,414.56,0,9047535,0,7962081,0,5880958,14928493,14928493
2014,1927,Tranoy,Troms,938.43,523.87,414.56,0,21243956,0,7001360,0,-10277796,10966160,10966160
2005,1928,Torsken,Troms,1076.0999999999999,243.42,832.68,159545,4777962,76542,2120001,-126087,-1314920,3496500,3496500
2006,1928,Torsken,Troms,1076.0999999999999,243.42,832.68,0,5284974,0,3789211,0,4129126,9414100,9414100
2007,1928,Torsken,Troms,1076.0999999999999,243.42,832.68,0,8863553,61007,3326575,176304,-1362450,7677407,7677407
2008,1928,Torsken,Troms,1076.0999999999999,243.42,832.68,628790,8797759,333258,3585678,516149,2760981,12703679,12703679
2009,1928,Torsken,Troms,1076.0999999999999,243.42,832.68,931722,7886088,275913,4069593,-792305,904856,8930361,8930361
2010,1928,Torsken,Troms,1076.0999999999999,243.42,832.68,0,8777630,0,5022531,0,2892478,11670108,11670108
2011,1928,Torsken,Troms,1076.0999999999999,243.42,832.68,0,14538772,0,6660243,0,-2001451,12537321,12537321
2012,1928,Torsken,Troms,1076.0999999999999,243.42,832.68,0,10754589,0,3646583,0,-1195929,9558660,9558660
2013,1928,Torsken,Troms,1076.0999999999999,243.42,832.68,0,7179884,0,4121300,0,3659565,10839449,10839449
2014,1928,Torsken,Troms,1076.0999999999999,243.42,832.68,0,16478404,0,8573316,0,2907677,19386081,19386081
2005,1929,Berg,Troms,1130.55,293.89,836.66,0,329625,0,1834292,0,3029667,3359292,3359292
2006,1929,Berg,Troms,1130.55,293.89,836.66,0,4876417,7242,3379744,34199,-1858927,3051689,3051689
2007,1929,Berg,Troms,1130.55,293.89,836.66,0,660062,44790,1388875,107066,1234839,2001967,2001967
2008,1929,Berg,Troms,1130.55,293.89,836.66,0,0,53768,1649948,-63467,-934494,-997961,0
2009,1929,Berg,Troms,1130.55,293.89,836.66,38000,568000,36159,2232239,-48488,1743421,2300933,2300933
2010,1929,Berg,Troms,1130.55,293.89,836.66,0,5761889,0,2575782,0,-2121604,3640285,3640285
2011,1929,Berg,Troms,1130.55,293.89,836.66,0,3938582,0,2469890,0,-972067,2966515,2966515
2012,1929,Berg,Troms,1130.55,293.89,836.66,0,0,0,1659862,0,1045892,1045892,1045892
2013,1929,Berg,Troms,1130.55,293.89,836.66,0,2571769,0,4008714,0,2020879,4592648,4592648
2014,1929,Berg,Troms,1130.55,293.89,836.66,0,3610891,0,1079086,0,323623,3934514,3934514
2005,1931,Lenvik,Troms,1586.68,883.73,702.95,0,932952,0,743858,0,245006,1177958,1177958
2006,1931,Lenvik,Troms,1586.68,883.73,702.95,0,2317553,0,723331,0,48849,2366402,2366402
2007,1931,Lenvik,Troms,1586.68,883.73,702.95,0,2097859,0,614596,0,352678,2450537,2450537
2008,1931,Lenvik,Troms,1586.68,883.73,702.95,0,3476782,161983,2225944,392974,3693357,7563113,7563113
2009,1931,Lenvik,Troms,1586.68,883.73,702.95,456863,8380932,89361,2936824,-429597,-2940148,5468050,5468050
2010,1931,Lenvik,Troms,1586.68,883.73,702.95,0,863991,0,1384193,0,2167912,3031903,3031903
2011,1931,Lenvik,Troms,1586.68,883.73,702.95,0,6383595,0,4541689,0,1204417,7588012,7588012
2012,1931,Lenvik,Troms,1586.68,883.73,702.95,0,6581508,0,3371548,0,35823,6617331,6617331
2013,1931,Lenvik,Troms,1586.68,883.73,702.95,0,8407255,0,4227930,0,-1408699,6998556,6998556
2014,1931,Lenvik,Troms,1586.68,883.73,702.95,0,4160156,0,4274477,0,4196905,8357061,8357061
2005,1933,Balsfjord,Troms,1741.71,1496.9,244.81,0,0,0,0,0,0,0,0
2006,1933,Balsfjord,Troms,1741.71,1496.9,244.81,0,0,0,0,0,0,0,0
2007,1933,Balsfjord,Troms,1741.71,1496.9,244.81,0,0,0,0,0,0,0,0
2008,1933,Balsfjord,Troms,1741.71,1496.9,244.81,0,0,0,0,0,0,0,0
2009,1933,Balsfjord,Troms,1741.71,1496.9,244.81,0,0,0,0,0,0,0,0
2010,1933,Balsfjord,Troms,1741.71,1496.9,244.81,0,0,0,0,0,0,0,0
2011,1933,Balsfjord,Troms,1741.71,1496.9,244.81,0,0,0,0,0,0,0,0
2012,1933,Balsfjord,Troms,1741.71,1496.9,244.81,0,0,0,0,0,0,0,0
2013,1933,Balsfjord,Troms,1741.71,1496.9,244.81,0,0,0,0,0,0,0,0
2014,1933,Balsfjord,Troms,1741.71,1496.9,244.81,0,0,0,0,0,0,0,0
2005,1936,Karlsoy,Troms,5888.34,1091.5899999999999,4796.75,0,350834,0,1786502,0,2044650,2395484,2395484
2006,1936,Karlsoy,Troms,5888.34,1091.5899999999999,4796.75,0,5144302,0,3484688,0,-72844,5071458,5071458
2007,1936,Karlsoy,Troms,5888.34,1091.5899999999999,4796.75,0,4163291,0,2697021,0,-356719,3806572,3806572
2008,1936,Karlsoy,Troms,5888.34,1091.5899999999999,4796.75,0,5782106,0,4544200,0,812344,6594450,6594450
2009,1936,Karlsoy,Troms,5888.34,1091.5899999999999,4796.75,0,7224541,0,3448979,0,-1254521,5970020,5970020
2010,1936,Karlsoy,Troms,5888.34,1091.5899999999999,4796.75,0,5189379,0,6081856,0,4687201,9876580,9876580
2011,1936,Karlsoy,Troms,5888.34,1091.5899999999999,4796.75,0,15112686,0,7334312,0,-6209683,8903003,8903003
2012,1936,Karlsoy,Troms,5888.34,1091.5899999999999,4796.75,0,6161918,0,4439299,0,430694,6592612,6592612
2013,1936,Karlsoy,Troms,5888.34,1091.5899999999999,4796.75,0,7835466,0,4153453,0,-1425814,6409652,6409652
2014,1936,Karlsoy,Troms,5888.34,1091.5899999999999,4796.75,0,8686564,0,7724088,0,3313080,11999644,11999644
2005,1938,Lyngen,Troms,1299.6400000000001,812.56,487.07,0,2479594,0,899035,0,708351,3187945,3187945
2006,1938,Lyngen,Troms,1299.6400000000001,812.56,487.07,0,427602,0,531838,0,864198,1291800,1291800
2007,1938,Lyngen,Troms,1299.6400000000001,812.56,487.07,0,1970902,0,2604798,0,1377266,3348168,3348168
2008,1938,Lyngen,Troms,1299.6400000000001,812.56,487.07,0,3349988,0,651706,0,-1192766,2157222,2157222
2009,1938,Lyngen,Troms,1299.6400000000001,812.56,487.07,0,3344669,0,2200578,0,901441,4246110,4246110
2010,1938,Lyngen,Troms,1299.6400000000001,812.56,487.07,0,2371708,0,681293,0,-1485596,886112,886112
2011,1938,Lyngen,Troms,1299.6400000000001,812.56,487.07,0,1993452,0,2233469,0,2254234,4247686,4247686
2012,1938,Lyngen,Troms,1299.6400000000001,812.56,487.07,0,3815821,0,682307,0,-2670819,1145002,1145002
2013,1938,Lyngen,Troms,1299.6400000000001,812.56,487.07,0,837969,0,1930762,0,2637769,3475738,3475738
2014,1938,Lyngen,Troms,1299.6400000000001,812.56,487.07,0,4167330,0,1146927,0,-2384337,1782993,1782993
2005,1939,Storfjord,Troms,1605.43,1542.83,62.6,0,0,0,0,0,0,0,0
2006,1939,Storfjord,Troms,1605.43,1542.83,62.6,0,0,0,0,0,0,0,0
2007,1939,Storfjord,Troms,1605.43,1542.83,62.6,0,0,0,0,0,0,0,0
2008,1939,Storfjord,Troms,1605.43,1542.83,62.6,0,0,0,0,0,0,0,0
2009,1939,Storfjord,Troms,1605.43,1542.83,62.6,0,0,0,0,0,0,0,0
2010,1939,Storfjord,Troms,1605.43,1542.83,62.6,0,0,0,0,0,0,0,0
2011,1939,Storfjord,Troms,1605.43,1542.83,62.6,0,0,0,0,0,0,0,0
2012,1939,Storfjord,Troms,1605.43,1542.83,62.6,0,0,0,0,0,0,0,0
2013,1939,Storfjord,Troms,1605.43,1542.83,62.6,0,0,0,0,0,0,0,0
2014,1939,Storfjord,Troms,1605.43,1542.83,62.6,0,0,0,0,0,0,0,0
2005,1940,Kafjord,Troms,1115.3499999999999,991.18,124.17,0,3609299,0,3042010,0,-1051684,2557615,2557615
2006,1940,Kafjord,Troms,1115.3499999999999,991.18,124.17,0,2556386,0,1160010,0,-347200,2209186,2209186
2007,1940,Kafjord,Troms,1115.3499999999999,991.18,124.17,0,6630993,0,2845122,0,-2173865,4457128,4457128
2008,1940,Kafjord,Troms,1115.3499999999999,991.18,124.17,0,0,0,493075,0,1649773,1649773,1649773
2009,1940,Kafjord,Troms,1115.3499999999999,991.18,124.17,0,5319854,0,2364062,0,-1831145,3488709,3488709
2010,1940,Kafjord,Troms,1115.3499999999999,991.18,124.17,0,0,0,0,0,0,0,0
2011,1940,Kafjord,Troms,1115.3499999999999,991.18,124.17,0,0,0,279913,0,1033310,1033310,1033310
2012,1940,Kafjord,Troms,1115.3499999999999,991.18,124.17,0,3018399,0,2497847,0,2077010,5095409,5095409
2013,1940,Kafjord,Troms,1115.3499999999999,991.18,124.17,0,4535175,0,1567610,0,1656683,6191858,6191858
2014,1940,Kafjord,Troms,1115.3499999999999,991.18,124.17,0,3626107,0,1066904,0,-2656492,969615,969615
2005,1941,Skjervoy,Troms,1561.7,473.7,1088,178515,4412739,2649,2275684,14098,2166194,6771546,6771546
2006,1941,Skjervoy,Troms,1561.7,473.7,1088,0,7230400,99614,4449840,229994,69978,7530372,7530372
2007,1941,Skjervoy,Troms,1561.7,473.7,1088,291491,5051055,236366,2096065,120267,501683,5964496,5964496
2008,1941,Skjervoy,Troms,1561.7,473.7,1088,435671,9142118,144357,4431263,-444687,-1609414,7523688,7523688
2009,1941,Skjervoy,Troms,1561.7,473.7,1088,0,3681982,0,2222713,0,2951098,6633080,6633080
2010,1941,Skjervoy,Troms,1561.7,473.7,1088,0,11173942,0,5370174,0,-1092693,10081249,10081249
2011,1941,Skjervoy,Troms,1561.7,473.7,1088,0,3704649,0,2983665,0,3329609,7034258,7034258
2012,1941,Skjervoy,Troms,1561.7,473.7,1088,0,13181916,0,7002522,0,-76873,13105043,13105043
2013,1941,Skjervoy,Troms,1561.7,473.7,1088,0,11066742,0,5213130,0,886920,11953662,11953662
2014,1941,Skjervoy,Troms,1561.7,473.7,1088,0,13209300,0,5873445,0,-682102,12527198,12527198
2005,1942,Nordreisa,Troms,3681.17,3437.45,243.72,105958,1952600,43358,1867247,0,1220031,3278589,3278589
2006,1942,Nordreisa,Troms,3681.17,3437.45,243.72,0,3737744,0,2723649,0,1508682,5246426,5246426
2007,1942,Nordreisa,Troms,3681.17,3437.45,243.72,0,4383257,0,2858992,0,1429498,5812755,5812755
2008,1942,Nordreisa,Troms,3681.17,3437.45,243.72,0,5001448,0,3636147,0,383354,5384802,5384802
2009,1942,Nordreisa,Troms,3681.17,3437.45,243.72,0,5119708,0,3819120,0,1440647,6560355,6560355
2010,1942,Nordreisa,Troms,3681.17,3437.45,243.72,0,7027058,0,3726619,0,-1710727,5316331,5316331
2011,1942,Nordreisa,Troms,3681.17,3437.45,243.72,0,3637254,0,1010451,0,-1734059,1903195,1903195
2012,1942,Nordreisa,Troms,3681.17,3437.45,243.72,0,3655982,0,3298501,0,3538253,7194235,7194235
2013,1942,Nordreisa,Troms,3681.17,3437.45,243.72,0,11273658,0,4452741,0,-5388004,5885654,5885654
2014,1942,Nordreisa,Troms,3681.17,3437.45,243.72,0,0,0,862517,0,2881225,2881225,2881225
2005,1943,Kvaenangen,Troms,2682.48,2109.4699999999998,573.01,0,4846059,0,2935577,0,763865,5609924,5609924
2006,1943,Kvaenangen,Troms,2682.48,2109.4699999999998,573.01,0,4777086,0,3248162,0,-184022,4593064,4593064
2007,1943,Kvaenangen,Troms,2682.48,2109.4699999999998,573.01,0,5789995,3368,3282409,19144,460946,6270085,6270085
2008,1943,Kvaenangen,Troms,2682.48,2109.4699999999998,573.01,0,6029369,80981,3737563,161685,603426,6794480,6794480
2009,1943,Kvaenangen,Troms,2682.48,2109.4699999999998,573.01,243211,5825327,99513,3685259,-204932,487303,6350909,6350909
2010,1943,Kvaenangen,Troms,2682.48,2109.4699999999998,573.01,0,7546025,0,4396660,0,193617,7739642,7739642
2011,1943,Kvaenangen,Troms,2682.48,2109.4699999999998,573.01,0,6444461,0,3722339,0,281511,6725972,6725972
2012,1943,Kvaenangen,Troms,2682.48,2109.4699999999998,573.01,0,7463024,0,4197494,0,-224437,7238587,7238587
2013,1943,Kvaenangen,Troms,2682.48,2109.4699999999998,573.01,0,8029935,0,4073755,0,735363,8765298,8765298
2014,1943,Kvaenangen,Troms,2682.48,2109.4699999999998,573.01,0,8580142,0,6070514,0,9625918,18206060,18206060
2005,2002,Vardo,Finnmark,2487.5300000000002,600.62,1886.91,0,0,0,0,0,0,0,0
2006,2002,Vardo,Finnmark,2487.5300000000002,600.62,1886.91,0,0,0,0,0,0,0,0
2007,2002,Vardo,Finnmark,2487.5300000000002,600.62,1886.91,0,0,0,0,0,0,0,0
2008,2002,Vardo,Finnmark,2487.5300000000002,600.62,1886.91,0,0,0,0,0,0,0,0
2009,2002,Vardo,Finnmark,2487.5300000000002,600.62,1886.91,0,0,0,0,0,0,0,0
2010,2002,Vardo,Finnmark,2487.5300000000002,600.62,1886.91,0,0,0,0,0,0,0,0
2011,2002,Vardo,Finnmark,2487.5300000000002,600.62,1886.91,0,0,0,0,0,0,0,0
2012,2002,Vardo,Finnmark,2487.5300000000002,600.62,1886.91,0,0,0,0,0,0,0,0
2013,2002,Vardo,Finnmark,2487.5300000000002,600.62,1886.91,0,0,0,0,0,0,0,0
2014,2002,Vardo,Finnmark,2487.5300000000002,600.62,1886.91,0,0,0,0,0,0,0,0
2005,2003,Vadso,Finnmark,1962.98,1257.6500000000001,705.34,0,0,0,0,0,0,0,0
2006,2003,Vadso,Finnmark,1962.98,1257.6500000000001,705.34,0,0,0,0,0,0,0,0
2007,2003,Vadso,Finnmark,1962.98,1257.6500000000001,705.34,0,0,0,0,0,0,0,0
2008,2003,Vadso,Finnmark,1962.98,1257.6500000000001,705.34,0,0,0,0,0,0,0,0
2009,2003,Vadso,Finnmark,1962.98,1257.6500000000001,705.34,0,0,0,0,0,0,0,0
2010,2003,Vadso,Finnmark,1962.98,1257.6500000000001,705.34,0,0,0,0,0,0,0,0
2011,2003,Vadso,Finnmark,1962.98,1257.6500000000001,705.34,0,0,0,0,0,0,0,0
2012,2003,Vadso,Finnmark,1962.98,1257.6500000000001,705.34,0,0,0,0,0,0,0,0
2013,2003,Vadso,Finnmark,1962.98,1257.6500000000001,705.34,0,0,0,0,0,0,0,0
2014,2003,Vadso,Finnmark,1962.98,1257.6500000000001,705.34,0,0,0,0,0,0,0,0
2005,2004,Hammerfest,Finnmark,3227.78,848.2,2379.58,0,8862793,0,3192253,0,-5162685,3700108,3700108
2006,2004,Hammerfest,Finnmark,3227.78,848.2,2379.58,0,1301918,0,586496,0,116049,1417967,1417967
2007,2004,Hammerfest,Finnmark,3227.78,848.2,2379.58,0,1101314,0,3685956,0,6001586,7102900,7102900
2008,2004,Hammerfest,Finnmark,3227.78,848.2,2379.58,0,8741048,0,7000146,0,2452381,11193429,11193429
2009,2004,Hammerfest,Finnmark,3227.78,848.2,2379.58,0,12759532,0,7832287,0,-340594,12418938,12418938
2010,2004,Hammerfest,Finnmark,3227.78,848.2,2379.58,0,8856950,0,7580246,0,1875545,10732495,10732495
2011,2004,Hammerfest,Finnmark,3227.78,848.2,2379.58,0,11356254,0,12315408,0,8462278,19818532,19818532
2012,2004,Hammerfest,Finnmark,3227.78,848.2,2379.58,0,21270786,0,9357787,0,-7857727,13413059,13413059
2013,2004,Hammerfest,Finnmark,3227.78,848.2,2379.58,0,10790406,0,12880428,0,7943604,18734010,18734010
2014,2004,Hammerfest,Finnmark,3227.78,848.2,2379.58,0,23620325,0,7827657,0,-11834768,11785557,11785557
2005,2012,Alta,Finnmark,4557.6499999999996,3849.43,708.22,1143346,14991563,561336,11619677,-429238,-463807,15241864,15241864
2006,2012,Alta,Finnmark,4557.6499999999996,3849.43,708.22,114200,16089357,56457,9683529,-56827,1034036,17180766,17180766
2007,2012,Alta,Finnmark,4557.6499999999996,3849.43,708.22,0,14689234,0,10867831,0,-510212,14179022,14179022
2008,2012,Alta,Finnmark,4557.6499999999996,3849.43,708.22,0,15107266,0,6661395,0,-2477241,12630025,12630025
2009,2012,Alta,Finnmark,4557.6499999999996,3849.43,708.22,0,6295743,0,7100482,0,9345178,15640921,15640921
2010,2012,Alta,Finnmark,4557.6499999999996,3849.43,708.22,0,16497057,952,15539495,0,6360657,22857714,22857714
2011,2012,Alta,Finnmark,4557.6499999999996,3849.43,708.22,0,23696719,0,11310455,0,-6217722,17478997,17478997
2012,2012,Alta,Finnmark,4557.6499999999996,3849.43,708.22,0,15928260,0,13514252,0,6628866,22557126,22557126
2013,2012,Alta,Finnmark,4557.6499999999996,3849.43,708.22,0,24107346,0,15748441,0,-1168887,22938459,22938459
2014,2012,Alta,Finnmark,4557.6499999999996,3849.43,708.22,0,24690274,0,15819896,0,-2926880,21763394,21763394
2005,2014,Loppa,Finnmark,2808.57,688.88,2119.69,0,1396837,205872,1247780,662947,3036266,5096050,5096050
2006,2014,Loppa,Finnmark,2808.57,688.88,2119.69,669409,4542132,1337628,3422384,1383509,742994,7338044,7338044
2007,2014,Loppa,Finnmark,2808.57,688.88,2119.69,1151677,4322953,1395556,4145552,-458921,1079208,6094917,6094917
2008,2014,Loppa,Finnmark,2808.57,688.88,2119.69,1055213,6954824,90719,5036543,-757089,-100351,7152597,7152597
2009,2014,Loppa,Finnmark,2808.57,688.88,2119.69,0,9365280,0,7648739,0,1510954,10876234,10876234
2010,2014,Loppa,Finnmark,2808.57,688.88,2119.69,0,10200118,0,4878923,0,-3003108,7197010,7197010
2011,2014,Loppa,Finnmark,2808.57,688.88,2119.69,0,6875888,0,6715180,0,4238035,11113923,11113923
2012,2014,Loppa,Finnmark,2808.57,688.88,2119.69,0,11850860,0,9286910,0,2367161,14218021,14218021
2013,2014,Loppa,Finnmark,2808.57,688.88,2119.69,0,16002547,0,10309755,0,-4544363,11458184,11458184
2014,2014,Loppa,Finnmark,2808.57,688.88,2119.69,0,10612296,0,7360593,0,12761,10625057,10625057
2005,2015,Hasvik,Finnmark,2767.91,555.54999999999995,2212.36,0,0,0,0,0,0,0,0
2006,2015,Hasvik,Finnmark,2767.91,555.54999999999995,2212.36,0,0,0,0,0,0,0,0
2007,2015,Hasvik,Finnmark,2767.91,555.54999999999995,2212.36,0,0,0,0,0,0,0,0
2008,2015,Hasvik,Finnmark,2767.91,555.54999999999995,2212.36,0,0,0,0,0,0,0,0
2009,2015,Hasvik,Finnmark,2767.91,555.54999999999995,2212.36,0,0,0,0,0,0,0,0
2010,2015,Hasvik,Finnmark,2767.91,555.54999999999995,2212.36,0,0,0,0,0,0,0,0
2011,2015,Hasvik,Finnmark,2767.91,555.54999999999995,2212.36,0,0,0,0,0,0,0,0
2012,2015,Hasvik,Finnmark,2767.91,555.54999999999995,2212.36,0,0,0,0,0,0,0,0
2013,2015,Hasvik,Finnmark,2767.91,555.54999999999995,2212.36,0,0,0,0,0,0,0,0
2014,2015,Hasvik,Finnmark,2767.91,555.54999999999995,2212.36,0,0,0,0,0,0,0,0
2005,2017,Kvalsund,Finnmark,2143.7199999999998,1844.29,299.43,0,0,0,133329,0,647676,647676,647676
2006,2017,Kvalsund,Finnmark,2143.7199999999998,1844.29,299.43,0,697056,0,1691174,0,2254045,2951101,2951101
2007,2017,Kvalsund,Finnmark,2143.7199999999998,1844.29,299.43,0,3407505,0,414245,0,-760036,2647469,2647469
2008,2017,Kvalsund,Finnmark,2143.7199999999998,1844.29,299.43,0,1943531,0,1520296,0,-375303,1568228,1568228
2009,2017,Kvalsund,Finnmark,2143.7199999999998,1844.29,299.43,0,377742,0,804827,0,1736701,2114443,2114443
2010,2017,Kvalsund,Finnmark,2143.7199999999998,1844.29,299.43,0,3018141,0,2131413,0,-285397,2732744,2732744
2011,2017,Kvalsund,Finnmark,2143.7199999999998,1844.29,299.43,0,2495377,0,3867716,0,3652245,6147622,6147622
2012,2017,Kvalsund,Finnmark,2143.7199999999998,1844.29,299.43,0,8222246,0,6648041,0,3881508,12103754,12103754
2013,2017,Kvalsund,Finnmark,2143.7199999999998,1844.29,299.43,0,9294399,0,3265681,0,-2173073,7121326,7121326
2014,2017,Kvalsund,Finnmark,2143.7199999999998,1844.29,299.43,0,9082420,0,8547014,0,2440010,11522430,11522430
2005,2018,Masoy,Finnmark,3882.59,1135.82,2746.77,0,0,0,0,0,0,0,0
2006,2018,Masoy,Finnmark,3882.59,1135.82,2746.77,0,0,0,0,0,0,0,0
2007,2018,Masoy,Finnmark,3882.59,1135.82,2746.77,0,0,0,0,0,0,0,0
2008,2018,Masoy,Finnmark,3882.59,1135.82,2746.77,0,0,0,0,0,0,0,0
2009,2018,Masoy,Finnmark,3882.59,1135.82,2746.77,0,0,0,0,0,0,0,0
2010,2018,Masoy,Finnmark,3882.59,1135.82,2746.77,0,0,0,0,0,0,0,0
2011,2018,Masoy,Finnmark,3882.59,1135.82,2746.77,0,0,0,837110,0,2747042,2747042,2747042
2012,2018,Masoy,Finnmark,3882.59,1135.82,2746.77,0,1888127,0,4951819,0,3649990,5538117,5538117
2013,2018,Masoy,Finnmark,3882.59,1135.82,2746.77,0,8724837,0,3528347,0,-4160064,4564773,4564773
2014,2018,Masoy,Finnmark,3882.59,1135.82,2746.77,0,1359325,0,7368217,0,10664010,12023335,12023335
2005,2019,Nordkapp,Finnmark,4098.47,925.68,3172.78,0,229582,0,26359,0,-316311,-86729,0
2006,2019,Nordkapp,Finnmark,4098.47,925.68,3172.78,0,0,32010,0,129161,0,129161,129161
2007,2019,Nordkapp,Finnmark,4098.47,925.68,3172.78,0,0,518083,0,1095037,0,1095037,1095037
2008,2019,Nordkapp,Finnmark,4098.47,925.68,3172.78,1025741,0,2423621,0,2176737,0,3202478,3202478
2009,2019,Nordkapp,Finnmark,4098.47,925.68,3172.78,2985196,0,4402457,0,1834790,0,4819986,4819986
2010,2019,Nordkapp,Finnmark,4098.47,925.68,3172.78,4909752,0,2315956,55107,-3430569,188147,1667330,1667330
2011,2019,Nordkapp,Finnmark,4098.47,925.68,3172.78,671284,0,450734,470475,857365,774541,2303190,2303190
2012,2019,Nordkapp,Finnmark,4098.47,925.68,3172.78,641193,909838,2287226,1389155,2137619,794055,4482705,4482705
2013,2019,Nordkapp,Finnmark,4098.47,925.68,3172.78,2760763,889711,2039826,2415957,-257085,3448937,6842326,6842326
2014,2019,Nordkapp,Finnmark,4098.47,925.68,3172.78,1963535,4465225,53024,3419729,-636286,-710181,5082293,5082293
2005,2020,Porsanger,Finnmark,5995.96,4872.58,1123.3800000000001,0,0,0,0,0,0,0,0
2006,2020,Porsanger,Finnmark,5995.96,4872.58,1123.3800000000001,0,0,0,0,0,0,0,0
2007,2020,Porsanger,Finnmark,5995.96,4872.58,1123.3800000000001,0,0,0,0,0,0,0,0
2008,2020,Porsanger,Finnmark,5995.96,4872.58,1123.3800000000001,0,0,0,0,0,0,0,0
2009,2020,Porsanger,Finnmark,5995.96,4872.58,1123.3800000000001,0,0,0,0,0,0,0,0
2010,2020,Porsanger,Finnmark,5995.96,4872.58,1123.3800000000001,0,0,0,0,0,0,0,0
2011,2020,Porsanger,Finnmark,5995.96,4872.58,1123.3800000000001,0,0,0,0,0,0,0,0
2012,2020,Porsanger,Finnmark,5995.96,4872.58,1123.3800000000001,0,0,0,0,0,0,0,0
2013,2020,Porsanger,Finnmark,5995.96,4872.58,1123.3800000000001,0,0,0,0,0,0,0,0
2014,2020,Porsanger,Finnmark,5995.96,4872.58,1123.3800000000001,0,0,0,0,0,0,0,0
2005,2022,Lebesby,Finnmark,5729.23,3459.39,2269.84,0,1633016,0,851693,0,-966687,666329,666329
2006,2022,Lebesby,Finnmark,5729.23,3459.39,2269.84,0,0,0,0,0,0,0,0
2007,2022,Lebesby,Finnmark,5729.23,3459.39,2269.84,0,0,0,0,0,0,0,0
2008,2022,Lebesby,Finnmark,5729.23,3459.39,2269.84,0,0,0,0,0,0,0,0
2009,2022,Lebesby,Finnmark,5729.23,3459.39,2269.84,0,0,0,116292,0,328105,328105,328105
2010,2022,Lebesby,Finnmark,5729.23,3459.39,2269.84,0,0,0,974989,0,1704504,1704504,1704504
2011,2022,Lebesby,Finnmark,5729.23,3459.39,2269.84,0,1974085,0,1953753,0,1786058,3760143,3760143
2012,2022,Lebesby,Finnmark,5729.23,3459.39,2269.84,0,4351067,0,3265258,0,1546332,5897399,5897399
2013,2022,Lebesby,Finnmark,5729.23,3459.39,2269.84,0,5157523,0,3522191,0,4048253,9205776,9205776
2014,2022,Lebesby,Finnmark,5729.23,3459.39,2269.84,0,11133367,0,6595911,0,422148,11555515,11555515
2005,2023,Gamvik,Finnmark,3105.25,1416.34,1688.92,0,0,0,0,0,0,0,0
2006,2023,Gamvik,Finnmark,3105.25,1416.34,1688.92,0,0,0,0,0,0,0,0
2007,2023,Gamvik,Finnmark,3105.25,1416.34,1688.92,0,0,0,0,0,0,0,0
2008,2023,Gamvik,Finnmark,3105.25,1416.34,1688.92,0,0,0,0,0,0,0,0
2009,2023,Gamvik,Finnmark,3105.25,1416.34,1688.92,0,0,0,0,0,0,0,0
2010,2023,Gamvik,Finnmark,3105.25,1416.34,1688.92,0,0,0,0,0,0,0,0
2011,2023,Gamvik,Finnmark,3105.25,1416.34,1688.92,0,0,0,0,0,0,0,0
2012,2023,Gamvik,Finnmark,3105.25,1416.34,1688.92,0,0,0,0,0,0,0,0
2013,2023,Gamvik,Finnmark,3105.25,1416.34,1688.92,0,0,0,0,0,0,0,0
2014,2023,Gamvik,Finnmark,3105.25,1416.34,1688.92,0,0,0,0,0,0,0,0
2005,2024,Berlevag,Finnmark,2440.9499999999998,1121.78,1319.16,0,0,0,0,0,0,0,0
2006,2024,Berlevag,Finnmark,2440.9499999999998,1121.78,1319.16,0,0,0,0,0,0,0,0
2007,2024,Berlevag,Finnmark,2440.9499999999998,1121.78,1319.16,0,0,0,0,0,0,0,0
2008,2024,Berlevag,Finnmark,2440.9499999999998,1121.78,1319.16,0,0,0,0,0,0,0,0
2009,2024,Berlevag,Finnmark,2440.9499999999998,1121.78,1319.16,0,0,0,0,0,0,0,0
2010,2024,Berlevag,Finnmark,2440.9499999999998,1121.78,1319.16,0,0,0,0,0,0,0,0
2011,2024,Berlevag,Finnmark,2440.9499999999998,1121.78,1319.16,0,0,0,0,0,0,0,0
2012,2024,Berlevag,Finnmark,2440.9499999999998,1121.78,1319.16,0,0,0,0,0,0,0,0
2013,2024,Berlevag,Finnmark,2440.9499999999998,1121.78,1319.16,0,0,0,0,0,0,0,0
2014,2024,Berlevag,Finnmark,2440.9499999999998,1121.78,1319.16,0,0,0,0,0,0,0,0
2005,2025,Tana,Finnmark,4365.97,4051.36,314.62,0,0,0,0,0,0,0,0
2006,2025,Tana,Finnmark,4365.97,4051.36,314.62,0,0,0,0,0,0,0,0
2007,2025,Tana,Finnmark,4365.97,4051.36,314.62,0,0,0,0,0,0,0,0
2008,2025,Tana,Finnmark,4365.97,4051.36,314.62,0,0,0,0,0,0,0,0
2009,2025,Tana,Finnmark,4365.97,4051.36,314.62,0,0,0,0,0,0,0,0
2010,2025,Tana,Finnmark,4365.97,4051.36,314.62,0,0,0,0,0,0,0,0
2011,2025,Tana,Finnmark,4365.97,4051.36,314.62,0,0,0,0,0,0,0,0
2012,2025,Tana,Finnmark,4365.97,4051.36,314.62,0,0,0,0,0,0,0,0
2013,2025,Tana,Finnmark,4365.97,4051.36,314.62,0,0,0,0,0,0,0,0
2014,2025,Tana,Finnmark,4365.97,4051.36,314.62,0,0,0,0,0,0,0,0
2005,2027,Nesseby,Finnmark,1637.39,1436.89,200.5,0,1379492,0,1376294,0,227867,1607359,1607359
2006,2027,Nesseby,Finnmark,1637.39,1436.89,200.5,0,1006289,0,229397,0,-927174,79115,79115
2007,2027,Nesseby,Finnmark,1637.39,1436.89,200.5,0,0,24605,0,111090,0,111090,111090
2008,2027,Nesseby,Finnmark,1637.39,1436.89,200.5,0,0,584707,275927,1249969,772865,2022834,2022834
2009,2027,Nesseby,Finnmark,1637.39,1436.89,200.5,2667569,314878,1947664,1900437,-214258,3084896,5853085,5853085
2010,2027,Nesseby,Finnmark,1637.39,1436.89,200.5,1235365,5471313,117208,3495815,-942386,-1665664,4098628,4098628
2011,2027,Nesseby,Finnmark,1637.39,1436.89,200.5,0,4491384,0,2691517,0,-503768,3987616,3987616
2012,2027,Nesseby,Finnmark,1637.39,1436.89,200.5,0,4181368,0,4529561,0,3657593,7838961,7838961
2013,2027,Nesseby,Finnmark,1637.39,1436.89,200.5,0,6925281,0,2745551,0,-1729227,5196054,5196054
2014,2027,Nesseby,Finnmark,1637.39,1436.89,200.5,0,3151103,0,824431,0,-849398,2301705,2301705
2005,2028,Batsfjord,Finnmark,2814.18,1434.72,1379.46,0,0,0,0,0,0,0,0
2006,2028,Batsfjord,Finnmark,2814.18,1434.72,1379.46,0,0,0,0,0,0,0,0
2007,2028,Batsfjord,Finnmark,2814.18,1434.72,1379.46,0,0,0,0,0,0,0,0
2008,2028,Batsfjord,Finnmark,2814.18,1434.72,1379.46,0,0,0,0,0,0,0,0
2009,2028,Batsfjord,Finnmark,2814.18,1434.72,1379.46,0,0,0,0,0,0,0,0
2010,2028,Batsfjord,Finnmark,2814.18,1434.72,1379.46,0,0,0,0,0,0,0,0
2011,2028,Batsfjord,Finnmark,2814.18,1434.72,1379.46,0,0,0,0,0,0,0,0
2012,2028,Batsfjord,Finnmark,2814.18,1434.72,1379.46,0,0,0,0,0,0,0,0
2013,2028,Batsfjord,Finnmark,2814.18,1434.72,1379.46,0,0,0,0,0,0,0,0
2014,2028,Batsfjord,Finnmark,2814.18,1434.72,1379.46,0,0,0,0,0,0,0,0
2005,2030,Sor-Varanger,Finnmark,5107.32,3971.62,1135.7,0,333026,0,0,0,0,333026,333026
2006,2030,Sor-Varanger,Finnmark,5107.32,3971.62,1135.7,4887,5000,269489,27619,745790,89798,845475,845475
2007,2030,Sor-Varanger,Finnmark,5107.32,3971.62,1135.7,600445,366605,696307,284606,774973,297484,2039507,2039507
2008,2030,Sor-Varanger,Finnmark,5107.32,3971.62,1135.7,1533889,446922,818554,1133761,-915113,1740325,2806023,2806023
2009,2030,Sor-Varanger,Finnmark,5107.32,3971.62,1135.7,887462,2457449,385705,2911251,-733700,2134845,4746056,4746056
2010,2030,Sor-Varanger,Finnmark,5107.32,3971.62,1135.7,0,6040198,0,3704639,0,-54055,5986143,5986143
2011,2030,Sor-Varanger,Finnmark,5107.32,3971.62,1135.7,0,3809975,0,3859442,0,3458871,7268846,7268846
2012,2030,Sor-Varanger,Finnmark,5107.32,3971.62,1135.7,0,7367480,0,2739945,0,-4732350,2635130,2635130
2013,2030,Sor-Varanger,Finnmark,5107.32,3971.62,1135.7,0,4964011,0,5060179,0,5557039,10521050,10521050
2014,2030,Sor-Varanger,Finnmark,5107.32,3971.62,1135.7,0,12865880,0,4635384,0,-5373009,7492871,7492871
