"","year","kommunenr","kommune","biomchange_salmon","biomchange_trout","feed_used_kg","uttak_laks_kg","uttak_regnb_kg","lost_final_kg","production_final","efcr","county"
"1",2005,2004,"Hammerfest",0,0,5343202,8862792.5,0,204,8862588.5,0.602894064189035,"Finnmark"
"2",2005,2012,"Alta",0,0,22288483,14991562.66,1143346.216,112968,16021940.876,1.39112253456053,"Finnmark"
"3",2005,2014,"Loppa",3036265.569,662947.488,3685929,1396837.24,0,0,5096050.297,0.723291330576127,"Finnmark"
"4",2005,2017,"Kvalsund",647675.942,0,375500,0,0,0,647675.942,0.579765243156121,"Finnmark"
"5",2005,2019,"Nordkapp",0,0,25304,229582,0,0,229582,0.110217699993902,"Finnmark"
"6",2005,2022,"Lebesby",0,0,1281592,1633016,0,0,1633016,0.784800638817991,"Finnmark"
"7",2005,2023,"Gamvik",0,0,2287,774463,0,0,774463,0.00295301389478903,"Finnmark"
"8",2005,2027,"Nesseby",227866.578,0,2281297,1379492,0,0,1607358.578,1.41928318374271,"Finnmark"
"9",2005,2030,"Sor-Varanger",0,0,0,333026,0,0,333026,NA,"Finnmark"
"10",2005,1902,"Tromso",1842024.332,0,4664052,1826940.375,0,6144,3662820.707,1.27334979598825,"Troms"
"11",2005,1903,"Harstad",100244.43,0,5235541,4108661.125,0,0,4208905.555,1.24391981040782,"Troms"
"12",2005,1911,"Kvaefjord",1183451.474,0,6324663,2554627,763905,0,4501983.474,1.40486144307868,"Troms"
"13",2005,1913,"Skanland",652010.82,0,2185223,1893333.875,0,0,2545344.695,0.858517514068954,"Troms"
"14",2005,1917,"Ibestad",0,0,3689406,4430964.5,0,0,4430964.5,0.83264174199545,"Troms"
"15",2005,1919,"Gratangen",2238792.404,0,4882763,720262.75,0,14700,2944355.154,1.65834715739594,"Troms"
"16",2005,1920,"Lavangen",588359.768,0,627845,0,0,0,588359.768,1.06711069340146,"Troms"
"17",2005,1923,"Salangen",667107.533,0,1580060,1469389.375,0,0,2136496.908,0.739556417836857,"Troms"
"18",2005,1926,"Dyroy",1040904.293,0,6966975,2834964,0,0,3875868.293,1.79752625046178,"Troms"
"19",2005,1927,"Tranoy",3246983.441,0,6777617,2677072,0,0,5924055.441,1.14408399237667,"Troms"
"20",2005,1928,"Torsken",0,0,4219510,4777961.625,159545,720,4936786.625,0.854707792844906,"Troms"
"21",2005,1929,"Berg",3029667.304,0,4605120,329625,0,0,3359292.304,1.37086016436157,"Troms"
"22",2005,1931,"Lenvik",245006.46,0,1341380,932952,0,16506,1161452.46,1.15491597477868,"Troms"
"23",2005,1936,"Karlsoy",2044649.741,0,4191541,350833.5,0,900,2394583.241,1.7504260984678,"Troms"
"24",2005,1938,"Lyngen",708351.876,0,2356582,2479593.875,0,7566,3180379.751,0.740975035845649,"Troms"
"25",2005,1940,"Kafjord",0,0,5631146,3609298.75,0,23472,3585826.75,1.57038986894724,"Troms"
"26",2005,1941,"Skjervoy",2166193.895,14097.906,5409717,4412739.375,178515.07,5880,6765666.246,0.799583781301411,"Troms"
"27",2005,1942,"Nordreisa",1220030.543,0,4675202,1952599.875,105957.925,9288,3269300.343,1.43003135518284,"Troms"
"28",2005,1943,"Kvaenangen",763865.333,0,5990889,4846059.125,0,3702,5606222.458,1.06861421302522,"Troms"
"29",2005,1804,"Bodo",0,0,425852,407783.811,0,2034,405749.811,1.04954331081623,"Nordland"
"30",2005,1811,"Bindal",0,0,3554451,2331758,0,0,2331758,1.52436530720598,"Nordland"
"31",2005,1812,"Somna",0,0,5298452,5261384.445,0,34734,5226650.445,1.01373758504717,"Nordland"
"32",2005,1813,"Bronnoy",0,0,4910265,4899382.656,0,74436,4824946.656,1.0176827538381,"Nordland"
"33",2005,1815,"Vega",212246.553,0,712805,561812,0,5190,768868.553,0.927083045884437,"Nordland"
"34",2005,1816,"Vevelstad",0,224419.085,1661570,1527293.25,459791.808,8628,2202876.143,0.754273001357753,"Nordland"
"35",2005,1818,"Heroy",1884787.789,0,3376002,2354355.375,0,4806,4234337.164,0.797291729317755,"Nordland"
"36",2005,1820,"Alstahaug",0,0,5291750,6042713.016,0,40866,6001847.016,0.881686918359133,"Nordland"
"37",2005,1824,"Vefsn",1406456.966,0,1665500,508761,0,1518,1913699.966,0.870303615817695,"Nordland"
"38",2005,1827,"Donna",0,0,4242586,5449411.279,0,34974,5414437.279,0.783569146964718,"Nordland"
"39",2005,1828,"Nesna",0,0,1441950,1590739,0,8082,1582657,0.911094444342647,"Nordland"
"40",2005,1833,"Rana",1171962.774,0,3016500,1346261.625,0,3234,2514990.399,1.19940815726351,"Nordland"
"41",2005,1834,"Luroy",0,0,10551569,6843423.75,0,25668,6817755.75,1.54766016661715,"Nordland"
"42",2005,1835,"Traena",0,0,2197500,2111309.375,0,7794,2103515.375,1.04467978989695,"Nordland"
"43",2005,1836,"Rodoy",547086.266000001,0,14143170,11936099.625,0,37536,12445649.891,1.13639465386436,"Nordland"
"44",2005,1837,"Meloy",474810.41,0,8881568,7240948.537,0,59940,7655818.947,1.1601068496376,"Nordland"
"45",2005,1838,"Gildeskal",0,699497.576,10942564,3449294.891,5378155,3108,9523839.467,1.14896560761192,"Nordland"
"46",2005,1840,"Saltdal",0,0,1115320,1002227.625,0,1314,1000913.625,1.11430194588469,"Nordland"
"47",2005,1841,"Fauske",95734.4840000001,0,1551350,1350711.436,0,528,1445917.92,1.0729170574219,"Nordland"
"48",2005,1845,"Sorfold",499279.515,0,6672959,5532392.443,0,73128,5958543.958,1.1198975868997,"Nordland"
"49",2005,1848,"Steigen",0,0,8981990,9143834.5,0,17622,9126212.5,0.984196894385267,"Nordland"
"50",2005,1849,"Hamaroy",1582441.948,0,2916252,0,787042.227,16026,2353458.175,1.23913483187353,"Nordland"
"51",2005,1850,"Tysfjord",0,0,902635,295626.769,0,78,295548.769,3.05409832378629,"Nordland"
"52",2005,1851,"Lodingen",935152.465,0,2771533,886996,0,0,1822148.465,1.52102479750463,"Nordland"
"53",2005,1854,"Ballangen",0,0,961978,867719.5,0,5562,862157.5,1.11577988940536,"Nordland"
"54",2005,1859,"Flakstad",0,0,2684500,1748344,0,0,1748344,1.5354529772173,"Nordland"
"55",2005,1860,"Vestvagoy",1163151.389,1238.7,1169335,0,0,0,1164390.089,1.00424678211084,"Nordland"
"56",2005,1865,"Vagan",1164429.198,926837.26,12689536,5575721,470194,28428,8108753.458,1.56491821655777,"Nordland"
"57",2005,1866,"Hadsel",0,0,9109763,8261775,916101,0,9177876,0.992578566108324,"Nordland"
"58",2005,1867,"Bo",77820.9010000001,0,3461400,3673144.625,0,316926,3434039.526,1.00796743129858,"Nordland"
"59",2005,1868,"Oksnes",691811.166,213624.116,11016155,7535727.657,539615.516,15840,8964938.455,1.22880430861809,"Nordland"
"60",2005,1870,"Sortland",519315.905,0,4056850,2330055,0,1086,2848284.905,1.42431327458796,"Nordland"
"61",2006,2004,"Hammerfest",116049.171,0,1217960,1301918,0,0,1417967.171,0.858947953739332,"Finnmark"
"62",2006,2012,"Alta",1034035.325,0,19458582,16089357.163,114199.53,94992,17142600.018,1.13510097532277,"Finnmark"
"63",2006,2014,"Loppa",742993.534,1383508.319,9962016,4542131.543,669409.089,120504,7217538.485,1.38025117852905,"Finnmark"
"64",2006,2017,"Kvalsund",2254045.177,0,3351825,697056,0,0,2951101.177,1.13578789711553,"Finnmark"
"65",2006,2019,"Nordkapp",0,129161.352,123468,0,0,0,129161.352,0.955920622447495,"Finnmark"
"66",2006,2027,"Nesseby",0,0,130929,1006289,0,0,1006289,0.130110733596412,"Finnmark"
"67",2006,2030,"Sor-Varanger",89798.238,745789.639,761459,5000,4887,0,845474.877,0.900628771728719,"Finnmark"
"68",2006,1902,"Tromso",102390.977,0,5979329,4285715,0,23490,4364615.977,1.3699553480785,"Troms"
"69",2006,1903,"Harstad",397188.86,0,5941257,2971816,0,0,3369004.86,1.76350502504173,"Troms"
"70",2006,1911,"Kvaefjord",161484.039,377175.061,6322215,3283997,1082257,0,4904913.1,1.28895555764281,"Troms"
"71",2006,1913,"Skanland",1566514.32,0,8432735,4596796.25,0,0,6163310.57,1.36821516686932,"Troms"
"72",2006,1917,"Ibestad",2479482.305,0,5193959,2706226.875,0,5088,5180621.18,1.00257455998742,"Troms"
"73",2006,1919,"Gratangen",0,0,2712326,1742535,0,0,1742535,1.55654032774091,"Troms"
"74",2006,1920,"Lavangen",1501273.859,0,2935542,716406.75,0,0,2217680.609,1.32369917836081,"Troms"
"75",2006,1923,"Salangen",0,8760.792,975337,1998972,0,0,2007732.792,0.485790242549368,"Troms"
"76",2006,1926,"Dyroy",0,0,3826335,4576388,0,0,4576388,0.836103713234105,"Troms"
"77",2006,1927,"Tranoy",405639.646,85270.34,5629887,4672659,0,0,5163568.986,1.09030924449045,"Troms"
"78",2006,1928,"Torsken",4129126.031,0,8518966,5284973.75,0,0,9414099.781,0.904915626366463,"Troms"
"79",2006,1929,"Berg",0,34198.5,6568715,4876417,0,0,4910615.5,1.33765614514107,"Troms"
"80",2006,1931,"Lenvik",48848.768,0,1600900,2317553,0,8136,2358265.768,0.678846303806416,"Troms"
"81",2006,1936,"Karlsoy",0,0,6441723,5144302.125,0,18186,5126116.125,1.25664788758565,"Troms"
"82",2006,1938,"Lyngen",864197.605,0,1598630,427602.375,0,1332,1290467.98,1.23879865659278,"Troms"
"83",2006,1940,"Kafjord",0,0,2416751,2556385.875,0,6822,2549563.875,0.947907610277071,"Troms"
"84",2006,1941,"Skjervoy",69978.156,229994.598,9411090,7230399.75,0,18312,7512060.504,1.25279741756457,"Troms"
"85",2006,1942,"Nordreisa",1508681.767,0,6297215,3737744,0,18390,5228035.767,1.204508783155,"Troms"
"86",2006,1943,"Kvaenangen",0,0,6804103,4777086.375,0,50730,4726356.375,1.43960853988713,"Troms"
"87",2006,1804,"Bodo",340198.379,0,1739372,1171123.875,0,1140,1510182.254,1.15176297125261,"Nordland"
"88",2006,1811,"Bindal",1414512.602,0,4124646,3654817.375,0,0,5069329.977,0.813647172055062,"Nordland"
"89",2006,1812,"Somna",3435186.547,0,4093839,486725.625,0,2214,3919698.172,1.04442710136305,"Nordland"
"90",2006,1813,"Bronnoy",1235730.547,0,3555140,3164181.037,0,33636,4366275.584,0.814227121400132,"Nordland"
"91",2006,1815,"Vega",0,0,2003500,2250513,0,12594,2237919,0.895251347345458,"Nordland"
"92",2006,1816,"Vevelstad",3337877.506,58419.841,5216731,281901.375,1105023.543,7452,4775770.265,1.09233290349656,"Nordland"
"93",2006,1818,"Heroy",872370.836,0,7911931,5328285.515,0,14916,6185740.351,1.27905966805104,"Nordland"
"94",2006,1820,"Alstahaug",2036858.667,0,2690900,1113624,0,12384,3138098.667,0.8574937519643,"Nordland"
"95",2006,1824,"Vefsn",0,0,2491000,3316792.5,0,12024,3304768.5,0.753759302656147,"Nordland"
"96",2006,1827,"Donna",873722.853,0,861159,445974.606,0,2418,1317279.459,0.653740551495231,"Nordland"
"97",2006,1828,"Nesna",392739.084,0,1046825,834492.375,0,4416,1222815.459,0.856077662655719,"Nordland"
"98",2006,1833,"Rana",0,0,1127500,1880656.875,0,11532,1869124.875,0.603223473766032,"Nordland"
"99",2006,1834,"Luroy",1418470.943,0,11731972,9045311.625,0,21966,10441816.568,1.12355660756901,"Nordland"
"100",2006,1835,"Traena",1424292.24,0,1474500,219667.5,0,0,1643959.74,0.896919774933174,"Nordland"
"101",2006,1836,"Rodoy",660309.855,477644.485,15691520,12356579.509,0,56988,13437545.849,1.16773703891531,"Nordland"
"102",2006,1837,"Meloy",1134295.383,0,6536083,5835906.036,0,17784,6952417.419,0.940116596298977,"Nordland"
"103",2006,1838,"Gildeskal",1009541.409,0,10928195,2936890.941,4791998,2196,8736234.35,1.250904515857,"Nordland"
"104",2006,1840,"Saltdal",0,0,305514,503741.25,0,402,503339.25,0.606974321990586,"Nordland"
"105",2006,1841,"Fauske",902376.277,0,2441565,1608367.764,0,1530,2509214.041,0.973039748744177,"Nordland"
"106",2006,1845,"Sorfold",0,0,6623002,7386419.484,0,53460,7332959.484,0.903182680124024,"Nordland"
"107",2006,1848,"Steigen",4276842.811,0,12818904,8277160.5,0,30900,12523103.311,1.02362039836725,"Nordland"
"108",2006,1849,"Hamaroy",0,0,1237825,1761493.5,0,21558,1739935.5,0.711420049766213,"Nordland"
"109",2006,1850,"Tysfjord",0,0,1011064,1035932.82,0,0,1035932.82,0.975993790794272,"Nordland"
"110",2006,1851,"Lodingen",1695765.682,0,5947243,3414237,0,810,5109192.682,1.16402793360143,"Nordland"
"111",2006,1854,"Ballangen",57752.235,23993.132,1113160,740853,0,90,822508.367,1.35337225086246,"Nordland"
"112",2006,1859,"Flakstad",0,0,3249855,2727375,0,444,2726931,1.19176282788233,"Nordland"
"113",2006,1860,"Vestvagoy",1588914.795,12398.9,3115758,0,320,0,1601633.695,1.94536241946383,"Nordland"
"114",2006,1865,"Vagan",0,0,9030223,8667430,904233,11508,9560155,0.94456868115632,"Nordland"
"115",2006,1866,"Hadsel",1075895.925,0,7700290,4061097.75,1678288,22002,6793279.675,1.13351582275317,"Nordland"
"116",2006,1867,"Bo",663678.85,0,4661259,3164747.25,0,38796,3789630.1,1.23000368822276,"Nordland"
"117",2006,1868,"Oksnes",252259.824,993163.918,10403192,5312185.875,482851.005,37998,7002462.622,1.4856476302088,"Nordland"
"118",2006,1870,"Sortland",170877.087,0,5005755,3904451.625,0,0,4075328.712,1.22830705294037,"Nordland"
"119",2007,2004,"Hammerfest",6001586.462,0,8145615,1101313.563,0,1800,7101100.025,1.14709199579258,"Finnmark"
"120",2007,2012,"Alta",0,0,18518323,14689234.237,0,50298,14638936.237,1.26500469024483,"Finnmark"
"121",2007,2014,"Loppa",1079208.154,0,9113491,4322953.125,1151676.775,10212,6543626.054,1.39272796531964,"Finnmark"
"122",2007,2017,"Kvalsund",0,0,1063448,3407505,0,0,3407505,0.312089930902523,"Finnmark"
"123",2007,2019,"Nordkapp",0,1095037.71,1146273,0,0,0,1095037.71,1.04678860785534,"Finnmark"
"124",2007,2027,"Nesseby",0,111090.391,93519,0,0,0,111090.391,0.841827984924457,"Finnmark"
"125",2007,2030,"Sor-Varanger",297483.964,774972.592,2228741,366605,600445,0,2039506.556,1.09278442545002,"Finnmark"
"126",2007,1902,"Tromso",2219387.643,0,8165682,4979252.846,0,45984,7152656.489,1.14162926914747,"Troms"
"127",2007,1903,"Harstad",0,473567.21,4389752,4107454,0,1844610,2736411.21,1.60420041547776,"Troms"
"128",2007,1911,"Kvaefjord",149037.43,0,8608643,4480296.125,1216980.205,0,5846313.76,1.47249076142639,"Troms"
"129",2007,1913,"Skanland",440019.07,481130.13,6554603,5524244,0,0,6445393.2,1.01694385379002,"Troms"
"130",2007,1917,"Ibestad",0,0,2054797,3798985.875,0,900,3798085.875,0.541008567901325,"Troms"
"131",2007,1919,"Gratangen",1208362.266,0,5836552,1074111.875,0,1962,2280512.141,2.55931634612596,"Troms"
"132",2007,1920,"Lavangen",0,0,1052201,71129.25,0,0,71129.25,14.7928032419855,"Troms"
"133",2007,1923,"Salangen",0,0,1625758,543080.25,0,0,543080.25,2.99358704353546,"Troms"
"134",2007,1926,"Dyroy",4533052.032,0,10278064,3778630.375,0,14664,8297018.407,1.23876596336446,"Troms"
"135",2007,1927,"Tranoy",2114843.072,906877.13,11755458,6309620,0,0,9331340.202,1.25978238340088,"Troms"
"136",2007,1928,"Torsken",0,176304,7316969,8863552.5,0,2190,9037666.5,0.809608210260912,"Troms"
"137",2007,1929,"Berg",1234839.597,107066.368,3258979,660062,0,0,2001967.965,1.62788768700402,"Troms"
"138",2007,1931,"Lenvik",352678.355,0,1415500,2097859.375,0,2352,2448185.73,0.578183257362586,"Troms"
"139",2007,1936,"Karlsoy",0,0,5229919,4163290.875,0,21522,4141768.875,1.26272594097854,"Troms"
"140",2007,1938,"Lyngen",1377265.815,0,5372027,1970902.125,0,44436,3303731.94,1.62604808669798,"Troms"
"141",2007,1940,"Kafjord",0,0,5577533,6630992.895,0,96318,6534674.895,0.853528766100919,"Troms"
"142",2007,1941,"Skjervoy",501682.984,120267.256,5899888,5051055.375,291490.7,17076,5947420.315,0.992007910575932,"Troms"
"143",2007,1942,"Nordreisa",1429498.051,0,5793586,4383256.5,0,39528,5773226.551,1.00352652867857,"Troms"
"144",2007,1943,"Kvaenangen",460945.098,19143.798,6679453,5789995,0,0,6270083.896,1.06528925462403,"Troms"
"145",2007,1804,"Bodo",0,0,1615891,907737.648,0,150,907587.648,1.78042418664561,"Nordland"
"146",2007,1811,"Bindal",232985.909,0,4797859,3863578.75,0,0,4096564.659,1.17119083900196,"Nordland"
"147",2007,1812,"Somna",0,0,3415278,6364690.302,0,51942,6312748.302,0.541012857889166,"Nordland"
"148",2007,1813,"Bronnoy",1136829.217,0,5345480,3541037.61,0,10674,4667192.827,1.14533086549929,"Nordland"
"149",2007,1815,"Vega",1287050.887,0,1179000,162038.25,0,408,1448681.137,0.813843688502448,"Nordland"
"150",2007,1816,"Vevelstad",0,6963.52099999995,6804301,7373667.375,1164972.515,46776,8498827.411,0.800616446357437,"Nordland"
"151",2007,1818,"Heroy",0,0,3981401,4325063.647,0,20466,4304597.647,0.924918267976742,"Nordland"
"152",2007,1820,"Alstahaug",0,0,4419500,5454847.125,0,44148,5410699.125,0.816807569206687,"Nordland"
"153",2007,1824,"Vefsn",1331629.299,0,1528000,0,0,0,1331629.299,1.14746649172369,"Nordland"
"154",2007,1827,"Donna",425103.169,801.99,4907730,3673765.875,17370,17628,4099413.034,1.19717870809697,"Nordland"
"155",2007,1828,"Nesna",0,0,1502050,1399224.375,0,7938,1391286.375,1.07961238389904,"Nordland"
"156",2007,1833,"Rana",0,0,3528000,3823329.375,0,16554,3806775.375,0.926768630260986,"Nordland"
"157",2007,1834,"Luroy",3245262.405,0,14395368,10253977.002,0,15228,13484011.407,1.06758794289709,"Nordland"
"158",2007,1835,"Traena",0,0,2171500,3303822.375,0,21204,3282618.375,0.661514605699482,"Nordland"
"159",2007,1836,"Rodoy",0,2466559.389,10459464,10374475.903,452720,44232,13249523.292,0.789421911225695,"Nordland"
"160",2007,1837,"Meloy",551231.393,0,9441737,7510749.75,176552,27744,8210789.143,1.14991833739263,"Nordland"
"161",2007,1838,"Gildeskal",159749.683,0,10580468,4034380.125,4756165,15666,8934628.808,1.18420901722591,"Nordland"
"162",2007,1840,"Saltdal",2968889.15,0,2692144,423183.381,0,378,3391694.531,0.793746009669761,"Nordland"
"163",2007,1841,"Fauske",0,0,676000,1833800.265,0,7380,1826420.265,0.370122919108106,"Nordland"
"164",2007,1845,"Sorfold",4403057.802,0,6888438,1994389.011,0,22164,6375282.813,1.0804913604701,"Nordland"
"165",2007,1848,"Steigen",0,0,12903835,14304670.875,0,28302,14276368.875,0.903859735832162,"Nordland"
"166",2007,1849,"Hamaroy",5123065.989,0,5454894,0,0,0,5123065.989,1.06477137161857,"Nordland"
"167",2007,1850,"Tysfjord",872052.975,0,2228814,1389026.25,0,75120,2185959.225,1.01960456284357,"Nordland"
"168",2007,1851,"Lodingen",1366071.05,0,4112353,4130565,0,378,5496258.05,0.748209593252267,"Nordland"
"169",2007,1854,"Ballangen",0,209991.957,923130,885611.25,0,0,1095603.207,0.842576942183047,"Nordland"
"170",2007,1859,"Flakstad",802224.391,0,3006525,2100705,0,0,2902929.391,1.03568657554027,"Nordland"
"171",2007,1860,"Vestvagoy",0,65196.61,4150800,2695392.375,0,24,2760564.985,1.50360524840171,"Nordland"
"172",2007,1865,"Vagan",0,229174.59,6741290,5197890,0,9786,5417278.59,1.24440526511671,"Nordland"
"173",2007,1866,"Hadsel",1716030.597,0,12113287,6452204.75,1193248,0,9361483.347,1.29394953246185,"Nordland"
"174",2007,1867,"Bo",599481.778,0,3868423,2883823,0,163122,3320182.778,1.1651235063421,"Nordland"
"175",2007,1868,"Oksnes",0,0,11477917,7544762,1725554.8,15444,9254872.8,1.24020256658741,"Nordland"
"176",2007,1870,"Sortland",0,0,4096920,4614318,0,276,4614042,0.887924297178049,"Nordland"
"177",2008,2004,"Hammerfest",2452381.103,0,13034769,8741047.5,0,36840,11156588.603,1.16834719499247,"Finnmark"
"178",2008,2012,"Alta",0,0,11850434,15107265.647,0,198468,14908797.647,0.794861817873327,"Finnmark"
"179",2008,2014,"Loppa",0,0,8978921,6954824.25,1055212.905,122382,7887655.155,1.1383511098743,"Finnmark"
"180",2008,2017,"Kvalsund",0,0,2578180,1943530.875,0,67032,1876498.875,1.37393101288164,"Finnmark"
"181",2008,2019,"Nordkapp",0,2176736.92,3824147,0,1025741.051,20034,3182443.971,1.2016384372663,"Finnmark"
"182",2008,2027,"Nesseby",772864.839,1249968.798,2029287,0,0,0,2022833.637,1.00319025889325,"Finnmark"
"183",2008,2030,"Sor-Varanger",1740325.368,0,3787647,446922,1533889,0,3721136.368,1.01787374216435,"Finnmark"
"184",2008,1902,"Tromso",152591.237,0,7405534,6809706.199,0,88608,6873689.436,1.07737395891274,"Troms"
"185",2008,1903,"Harstad",3257199.75,0,7273457,1348819.625,1082518.81,0,5688538.185,1.27861618634806,"Troms"
"186",2008,1911,"Kvaefjord",0,300200.68,7996891,5475865,917673,0,6693738.68,1.1946822818007,"Troms"
"187",2008,1913,"Skanland",0,0,4606944,5283415.125,1317823.56,900,6600338.685,0.697986000395675,"Troms"
"188",2008,1917,"Ibestad",3460709.545,0,7472909,2736099,0,383580,5813228.545,1.28550063740871,"Troms"
"189",2008,1919,"Gratangen",0,0,617259,438651,0,1703460,0,0,"Troms"
"190",2008,1920,"Lavangen",3316519.887,0,4251077,1027159.875,0,0,4343679.762,0.978681033806838,"Troms"
"191",2008,1926,"Dyroy",922728.82,0,10971273,10247884.625,0,0,11170613.445,0.98215492407991,"Troms"
"192",2008,1927,"Tranoy",0,0,3859978,5779138.25,1097088,0,6876226.25,0.561351220809525,"Troms"
"193",2008,1928,"Torsken",2760981.107,516148.9,9442350,8797758.875,628790,2265498,10438180.882,0.904597276742229,"Troms"
"194",2008,1929,"Berg",0,0,3218243,0,0,0,0,0,"Troms"
"195",2008,1931,"Lenvik",3693357.194,392973.952,6117555,3476782.125,0,2562,7560551.271,0.809141394684419,"Troms"
"196",2008,1933,"Balsfjord",0,0,41515,0,0,0,0,0,"Troms"
"197",2008,1936,"Karlsoy",812344.454,0,9703917,5782106.166,0,119028,6475422.62,1.49857662881006,"Troms"
"198",2008,1938,"Lyngen",0,0,1367821,3349987.875,0,43806,3306181.875,0.413716199445319,"Troms"
"199",2008,1940,"Kafjord",1649772.792,0,1584598,0,0,0,1649772.792,0.960494686107055,"Troms"
"200",2008,1941,"Skjervoy",0,0,9297623,9142117.875,435670.885,85908,9491880.76,0.979534323606484,"Troms"
"201",2008,1942,"Nordreisa",383354.244,0,6873456,5001447.75,0,174,5384627.994,1.27649598220322,"Troms"
"202",2008,1943,"Kvaenangen",603426.024,161684.507,7864161,6029369,0,0,6794479.531,1.15743390853112,"Troms"
"203",2008,1804,"Bodo",0,0,59185,0,0,0,0,0,"Nordland"
"204",2008,1811,"Bindal",379113.154,0,5964456,5387504.75,0,0,5766617.904,1.03430747437987,"Nordland"
"205",2008,1812,"Somna",5195940.689,0,5954146,0,0,0,5195940.689,1.14592262621572,"Nordland"
"206",2008,1813,"Bronnoy",0,0,6000699,5409490.5,0,92196,5317294.5,1.128524854134,"Nordland"
"207",2008,1815,"Vega",105736.694,0,4660000,3482592.75,0,20046,3568283.444,1.30595006622462,"Nordland"
"208",2008,1816,"Vevelstad",3557468.27,0,5327425,0,1448410.066,0,5005878.336,1.06423381521033,"Nordland"
"209",2008,1818,"Heroy",1471290.997,0,6969246,4465202.625,0,37398,5899095.622,1.18140922720578,"Nordland"
"210",2008,1820,"Alstahaug",5621499.068,0,6619678,491896.125,0,834,6112561.193,1.08296306425214,"Nordland"
"211",2008,1824,"Vefsn",0,0,3250500,3153319.875,0,21702,3131617.875,1.03796188735192,"Nordland"
"212",2008,1827,"Donna",1707102.34,0,3032825,2208700.375,103,8850,3907055.715,0.776243089740531,"Nordland"
"213",2008,1828,"Nesna",0,0,1373650,1580982.75,0,8520,1572462.75,0.873566003391813,"Nordland"
"214",2008,1833,"Rana",278587.587,0,195635,0,0,0,278587.587,0.702238754090648,"Nordland"
"215",2008,1834,"Luroy",0,0,12073795,13364141.25,0,61680,13302461.25,0.907636171464134,"Nordland"
"216",2008,1835,"Traena",1536937.751,0,1702700,0,0,0,1536937.751,1.10785228542415,"Nordland"
"217",2008,1836,"Rodoy",4159110.168,0,17302653,7358989.311,3789546.02,175194,15132451.499,1.14341374238955,"Nordland"
"218",2008,1837,"Meloy",347997.706,0,6406677,7468181.875,0,29934,7786245.581,0.822819795927523,"Nordland"
"219",2008,1838,"Gildeskal",0,1603587.719,13829634,3450763.125,5315620.41,203838,10166133.254,1.36036324278541,"Nordland"
"220",2008,1840,"Saltdal",0,0,4169200,4160815.875,0,5394,4155421.875,1.00331569824063,"Nordland"
"221",2008,1841,"Fauske",1409609.259,0,1326766,0,0,0,1409609.259,0.941229629082622,"Nordland"
"222",2008,1845,"Sorfold",0,0,11642144,13461206.625,0,296742,13164464.625,0.884361372196706,"Nordland"
"223",2008,1848,"Steigen",6231371.129,0,16507492,9441020.25,0,10776,15661615.379,1.05400953864147,"Nordland"
"224",2008,1849,"Hamaroy",0,0,1795462,5537533.5,0,11646,5525887.5,0.32491830497816,"Nordland"
"225",2008,1850,"Tysfjord",1563132.921,0,4702270,2304246.375,0,8826,3858553.296,1.21866140993171,"Nordland"
"226",2008,1851,"Lodingen",1246813.204,436298.3,11309462,6865697.625,0,708,8548101.129,1.32303792729264,"Nordland"
"227",2008,1854,"Ballangen",232677.342,0,1338536,806288.625,267354.925,0,1306320.892,1.02466094525265,"Nordland"
"228",2008,1859,"Flakstad",0,0,3667300,3906371.875,0,0,3906371.875,0.938799509455305,"Nordland"
"229",2008,1860,"Vestvagoy",0,0,4934450,5334599.75,0,5598,5329001.75,0.925961414818451,"Nordland"
"230",2008,1865,"Vagan",1368305.56,0,13981797,8655378,487885.425,25776,10485792.985,1.33340387512905,"Nordland"
"231",2008,1866,"Hadsel",0,723551.42,5495530,6716025.625,350134,599628,7190083.045,0.764320796520091,"Nordland"
"232",2008,1867,"Bo",1321319.231,0,7198597,3953356.875,0,18630,5256046.106,1.36958406658239,"Nordland"
"233",2008,1868,"Oksnes",1969429.465,256814.739,12166894,6700646.08,1012850.165,12546,9927194.449,1.225612539626,"Nordland"
"234",2008,1870,"Sortland",655483.168,0,2302037,1569475,0,5592,2219366.168,1.0372497486859,"Nordland"
"235",2009,2004,"Hammerfest",0,0,15294918,12759531.675,0,149652,12609879.675,1.21293132006036,"Finnmark"
"236",2009,2012,"Alta",9345178.312,0,16360587,6295742.5,0,28872,15612048.812,1.04794618547597,"Finnmark"
"237",2009,2014,"Loppa",1510953.548,0,14762235,9365279.934,0,30294,10845939.482,1.36108402822084,"Finnmark"
"238",2009,2017,"Kvalsund",1736701.066,0,1886000,377742.375,0,316872,1797571.441,1.04919334886118,"Finnmark"
"239",2009,2019,"Nordkapp",0,1834789.799,7145946,0,2985195.562,13338,4806647.361,1.48667989625794,"Finnmark"
"240",2009,2022,"Lebesby",328105.063,0,341332,0,0,0,328105.063,1.04031311458306,"Finnmark"
"241",2009,2027,"Nesseby",3084896.411,0,7282220,314878,2667569,1584,6065759.411,1.20054547280494,"Finnmark"
"242",2009,2030,"Sor-Varanger",2134844.918,0,6258162,2457449,887462,3582,5476173.918,1.1427982554443,"Finnmark"
"243",2009,1902,"Tromso",1974962.149,0,9547414,6078655.375,0,41958,8011659.524,1.19168993282845,"Troms"
"244",2009,1903,"Harstad",1730521.03,410908.8,10802234,7425670.5,0,0,9567100.33,1.12910219684087,"Troms"
"245",2009,1911,"Kvaefjord",1208749.89,455378.61,15762545,7527661.875,2540223.07,0,11732013.445,1.34354985816333,"Troms"
"246",2009,1913,"Skanland",2166153.65,0,2248663,0,0,0,2166153.65,1.03809025735547,"Troms"
"247",2009,1917,"Ibestad",0,0,7714524,9616307.625,0,0,9616307.625,0.802233487200863,"Troms"
"248",2009,1919,"Gratangen",1901241.985,0,1811595,0,0,0,1901241.985,0.952848198331787,"Troms"
"249",2009,1920,"Lavangen",0,0,5256949,7002552.375,0,1920,7000632.375,0.750924876268767,"Troms"
"250",2009,1923,"Salangen",1836135.826,0,1726212,0,0,0,1836135.826,0.940133063990441,"Troms"
"251",2009,1926,"Dyroy",0,0,4423919,8132235.75,0,0,8132235.75,0.543997879058044,"Troms"
"252",2009,1927,"Tranoy",8051312.829,0,14730275,4128699.375,0,0,12180012.204,1.20938097214406,"Troms"
"253",2009,1928,"Torsken",904856.375999999,0,8461468,7886088.25,931721.5,0,9722666.126,0.870282686903405,"Troms"
"254",2009,1929,"Berg",1743420.665,0,5125708,568000,38000,5426550,0,0,"Troms"
"255",2009,1931,"Lenvik",0,0,5794339,8380932.25,456863,1824,8835971.25,0.655767072578467,"Troms"
"256",2009,1936,"Karlsoy",0,0,7691306,7224540.75,0,82686,7141854.75,1.07693397152889,"Troms"
"257",2009,1938,"Lyngen",901441.023,0,5379085,3344668.875,0,16086,4230023.898,1.27164411589809,"Troms"
"258",2009,1940,"Kafjord",0,0,4811655,5319853.734,0,62418,5257435.734,0.91520947538795,"Troms"
"259",2009,1941,"Skjervoy",2951098.213,0,6236358,3681982.125,0,31206,6601874.338,0.944634459959938,"Troms"
"260",2009,1942,"Nordreisa",1440646.854,0,7031097,5119708.25,0,0,6560355.104,1.07175555111536,"Troms"
"261",2009,1943,"Kvaenangen",487303.522,0,7590092,5825327,243211,1938,6553903.522,1.15810249182365,"Troms"
"262",2009,1804,"Bodo",757501.949,0,344639,0,0,0,757501.949,0.454967806294053,"Nordland"
"263",2009,1811,"Bindal",504320.147,0,6486560,3921656.625,0,0,4425976.772,1.46556575737944,"Nordland"
"264",2009,1812,"Somna",154239.066,0,10336393,8697516.75,0,73584,8778171.816,1.17751090052257,"Nordland"
"265",2009,1813,"Bronnoy",614572.689999999,0,7230474,5027755.5,0,71778,5570550.19,1.29798202213128,"Nordland"
"266",2009,1815,"Vega",0,0,854000,1637602.875,0,2970,1634632.875,0.522441468699814,"Nordland"
"267",2009,1816,"Vevelstad",0,0,6282812,6012978.75,949863.34,7554,6955288.09,0.90331441612507,"Nordland"
"268",2009,1818,"Heroy",225595.445,0,5630120,5135969.349,0,39198,5322366.794,1.05782262251203,"Nordland"
"269",2009,1820,"Alstahaug",0,0,10947412,10592681.625,0,157248,10435433.625,1.04906153336776,"Nordland"
"270",2009,1824,"Vefsn",1481091.005,0,1350000,662663.25,0,1164,2142590.255,0.630078474803854,"Nordland"
"271",2009,1827,"Donna",226476.212,0,7831030,6385057.75,11150.24,42264,6580420.202,1.19005014263677,"Nordland"
"272",2009,1828,"Nesna",646355.191,0,1466500,845019.625,0,1062,1490312.816,0.984021598858746,"Nordland"
"273",2009,1833,"Rana",2657251.917,0,3569432,544059,0,720,3200590.917,1.11524155775138,"Nordland"
"274",2009,1834,"Luroy",7209034.955,0,15830238,7772576.154,0,53532,14928079.109,1.06043368905086,"Nordland"
"275",2009,1835,"Traena",0,0,1834000,3128981.625,0,7338,3121643.625,0.58751101032553,"Nordland"
"276",2009,1836,"Rodoy",0,0,10137821,11540121.423,0,85674,11454447.423,0.885055439657763,"Nordland"
"277",2009,1837,"Meloy",3089730.624,0,13328628,8636289.75,0,14094,11711926.374,1.13803891643214,"Nordland"
"278",2009,1838,"Gildeskal",0,0,8012410,3385320.625,8004157.335,165342,11224135.96,0.713855394175036,"Nordland"
"279",2009,1840,"Saltdal",0,0,1678200,2113438.578,0,3864,2109574.578,0.795515843574031,"Nordland"
"280",2009,1841,"Fauske",138263.526,0,3145000,2457498.042,0,113250,2482511.568,1.26686217318767,"Nordland"
"281",2009,1845,"Sorfold",7824396.135,0,13623828,5135415.75,0,82512,12877299.885,1.05797241049497,"Nordland"
"282",2009,1848,"Steigen",0,0,18790675,16401792.375,0,37032,16364760.375,1.14824015563992,"Nordland"
"283",2009,1849,"Hamaroy",697102.756,0,891525,0,0,0,697102.756,1.27890040933937,"Nordland"
"284",2009,1850,"Tysfjord",79026.9979999997,0,4964387,3774868.875,0,6336,3847559.873,1.29026894028011,"Nordland"
"285",2009,1851,"Lodingen",0,0,9094282,8412962.875,1264641.97,0,9677604.845,0.939724461337003,"Nordland"
"286",2009,1854,"Ballangen",35870.553,0,1404559,1115284,0,0,1151154.553,1.22013069082653,"Nordland"
"287",2009,1859,"Flakstad",2083533.187,0,2324050,727763.625,0,0,2811296.812,0.826682543828104,"Nordland"
"288",2009,1860,"Vestvagoy",558360.89,0,6505100,5762788,0,0,6321148.89,1.02910089814385,"Nordland"
"289",2009,1865,"Vagan",0,0,7576599,7886102.625,0,17442,7868660.625,0.962882930282687,"Nordland"
"290",2009,1866,"Hadsel",3899492.223,0,13537831,6362490.375,1633177.605,0,11895160.203,1.13809572708283,"Nordland"
"291",2009,1867,"Bo",164886.252,0,7835431,4708469,0,38820,4834535.252,1.62072062599162,"Nordland"
"292",2009,1868,"Oksnes",210103.745999999,0,12746870,9826133.625,1898928.775,25350,11909816.146,1.07028268478193,"Nordland"
"293",2009,1870,"Sortland",0,0,5295257,4154822,0,12576,4142246,1.27835406202336,"Nordland"
"294",2010,2004,"Hammerfest",1875544.636,0,12852972,8856949.821,0,33642,10698852.457,1.201341176697,"Finnmark"
"295",2010,2012,"Alta",6360657.23,0,29497416,16497056.799,0,121896,22735818.029,1.29739849089113,"Finnmark"
"296",2010,2014,"Loppa",0,0,9406850,10200118.404,0,44430,10155688.404,0.926264141414081,"Finnmark"
"297",2010,2017,"Kvalsund",0,0,3625320,3018140.913,0,84288,2933852.913,1.23568566915406,"Finnmark"
"298",2010,2019,"Nordkapp",188146.956,0,2900965,0,4909751.662,52698,5045200.618,0.574994974362385,"Finnmark"
"299",2010,2022,"Lebesby",1704504.262,0,2305411,0,0,0,1704504.262,1.35254047255647,"Finnmark"
"300",2010,2027,"Nesseby",0,0,5279910,5471313,1235365,270,6706408,0.787293287256009,"Finnmark"
"301",2010,2030,"Sor-Varanger",0,0,7449782,6040198,0,0,6040198,1.23336718432078,"Finnmark"
"302",2010,1902,"Tromso",1593276.278,0,12723576,8981922.813,0,42030,10533169.091,1.20795326554395,"Troms"
"303",2010,1903,"Harstad",1260870.77,0,15297121,9299029.5,1237474.61,0,11797374.88,1.2966546503437,"Troms"
"304",2010,1911,"Kvaefjord",0,0,8833742,7891706.25,2173661.2,0,10065367.45,0.877637308710473,"Troms"
"305",2010,1913,"Skanland",0,87164.52,6919361,5171533.875,0,0,5258698.395,1.31579346831888,"Troms"
"306",2010,1917,"Ibestad",6892790.707,0,7379674,586950.75,0,0,7479741.457,0.986621535306364,"Troms"
"307",2010,1919,"Gratangen",0,0,3899171,4634656.875,0,0,4634656.875,0.841307372943331,"Troms"
"308",2010,1920,"Lavangen",1092470.969,0,1502048,1085044.5,0,0,2177515.469,0.689799003214337,"Troms"
"309",2010,1923,"Salangen",0,0,2833205,3094740,0,0,3094740,0.915490477390669,"Troms"
"310",2010,1926,"Dyroy",3326642.925,448800.82,4671324,1102609.125,0,0,4878052.87,0.957620617178756,"Troms"
"311",2010,1927,"Tranoy",0,0,11170930,13380991.875,0,0,13380991.875,0.834835721025352,"Troms"
"312",2010,1928,"Torsken",2892478.242,0,11493670,8777629.75,0,637794,11032313.992,1.04181860744124,"Troms"
"313",2010,1929,"Berg",0,0,4460042,5761888.875,0,0,5761888.875,0.77405901029287,"Troms"
"314",2010,1931,"Lenvik",2167912.277,0,4317062,863991,0,2760,3029143.277,1.42517590131145,"Troms"
"315",2010,1936,"Karlsoy",4687200.764,0,12485357,5189378.625,0,42294,9834285.389,1.26957440283005,"Troms"
"316",2010,1938,"Lyngen",0,0,1380697,2371708.125,0,24168,2347540.125,0.588146283548615,"Troms"
"317",2010,1939,"Storfjord",0,0,228963,0,0,0,0,0,"Troms"
"318",2010,1941,"Skjervoy",0,0,11668810,11173942.125,0,26436,11147506.125,1.04676417031347,"Troms"
"319",2010,1942,"Nordreisa",0,0,6516617,7027057.875,0,111600,6915457.875,0.94232617966746,"Troms"
"320",2010,1943,"Kvaenangen",193616.615,0,8905568,7546025.25,0,282,7739359.865,1.15068534805753,"Troms"
"321",2010,1804,"Bodo",1251181.025,0,2374241,604948.5,0,187626,1668503.525,1.42297631645699,"Nordland"
"322",2010,1811,"Bindal",0,0,9546322,5777089.875,0,0,5777089.875,1.65244477869578,"Nordland"
"323",2010,1812,"Somna",0,0,5416887,8279298,0,118398,8160900,0.663760982244605,"Nordland"
"324",2010,1813,"Bronnoy",0,0,7303390,8144722.5,0,94734,8049988.5,0.907254712227229,"Nordland"
"325",2010,1815,"Vega",0,0,3328000,3390778.125,0,33372,3357406.125,0.991241415573458,"Nordland"
"326",2010,1816,"Vevelstad",1736083.853,0,4009000,2220024.375,0,6828,3949280.228,1.0151216851052,"Nordland"
"327",2010,1818,"Heroy",0,0,6582445,5575269.375,0,55926,5519343.375,1.19261378623685,"Nordland"
"328",2010,1820,"Alstahaug",3050071.405,0,8043951,6137167.5,0,67272,9119966.905,0.882015371743281,"Nordland"
"329",2010,1824,"Vefsn",0,0,3496500,3850615.125,0,13488,3837127.125,0.911228605698072,"Nordland"
"330",2010,1827,"Donna",5377339.719,16954.42,7880907,3179030.375,2000,11844,8563480.514,0.920292512736603,"Nordland"
"331",2010,1828,"Nesna",74903.4199999999,0,1906353,1310727.375,0,2928,1382702.795,1.37871493924332,"Nordland"
"332",2010,1833,"Rana",0,0,1185366,3770110.125,0,10266,3759844.125,0.315269984762999,"Nordland"
"333",2010,1834,"Luroy",0,0,10818297,14835067.743,0,39816,14795251.743,0.731200603269113,"Nordland"
"334",2010,1835,"Traena",1799107.369,0,1896500,0,0,0,1799107.369,1.05413386253547,"Nordland"
"335",2010,1836,"Rodoy",274379.96,0,16943547,12625754.625,0,84732,12815402.585,1.32212366233675,"Nordland"
"336",2010,1837,"Meloy",3633704.4,0,12668813,7761226.5,0,16062,11378868.9,1.11336312170711,"Nordland"
"337",2010,1838,"Gildeskal",3865241.967,0,9272947,2686725.625,0,8052,6543915.592,1.41703340601402,"Nordland"
"338",2010,1840,"Saltdal",0,0,3426250,2080940.625,0,8382,2072558.625,1.65314985963304,"Nordland"
"339",2010,1841,"Fauske",0,0,1478940,2050111.125,0,12948,2037163.125,0.725980154387489,"Nordland"
"340",2010,1845,"Sorfold",0,0,14572542,14011203.375,0,203472,13807731.375,1.05539002782056,"Nordland"
"341",2010,1848,"Steigen",434511.685000001,0,18394694,15395533.875,0,56484,15773561.56,1.16617251785715,"Nordland"
"342",2010,1849,"Hamaroy",380501.649,0,6221498,4661640,0,12750,5029391.649,1.23702794178636,"Nordland"
"343",2010,1850,"Tysfjord",464528.829,0,6593548,3594747.375,0,0,4059276.204,1.62431617575141,"Nordland"
"344",2010,1851,"Lodingen",1432203.352,0,8317252,4242104.5,0,0,5674307.852,1.46577383831377,"Nordland"
"345",2010,1854,"Ballangen",569152.712,0,2290761,1298610,0,4422,1863340.712,1.22938386160265,"Nordland"
"346",2010,1859,"Flakstad",0,0,4311644,5130181.125,0,0,5130181.125,0.840446739587581,"Nordland"
"347",2010,1860,"Vestvagoy",851865.331,0,7498525,6777060.125,0,660,7628265.456,0.982992141955685,"Nordland"
"348",2010,1865,"Vagan",3626249.905,0,15767611,8591752.125,661030.81,11622,12867410.84,1.22539112149776,"Nordland"
"349",2010,1866,"Hadsel",0,1219016.85,8881964,8818669.625,504212.4,2832,10539066.875,0.842765693143967,"Nordland"
"350",2010,1867,"Bo",0,0,7653629,4741059.5,0,25308,4715751.5,1.6229924329134,"Nordland"
"351",2010,1868,"Oksnes",425602.632999999,354618.88,11759696,8585876.25,0,18054,9348043.763,1.25798469692081,"Nordland"
"352",2010,1870,"Sortland",188349.121,0,2779833,2762145,0,0,2950494.121,0.942158460921739,"Nordland"
"353",2011,2004,"Hammerfest",8462277.926,0,22537376,11356253.577,0,54330,19764201.503,1.14031300463007,"Finnmark"
"354",2011,2012,"Alta",0,0,20840054,23696718.993,0,81258,23615460.993,0.882475002549276,"Finnmark"
"355",2011,2014,"Loppa",4238034.319,0,13313436,6875887.5,0,33306,11080615.819,1.20150686726015,"Finnmark"
"356",2011,2017,"Kvalsund",3652244.646,0,7361502,2495377.125,0,0,6147621.771,1.19745525574234,"Finnmark"
"357",2011,2018,"Masoy",2747042.493,0,2816696,0,0,0,2747042.493,1.02535581709329,"Finnmark"
"358",2011,2019,"Nordkapp",774541.063,857365.547,2092582,0,671284.4,7200,2295991.01,0.911406878722927,"Finnmark"
"359",2011,2022,"Lebesby",1786058.581,0,4333581,1974085,0,0,3760143.581,1.15250412827254,"Finnmark"
"360",2011,2027,"Nesseby",0,0,4839639,4491384,0,0,4491384,1.07753846030533,"Finnmark"
"361",2011,2030,"Sor-Varanger",3458870.06,0,8281099,3809975,0,0,7268845.06,1.1392592539316,"Finnmark"
"362",2011,1902,"Tromso",0,0,10728430,11403903.875,0,60942,11342961.875,0.945822627125774,"Troms"
"363",2011,1903,"Harstad",0,836419.33,13916511,12770384.625,0,0,13606803.955,1.02276118962427,"Troms"
"364",2011,1911,"Kvaefjord",444355.916,517336.57,8221621,3791625.75,269127.795,0,5022446.031,1.63697547952805,"Troms"
"365",2011,1913,"Skanland",0,1483783.28,1815472,2175981.75,0,0,3659765.03,0.496062448030987,"Troms"
"366",2011,1917,"Ibestad",0,0,12311979,11684481.75,0,0,11684481.75,1.05370347298458,"Troms"
"367",2011,1920,"Lavangen",414277.428,0,4218685,1824997.75,0,4584,2234691.178,1.88781565951123,"Troms"
"368",2011,1923,"Salangen",0,0,3559,972343.625,0,6492,965851.625,0.00368483099047434,"Troms"
"369",2011,1925,"Sorreisa",1027667.559,0,1351737,0,0,0,1027667.559,1.31534462498295,"Troms"
"370",2011,1926,"Dyroy",3531287.835,0,9366392,5599912.5,1507865.66,0,10639065.995,0.880377281652533,"Troms"
"371",2011,1927,"Tranoy",7354270.536,0,13771834,2854434.375,0,0,10208704.911,1.34902851243753,"Troms"
"372",2011,1928,"Torsken",0,0,12077677,14538771.75,0,0,14538771.75,0.830721962465639,"Troms"
"373",2011,1929,"Berg",0,0,5410500,3938582.25,0,0,3938582.25,1.37371766198357,"Troms"
"374",2011,1931,"Lenvik",1204416.183,0,9863448,6383594.75,0,123936,7464074.933,1.32145618694045,"Troms"
"375",2011,1936,"Karlsoy",0,0,12403717,15112686.375,0,28362,15084324.375,0.822291850244039,"Troms"
"376",2011,1938,"Lyngen",2254234.851,0,5441600,1993451.625,0,11850,4235836.476,1.28465771302358,"Troms"
"377",2011,1939,"Storfjord",0,0,376700,0,0,0,0,0,"Troms"
"378",2011,1940,"Kafjord",1033309.804,0,1090461,0,0,0,1033309.804,1.05530886843303,"Troms"
"379",2011,1941,"Skjervoy",3329609.093,0,7202664,3704648.625,0,4500,7029757.718,1.02459633588186,"Troms"
"380",2011,1942,"Nordreisa",0,0,1827092,3637254.375,0,0,3637254.375,0.502327253369514,"Troms"
"381",2011,1943,"Kvaenangen",281510.581,0,7331794,6444461,0,1200,6724771.581,1.09026662269319,"Troms"
"382",2011,1804,"Bodo",0,0,772045,1666657.125,0,6108,1660549.125,0.464933550219419,"Nordland"
"383",2011,1805,"Narvik",716692.384,0,312503,0,0,0,716692.384,0.436035050708729,"Nordland"
"384",2011,1811,"Bindal",294894,0,7890825,4226375.25,0,0,4521269.25,1.74526765907604,"Nordland"
"385",2011,1812,"Somna",0,0,1024254,2261304,0,33258,2228046,0.459709539210591,"Nordland"
"386",2011,1813,"Bronnoy",10638847.854,0,12415471,280077.75,0,0,10918925.604,1.13705976670926,"Nordland"
"387",2011,1815,"Vega",1599156.473,0,1451236,140848.875,0,306,1739699.348,0.834187816227198,"Nordland"
"388",2011,1816,"Vevelstad",0,0,8077763,6896769.75,0,16218,6880551.75,1.17399930899437,"Nordland"
"389",2011,1818,"Heroy",3754657.729,0,6822166,3089578.5,0,16548,6827688.229,0.999191200767407,"Nordland"
"390",2011,1820,"Alstahaug",0,0,8057122,9633908.25,0,82368,9551540.25,0.843541647641594,"Nordland"
"391",2011,1822,"Leirfjord",367236.167,0,310971,0,0,0,367236.167,0.846787511536139,"Nordland"
"392",2011,1824,"Vefsn",1092565.34,0,1003000,323188.875,0,612,1415142.215,0.708762687854662,"Nordland"
"393",2011,1827,"Donna",0,0,11501052,11129700.375,0,66606,11063094.375,1.03958726285384,"Nordland"
"394",2011,1828,"Nesna",1300850.691,0,4086741,3202206.75,0,11982,4491075.441,0.909969350033904,"Nordland"
"395",2011,1833,"Rana",3254672.851,0,3604704,0,0,0,3254672.851,1.10754726051574,"Nordland"
"396",2011,1834,"Luroy",5065125.526,0,13951461,4127207.298,0,26016,9166316.824,1.52203565160121,"Nordland"
"397",2011,1835,"Traena",0,0,2829498,3528214.875,0,17796,3510418.875,0.806028596801001,"Nordland"
"398",2011,1836,"Rodoy",4354814.095,0,13163485,8693192.5,0,63888,12984118.595,1.01381429195117,"Nordland"
"399",2011,1837,"Meloy",0,0,9751487,14026145.625,0,41208,13984937.625,0.697284983421583,"Nordland"
"400",2011,1838,"Gildeskal",0,0,11315610,9416602.25,0,80148,9336454.25,1.21198151857275,"Nordland"
"401",2011,1840,"Saltdal",0,0,1679616,2147344.875,0,7380,2139964.875,0.78488017239068,"Nordland"
"402",2011,1841,"Fauske",2020530.834,0,4600484,1979850.534,0,0,4000381.368,1.15001135561733,"Nordland"
"403",2011,1845,"Sorfold",0,0,10261010,10650029.625,0,99330,10550699.625,0.972543088582147,"Nordland"
"404",2011,1848,"Steigen",0,0,21730258,20466622.125,0,52962,20413660.125,1.06449592414775,"Nordland"
"405",2011,1849,"Hamaroy",1577713.449,0,2383250,1406664,0,5064,2979313.449,0.799932615616505,"Nordland"
"406",2011,1850,"Tysfjord",3557390.774,0,11824354,4511378.25,0,0,8068769.024,1.46544707932886,"Nordland"
"407",2011,1851,"Lodingen",1444108.039,372992.84,5039121,5973109.5,0,0,7790210.379,0.646853005867969,"Nordland"
"408",2011,1854,"Ballangen",0,0,2424680,1967978.25,0,0,1967978.25,1.23206646211664,"Nordland"
"409",2011,1859,"Flakstad",1799167.487,0,3737962,1283315.625,0,0,3082483.112,1.21264638415965,"Nordland"
"410",2011,1860,"Vestvagoy",755768.5,69225.11,7585555,6288754,0,0,7113747.61,1.06632332433846,"Nordland"
"411",2011,1865,"Vagan",0,0,11266952,8878700.25,0,0,8878700.25,1.26898664024613,"Nordland"
"412",2011,1866,"Hadsel",1255370.472,0,15434448,7457337.125,2231085.39,0,10943792.987,1.41033808098658,"Nordland"
"413",2011,1867,"Bo",0,0,8785763,6011243.75,0,16476,5994767.75,1.46557187307215,"Nordland"
"414",2011,1868,"Oksnes",0,0,13638303,11439509.625,0,7362,11432147.625,1.19297820911406,"Nordland"
"415",2011,1870,"Sortland",884709.388,0,6685559,4479339.5,0,0,5364048.888,1.24636429301686,"Nordland"
"416",2012,2004,"Hammerfest",0,0,17473890,21270785.814,0,182190,21088595.814,0.828594286415205,"Finnmark"
"417",2012,2012,"Alta",6628865.569,0,28113079,15928260.261,0,57864,22499261.83,1.24951117118494,"Finnmark"
"418",2012,2014,"Loppa",2367161.262,0,16645075,11850860.25,0,27168,14190853.512,1.17294389558209,"Finnmark"
"419",2012,2017,"Kvalsund",3881507.578,0,12594007,8222245.875,0,82398,12021355.453,1.04763618788571,"Finnmark"
"420",2012,2018,"Masoy",3649990.345,0,9476443,1888126.875,0,9180,5528937.22,1.71397189422238,"Finnmark"
"421",2012,2019,"Nordkapp",794054.441,2137619.406,5625932,909838.125,641193.28,14040,4468665.252,1.25897369409849,"Finnmark"
"422",2012,2022,"Lebesby",1546331.825,0,6654867,4351066.875,0,2370,5895028.7,1.12889475839193,"Finnmark"
"423",2012,2027,"Nesseby",3657593.048,0,9716739,4181368,0,0,7838961.048,1.23954423813333,"Finnmark"
"424",2012,2030,"Sor-Varanger",0,0,5159407,7367480,0,0,7367480,0.700294673348282,"Finnmark"
"425",2012,1902,"Tromso",3496869.268,0,9341699,5340324.75,0,66744,8770450.018,1.06513337181417,"Troms"
"426",2012,1903,"Harstad",6919360.016,0,21143940,11566152,1308020.535,0,19793532.551,1.06822468124477,"Troms"
"427",2012,1911,"Kvaefjord",499117.095,391304.69,14781940,8215315.875,1616056.13,0,10721793.79,1.37868161704311,"Troms"
"428",2012,1913,"Skanland",2931956.5,0,3547117,0,1753229.96,0,4685186.46,0.757091960007073,"Troms"
"429",2012,1917,"Ibestad",0,0,12530918,12013297.875,0,0,12013297.875,1.04308726299688,"Troms"
"430",2012,1920,"Lavangen",10161.5630000001,0,1688439,1931109.75,0,0,1941271.313,0.869759414200956,"Troms"
"431",2012,1923,"Salangen",2077294.568,0,1902964,1565422.875,0,0,3642717.443,0.522402308105674,"Troms"
"432",2012,1925,"Sorreisa",124399.572,0,4325418,1997093.875,0,0,2121493.447,2.03885522536804,"Troms"
"433",2012,1926,"Dyroy",0,0,11355989,14819608.918,0,60276,14759332.918,0.769410722225163,"Troms"
"434",2012,1927,"Tranoy",0,0,17537268,16384750.77,0,14592,16370158.77,1.07129492428252,"Troms"
"435",2012,1928,"Torsken",0,0,7240945,10754589.375,0,3300,10751289.375,0.673495498766631,"Troms"
"436",2012,1929,"Berg",1045891.053,0,5045302,0,0,0,1045891.053,4.82392691430739,"Troms"
"437",2012,1931,"Lenvik",35822.4249999998,0,6372602,6581507.875,0,104118,6513212.3,0.978411528210128,"Troms"
"438",2012,1936,"Karlsoy",430693.466999999,0,8948574,6161917.5,0,70476,6522134.967,1.37203140463622,"Troms"
"439",2012,1938,"Lyngen",0,0,1391481,3815821.125,0,12786,3803035.125,0.365886970344509,"Troms"
"440",2012,1940,"Kafjord",2077010.39,0,6217976,3018398.625,0,7944,5087465.015,1.22221498952165,"Troms"
"441",2012,1941,"Skjervoy",0,0,14242757,13181916.375,0,62628,13119288.375,1.08563487537486,"Troms"
"442",2012,1942,"Nordreisa",3538253.171,0,8499392,3655982,0,0,7194235.171,1.18141703711064,"Troms"
"443",2012,1943,"Kvaenangen",0,0,8982562,7463023.875,0,0,7463023.875,1.20360890578017,"Troms"
"444",2012,1804,"Bodo",1024401.324,0,817942,0,0,0,1024401.324,0.798458554120338,"Nordland"
"445",2012,1805,"Narvik",756700.272,0,4598218,2877214.5,0,3660,3630254.772,1.26663782263048,"Nordland"
"446",2012,1811,"Bindal",0,0,8579202,8035536.375,0,0,8035536.375,1.06765766460736,"Nordland"
"447",2012,1812,"Somna",659205.612,0,520688,0,0,0,659205.612,0.789871916321004,"Nordland"
"448",2012,1813,"Bronnoy",0,0,9427190,15984989.25,0,80436,15904553.25,0.592735291071442,"Nordland"
"449",2012,1815,"Vega",0,0,6259611,6215889.375,0,16536,6199353.375,1.00971998551381,"Nordland"
"450",2012,1816,"Vevelstad",0,105670.738,3902322,6693261.75,0,14940,6783992.488,0.575224988368236,"Nordland"
"451",2012,1818,"Heroy",694258.082,0,11954577,6136536.375,0,58440,6772354.457,1.76520249728565,"Nordland"
"452",2012,1820,"Alstahaug",4330241.049,0,8208776,7460816.625,0,55206,11735851.674,0.699461464580879,"Nordland"
"453",2012,1822,"Leirfjord",362578.832,0,1333500,883351,0,0,1245929.832,1.07028499177954,"Nordland"
"454",2012,1824,"Vefsn",743370.093,0,4229750,2356693.875,0,2952,3097111.968,1.36570780898548,"Nordland"
"455",2012,1827,"Donna",1471846.458,13768.642,4262871,4414811.25,0,32520,5867906.35,0.726472228037518,"Nordland"
"456",2012,1828,"Nesna",2472127.594,0,5277573,3396993.75,0,7080,5862041.344,0.900296106816404,"Nordland"
"457",2012,1833,"Rana",0,0,1973057,5112987.75,0,9120,5103867.75,0.386580745553213,"Nordland"
"458",2012,1834,"Luroy",0,0,15337617,10303314.25,0,24246,10279068.25,1.4921213311333,"Nordland"
"459",2012,1835,"Traena",1247757.744,0,2792000,1236200.625,0,3510,2480448.369,1.12560294940773,"Nordland"
"460",2012,1836,"Rodoy",0,0,27512273,27318523.5,0,131808,27186715.5,1.01197487427269,"Nordland"
"461",2012,1837,"Meloy",6642059.005,0,12624949,4271985,0,13794,10900250.005,1.15822563649539,"Nordland"
"462",2012,1838,"Gildeskal",4855688.633,0,16435120,8219013.875,0,28908,13045794.508,1.25980215232745,"Nordland"
"463",2012,1840,"Saltdal",1908060.148,0,4113487,2077535.25,0,3276,3982319.398,1.03293748915918,"Nordland"
"464",2012,1841,"Fauske",0,0,2485070,4031635.5,0,12204,4019431.5,0.618264050525553,"Nordland"
"465",2012,1845,"Sorfold",4129784.051,0,12043026,6775922.25,0,107940,10797766.301,1.11532567609698,"Nordland"
"466",2012,1848,"Steigen",1906273.578,0,20180700,15937273.125,0,44406,17799140.703,1.13380192542658,"Nordland"
"467",2012,1849,"Hamaroy",0,0,4710250,5641751.25,0,19410,5622341.25,0.837773765510943,"Nordland"
"468",2012,1850,"Tysfjord",994702.800000001,0,16996973,11570329.125,0,0,12565031.925,1.352720239905,"Nordland"
"469",2012,1851,"Lodingen",0,0,12235702,8955964.25,568418.215,0,9524382.465,1.28467142567652,"Nordland"
"470",2012,1854,"Ballangen",882468.853,0,1458902,840080.25,0,0,1722549.103,0.846943635719393,"Nordland"
"471",2012,1859,"Flakstad",0,0,4615444,5737383,0,0,5737383,0.804451088588647,"Nordland"
"472",2012,1860,"Vestvagoy",0,95822.2,7493919,6893243.625,159292.71,0,7148358.535,1.04834123292894,"Nordland"
"473",2012,1865,"Vagan",0,0,9134900,7370922.375,0,0,7370922.375,1.23931572403786,"Nordland"
"474",2012,1866,"Hadsel",59975.233,0,8401465,5887123.875,1889998.595,0,7837097.703,1.07201228291233,"Nordland"
"475",2012,1867,"Bo",226791.995,0,9349767,6345840.875,0,39006,6533626.87,1.43102249118796,"Nordland"
"476",2012,1868,"Oksnes",0,0,11217280,8093621.25,639687.135,28884,8704424.385,1.28868716687692,"Nordland"
"477",2012,1870,"Sortland",945419.209,0,6883068,4551371,196483.255,0,5693273.464,1.20898250251343,"Nordland"
"478",2013,2004,"Hammerfest",7943604.082,0,25913238,10790406,0,122148,18611862.082,1.39229690644771,"Finnmark"
"479",2013,2012,"Alta",0,0,29490375,24107346,0,536832,23570514,1.2511553630099,"Finnmark"
"480",2013,2014,"Loppa",0,0,19368013,16002546.75,0,127980,15874566.75,1.22006561218435,"Finnmark"
"481",2013,2017,"Kvalsund",0,0,6954919,9294399.258,0,119910,9174489.258,0.758071518143141,"Finnmark"
"482",2013,2018,"Masoy",0,0,6157892,8724836.997,0,63930,8660906.997,0.710998513450496,"Finnmark"
"483",2013,2019,"Nordkapp",3448936.399,0,7414668,889710.75,2760762.65,32712,7066697.799,1.04924084924775,"Finnmark"
"484",2013,2022,"Lebesby",4048252.965,0,8285045,5157523.125,0,61902,9143874.09,0.906076015313986,"Finnmark"
"485",2013,2027,"Nesseby",0,0,5895820,6925280.625,0,66450,6858830.625,0.859595508673171,"Finnmark"
"486",2013,2030,"Sor-Varanger",5557038.495,0,13382570,4964010.75,0,14922,10506127.245,1.27378716133187,"Finnmark"
"487",2013,1902,"Tromso",0,0,15028995,14396384,0,76674,14319710,1.04953207851276,"Troms"
"488",2013,1903,"Harstad",0,0,16187716,20236576.292,0,46224,20190352.292,0.80175500486012,"Troms"
"489",2013,1911,"Kvaefjord",0,0,5407194,8147916,3379663.395,0,11527579.395,0.469065864976417,"Troms"
"490",2013,1913,"Skanland",0,0,6453582,6145922.25,0,0,6145922.25,1.05005916727957,"Troms"
"491",2013,1917,"Ibestad",7675480.537,0,13714834,4053508.875,0,0,11728989.412,1.16931080063627,"Troms"
"492",2013,1919,"Gratangen",331331.345,0,292112,972070.875,0,0,1303402.22,0.22411500879598,"Troms"
"493",2013,1920,"Lavangen",634012.171,0,5976917,1700536,0,0,2334548.171,2.56020290103493,"Troms"
"494",2013,1923,"Salangen",0,0,1652991,8905460.75,0,31038,8874422.75,0.186264622113027,"Troms"
"495",2013,1925,"Sorreisa",1564189.597,0,2282545,0,0,0,1564189.597,1.45925085064992,"Troms"
"496",2013,1926,"Dyroy",9692757.191,0,10452883,1553098.25,0,2130,11243725.441,0.929663664845798,"Troms"
"497",2013,1927,"Tranoy",5880958.858,0,19595538,9047535.234,0,37998,14890496.092,1.31597616888854,"Troms"
"498",2013,1928,"Torsken",3659565.095,0,11120968,7179884,0,6054,10833395.095,1.02654503989545,"Troms"
"499",2013,1929,"Berg",2020879.501,0,8118693,2571769.449,0,2916,4589732.95,1.76888134635371,"Troms"
"500",2013,1931,"Lenvik",0,0,8822258,8407254.75,0,10596,8396658.75,1.05068673893648,"Troms"
"501",2013,1936,"Karlsoy",0,0,8371690,7835466.375,0,35208,7800258.375,1.07325803807108,"Troms"
"502",2013,1938,"Lyngen",2637769.422,0,4803047,837968.625,0,1776,3473962.047,1.38258476489337,"Troms"
"503",2013,1940,"Kafjord",1656683.654,0,4572174,4535175.375,0,22668,6169191.029,0.741130235472888,"Troms"
"504",2013,1941,"Skjervoy",886919.681,0,12513237,11066741.625,0,10104,11943557.306,1.04769765651929,"Troms"
"505",2013,1942,"Nordreisa",0,0,8519212,11273657.5,0,16530,11257127.5,0.756783824292654,"Troms"
"506",2013,1943,"Kvaenangen",735362.862,0,9242326,8029935,0,0,8765297.862,1.05442235341118,"Troms"
"507",2013,1804,"Bodo",2308103.974,0,3997971,1145301.75,0,966,3452439.724,1.15801326586752,"Nordland"
"508",2013,1805,"Narvik",0,0,379804,1903280.625,0,12978,1890302.625,0.200922325863035,"Nordland"
"509",2013,1811,"Bindal",375043.813,0,6396605,4447631.25,0,0,4822675.063,1.32636035321462,"Nordland"
"510",2013,1812,"Somna",3968028.783,0,7117775,1891366.875,0,5940,5853455.658,1.21599537365112,"Nordland"
"511",2013,1813,"Bronnoy",6627987.784,0,14459294,4825062.5,0,3228,11449822.284,1.2628400372821,"Nordland"
"512",2013,1815,"Vega",3506708.061,0,3370264,837433.125,0,720,4343421.186,0.775946852877924,"Nordland"
"513",2013,1816,"Vevelstad",5579063.827,1181066.093,7903120,0,0,0,6760129.92,1.16907812327962,"Nordland"
"514",2013,1818,"Heroy",459273.154999999,0,9896954,7986200.625,0,40776,8404697.78,1.17755025332987,"Nordland"
"515",2013,1820,"Alstahaug",0,0,7159576,9086339.25,0,99090,8987249.25,0.796637080027573,"Nordland"
"516",2013,1822,"Leirfjord",0,0,490886,764570.25,0,2112,762458.25,0.643820169825692,"Nordland"
"517",2013,1824,"Vefsn",601525.401,0,1592750,1911150,0,2520,2510155.401,0.634522467957752,"Nordland"
"518",2013,1827,"Donna",0,0,10714242,8890209,54588.96,29664,8915133.96,1.20180381451049,"Nordland"
"519",2013,1828,"Nesna",0,0,5302652,6669055.125,0,22920,6646135.125,0.797854978911522,"Nordland"
"520",2013,1833,"Rana",3616509.058,0,5685427,1562324.625,0,1488,5177345.683,1.09813548256364,"Nordland"
"521",2013,1834,"Luroy",0,0,15905140,17911983.375,0,38478,17873505.375,0.889872448985123,"Nordland"
"522",2013,1835,"Traena",0,0,1469500,3481032.5,0,6648,3474384.5,0.4229526121821,"Nordland"
"523",2013,1836,"Rodoy",6447950.061,0,21492650,15093080.25,0,55680,21485350.311,1.00033975191907,"Nordland"
"524",2013,1837,"Meloy",0,0,6242292,11988263.25,0,46656,11941607.25,0.522734659524161,"Nordland"
"525",2013,1838,"Gildeskal",0,0,16394493,14588504.625,0,95454,14493050.625,1.13119683524186,"Nordland"
"526",2013,1840,"Saltdal",0,0,2365000,4207344.75,0,3804,4203540.75,0.562620928558858,"Nordland"
"527",2013,1841,"Fauske",893400.325,0,2053515,774699.75,0,1764,1666336.075,1.23235344346728,"Nordland"
"528",2013,1845,"Sorfold",0,0,15747480,18067276.125,0,103422,17963854.125,0.876620344967314,"Nordland"
"529",2013,1848,"Steigen",0,0,19408371,18602605.632,0,160068,18442537.632,1.05236987378159,"Nordland"
"530",2013,1849,"Hamaroy",2542865.573,0,3696250,0,0,0,2542865.573,1.45357664174094,"Nordland"
"531",2013,1850,"Tysfjord",0,0,17906533,17311427.5,0,0,17311427.5,1.03437645451249,"Nordland"
"532",2013,1851,"Lodingen",1903695.283,0,5904705,4243349.25,0,0,6147044.533,0.960576252262528,"Nordland"
"533",2013,1854,"Ballangen",740647.931,0,5629523,3931579.125,0,5118,4667109.056,1.20621201100127,"Nordland"
"534",2013,1859,"Flakstad",1202976.334,0,1207938,0,0,0,1202976.334,1.00412449177907,"Nordland"
"535",2013,1860,"Vestvagoy",0,0,5455650,4877100.625,177552.59,0,5054653.215,1.07933220498886,"Nordland"
"536",2013,1865,"Vagan",1857420.43,358209.7,7530128,4180334.625,0,0,6395964.755,1.17732481157176,"Nordland"
"537",2013,1866,"Hadsel",866019.27,1252239.152,20829754,9929954.125,3614359.83,0,15662572.377,1.32990632053441,"Nordland"
"538",2013,1867,"Bo",287545.791,0,8142300,6085159,0,73236,6299468.791,1.2925375567592,"Nordland"
"539",2013,1868,"Oksnes",0,0,11648992,9573978.102,638667.905,9372,10203274.007,1.1416915778218,"Nordland"
"540",2013,1870,"Sortland",0,0,7296319,6544237.25,153525.775,0,6697763.025,1.08936655011021,"Nordland"
"541",2014,2004,"Hammerfest",0,0,15127665,23620324.5,0,264570,23355754.5,0.647706114568039,"Finnmark"
"542",2014,2012,"Alta",0,0,29915733,24690273.75,0,299532,24390741.75,1.22652001758003,"Finnmark"
"543",2014,2014,"Loppa",12760.6779999994,0,13966832,10612296,0,36204,10588852.678,1.31901277926156,"Finnmark"
"544",2014,2015,"Hasvik",924725.642,0,962076,0,0,0,924725.642,1.0403907454315,"Finnmark"
"545",2014,2017,"Kvalsund",2440009.906,0,15741414,9082419.75,0,406098,11116331.656,1.41606192466412,"Finnmark"
"546",2014,2018,"Masoy",10664009.754,0,14881075,1359325.125,0,5622,12017712.879,1.23826181818701,"Finnmark"
"547",2014,2019,"Nordkapp",0,0,4630811,4465225.125,1963535.245,104130,6324630.37,0.732186820271048,"Finnmark"
"548",2014,2022,"Lebesby",422148.879,0,13709732,11133367.037,0,54876,11500639.916,1.19208427532164,"Finnmark"
"549",2014,2027,"Nesseby",0,0,2060481,3151102.5,0,21816,3129286.5,0.65845073629404,"Finnmark"
"550",2014,2030,"Sor-Varanger",0,0,8631847,12865880.25,0,84576,12781304.25,0.675349465998355,"Finnmark"
"551",2014,1902,"Tromso",7473931.876,0,13323579,5870337.375,0,7374,13336895.251,0.999001547905312,"Troms"
"552",2014,1903,"Harstad",6991547.589,0,22284894,10634722.875,0,0,17626270.464,1.26430001431754,"Troms"
"553",2014,1911,"Kvaefjord",5345649.744,1196928.198,7758987,0,0,0,6542577.942,1.18592198194404,"Troms"
"554",2014,1913,"Skanland",2941179.781,0,4106141,2102812.875,0,0,5043992.656,0.814065618258902,"Troms"
"555",2014,1917,"Ibestad",0,0,19120345,17892789.75,0,30258,17862531.75,1.07041629191226,"Troms"
"556",2014,1919,"Gratangen",0,0,982174,1355308.875,0,0,1355308.875,0.72468646676574,"Troms"
"557",2014,1920,"Lavangen",0,0,1070921,701238,0,0,701238,1.52718620496893,"Troms"
"558",2014,1923,"Salangen",1763115.417,0,1879899,3940972.75,0,0,5704088.167,0.329570466823396,"Troms"
"559",2014,1925,"Sorreisa",0,0,4138110,194474,0,23436,171038,24.194097218162,"Troms"
"560",2014,1926,"Dyroy",0,0,17150433,18368214.57,0,28644,18339570.57,0.935160010128852,"Troms"
"561",2014,1927,"Tranoy",0,0,13365515,21243955.926,0,68658,21175297.926,0.63118427172584,"Troms"
"562",2014,1928,"Torsken",2907677.112,0,21081355,16478404.25,0,0,19386081.362,1.0874479791116,"Troms"
"563",2014,1929,"Berg",323622.343,0,2714257,3610890.714,0,6774,3927739.057,0.691048198622732,"Troms"
"564",2014,1931,"Lenvik",4196904.561,0,10846978,4160155.75,0,3384,8353676.311,1.29846759632245,"Troms"
"565",2014,1936,"Karlsoy",3313080.806,0,16356752,8686563.75,0,78792,11920852.556,1.37211260043371,"Troms"
"566",2014,1938,"Lyngen",0,0,1182236,4167329.625,0,11202,4156127.625,0.284456134813714,"Troms"
"567",2014,1940,"Kafjord",0,0,1653975,3626106.75,0,16410,3609696.75,0.458203310291924,"Troms"
"568",2014,1941,"Skjervoy",0,0,12965070,13209300,0,199164,13010136,0.99653608540295,"Troms"
"569",2014,1942,"Nordreisa",2881225.24,0,3130493,0,0,0,2881225.24,1.08651449964391,"Troms"
"570",2014,1943,"Kvaenangen",9625917.735,0,13570362,8580142.125,0,540,18205519.86,0.745398214626979,"Troms"
"571",2014,1804,"Bodo",0,0,1517740,2661835.5,0,13044,2648791.5,0.572993382076317,"Nordland"
"572",2014,1805,"Narvik",1982271.981,0,1887047,0,0,0,1982271.981,0.951961697530547,"Nordland"
"573",2014,1811,"Bindal",0,0,8265640,6034882.5,0,0,6034882.5,1.36964389944626,"Nordland"
"574",2014,1812,"Somna",0,0,2708777,6341816.25,0,14802,6327014.25,0.42812879708624,"Nordland"
"575",2014,1813,"Bronnoy",0,0,7412062,10534942.25,0,23952,10510990.25,0.705172569254357,"Nordland"
"576",2014,1815,"Vega",0,0,8128364,9150143.625,0,14472,9135671.625,0.889739072686952,"Nordland"
"577",2014,1816,"Vevelstad",0,0,5589771,9756533.25,1453742.05,76452,11133823.3,0.502053144673133,"Nordland"
"578",2014,1818,"Heroy",0,0,11310273,10179078.75,0,427860,9751218.75,1.15988301462317,"Nordland"
"579",2014,1820,"Alstahaug",2641689.971,0,8035446,4705970.625,0,6756,7340904.596,1.09461250925103,"Nordland"
"580",2014,1824,"Vefsn",0,0,3576999,4278928.5,0,24966,4253962.5,0.840862842585002,"Nordland"
"581",2014,1827,"Donna",4882015.377,13536.86,8637276,3212856,0,8430,8099978.237,1.06633323538398,"Nordland"
"582",2014,1828,"Nesna",3746519.381,0,3948329,1013167.125,0,7056,4752630.506,0.830767086777606,"Nordland"
"583",2014,1833,"Rana",0,0,1282470,5463903.375,0,19002,5444901.375,0.235535946691045,"Nordland"
"584",2014,1834,"Luroy",6678135.883,0,12958970,3673327.5,0,993048,9358415.383,1.38473977373783,"Nordland"
"585",2014,1835,"Traena",2021357.579,0,3041500,625953.375,0,540,2646770.954,1.14913608047703,"Nordland"
"586",2014,1836,"Rodoy",0,0,30094033,27790359.75,0,77070,27713289.75,1.08590619415726,"Nordland"
"587",2014,1837,"Meloy",9539700.799,0,14434958,2521849.5,0,3966,12057584.299,1.19716832510117,"Nordland"
"588",2014,1838,"Gildeskal",5470913.958,0,20107715,10010425.375,0,27510,15453829.333,1.3011477328187,"Nordland"
"589",2014,1840,"Saltdal",1032974.364,0,3610554,0,0,0,1032974.364,3.49529874683318,"Nordland"
"590",2014,1841,"Fauske",0,0,2649500,3503602.125,0,19602,3484000.125,0.76047643655007,"Nordland"
"591",2014,1845,"Sorfold",110262.612,0,16371273,13590522,0,20622,13680162.612,1.19671625727895,"Nordland"
"592",2014,1848,"Steigen",7175984.13,0,25587002,15215666.125,0,58320,22333330.255,1.1456868146331,"Nordland"
"593",2014,1849,"Hamaroy",0,0,3365250,5433000.75,0,21606,5411394.75,0.62188218665807,"Nordland"
"594",2014,1850,"Tysfjord",4147443.54,0,24198710,14609853.875,0,0,18757297.415,1.29009576724249,"Nordland"
"595",2014,1851,"Lodingen",0,0,7226511,8450499.125,0,29676,8420823.125,0.858171569777509,"Nordland"
"596",2014,1854,"Ballangen",0,0,5715337,4745615.625,0,6648,4738967.625,1.20602997366963,"Nordland"
"597",2014,1859,"Flakstad",0,0,3110485,3844301.625,0,0,3844301.625,0.80911575194103,"Nordland"
"598",2014,1860,"Vestvagoy",0,587634.113,2264160,2696964,0,102600,3181998.113,0.711552904682694,"Nordland"
"599",2014,1865,"Vagan",0,0,10201809,9898123.625,1130113.825,0,11028237.45,0.925062508515357,"Nordland"
"600",2014,1866,"Hadsel",336473.033,1077063.892,17019033,7328521.125,4423470.685,0,13165528.735,1.29269650635114,"Nordland"
"601",2014,1867,"Bo",732229.087,0,5163996,4044527.125,0,57426,4719330.212,1.09422222392265,"Nordland"
"602",2014,1868,"Oksnes",533418.926,0,11204963,7105439.25,0,0,7638858.176,1.46683741756119,"Nordland"
"603",2014,1870,"Sortland",1158822.983,108488.355,9663839,7769993.625,0,0,9037304.963,1.06932753067038,"Nordland"
"604",2014,1874,"Moskenes",220745.84,0,235400,0,0,0,220745.84,1.06638476176946,"Nordland"
"605",2015,2004,"Hammerfest",10808192.743,0,21289982,7590903.75,0,49992,18349104.493,1.16027362578495,"Finnmark"
"606",2015,2012,"Alta",4009942.649,0,34292060,22426470,0,135024,26301388.649,1.30381176665757,"Finnmark"
"607",2015,2014,"Loppa",0,0,15752388,11773024.875,0,68976,11704048.875,1.34589219237176,"Finnmark"
"608",2015,2015,"Hasvik",4392756.202,0,7328816,865918.125,0,9174,5249500.327,1.39609782712182,"Finnmark"
"609",2015,2017,"Kvalsund",0,0,3459880,8175661.875,0,51990,8123671.875,0.425901003048575,"Finnmark"
"610",2015,2018,"Masoy",0,0,7490718,13587199.875,0,118302,13468897.875,0.556149290722868,"Finnmark"
"611",2015,2019,"Nordkapp",0,0,5715692,4931869.5,0,176892,4754977.5,1.20204396340466,"Finnmark"
"612",2015,2022,"Lebesby",495208.387,0,11412365,7820443.125,0,623292,7692359.512,1.48359745565672,"Finnmark"
"613",2015,2027,"Nesseby",1098729.004,0,5034907,1998436.5,0,4062,3093103.504,1.62778484246934,"Finnmark"
"614",2015,2030,"Sor-Varanger",971599.999,0,2994706,4495050,0,25410,5441239.999,0.550371974136478,"Finnmark"
"615",2015,1902,"Tromso",0,0,16333273,20909091.106,0,62760,20846331.106,0.78350827860059,"Troms"
"616",2015,1903,"Harstad",0,0,27718001,23963346.6,0,310824,23652522.6,1.17188350133951,"Troms"
"617",2015,1911,"Kvaefjord",0,0,14046420,12974824.125,3480154.025,0,16454978.15,0.85362738691938,"Troms"
"618",2015,1913,"Skanland",3037461.236,0,14088294,7722274.5,0,41814,10717921.736,1.31446136172831,"Troms"
"619",2015,1917,"Ibestad",3131912.58,0,10479383,7545605,0,29484,10648033.58,0.984161340332663,"Troms"
"620",2015,1919,"Gratangen",0,0,2048093,3909750.75,0,0,3909750.75,0.523842344681435,"Troms"
"621",2015,1920,"Lavangen",1825985.529,0,2005401,0,0,13806,1812179.529,1.10662380184077,"Troms"
"622",2015,1923,"Salangen",447553.037,0,6505293,0,0,60,447493.037,14.5371937932523,"Troms"
"623",2015,1926,"Dyroy",0,0,6183404,4349219.625,0,38112,4311107.625,1.4342959020885,"Troms"
"624",2015,1927,"Tranoy",7787224.521,0,16555724,2491020,0,0,10278244.521,1.61075405106136,"Troms"
"625",2015,1928,"Torsken",0,0,5976835,12654464.25,0,0,12654464.25,0.472310394333762,"Troms"
"626",2015,1929,"Berg",8598172.844,0,15584330,3903585.625,0,918,12500840.469,1.24666257750001,"Troms"
"627",2015,1931,"Lenvik",0,0,19233270,14763225.071,0,60210,14703015.071,1.30811741041709,"Troms"
"628",2015,1936,"Karlsoy",3283384.61,0,14312989,11650668.75,0,32610,14901443.36,0.960510244156644,"Troms"
"629",2015,1938,"Lyngen",2057125.667,0,3914642,1804430.25,0,11868,3849687.917,1.01687255808793,"Troms"
"630",2015,1940,"Kafjord",2502129.447,0,4589825,549851.625,0,792,3051189.072,1.50427419989134,"Troms"
"631",2015,1941,"Skjervoy",1198295.841,0,7894308,6797593.875,0,8454,7987435.716,0.988340724193442,"Troms"
"632",2015,1942,"Nordreisa",1910734.26,0,12110553,7407214.674,0,8802,9309146.934,1.30093048115594,"Troms"
"633",2015,1943,"Kvaenangen",0,0,12472272,10608886.125,0,47346,10561540.125,1.18091413301334,"Troms"
"634",2015,1804,"Bodo",4081729.848,0,5034743,602859.375,0,720,4683869.223,1.07491109599667,"Nordland"
"635",2015,1805,"Narvik",0,0,6079014,2766105,0,7584,2758521,2.20372221201144,"Nordland"
"636",2015,1811,"Bindal",3818942.019,0,14920640,5865940.125,0,0,9684882.144,1.54061141665453,"Nordland"
"637",2015,1813,"Bronnoy",2092970.967,0,14837173,11423031.5,0,8730,13507272.467,1.09845811108417,"Nordland"
"638",2015,1815,"Vega",2266366.765,0,3993259,0,0,0,2266366.765,1.76196503658136,"Nordland"
"639",2015,1816,"Vevelstad",5414168.427,0,7380405,1456248.375,0,3846,6866570.802,1.07483126771959,"Nordland"
"640",2015,1818,"Heroy",1926128.886,0,12012105,9719224.875,0,346212,11299141.761,1.0630988843295,"Nordland"
"641",2015,1820,"Alstahaug",0,0,6493422,9309405.25,0,32316,9277089.25,0.699941740886022,"Nordland"
"642",2015,1822,"Leirfjord",173061.069,0,90692,0,0,0,173061.069,0.524046225555211,"Nordland"
"643",2015,1824,"Vefsn",1551940.339,0,1819499,0,0,0,1551940.339,1.17240267185297,"Nordland"
"644",2015,1827,"Donna",264455.839000001,0,16507438,10952104.5,39200.63,30072,11225688.969,1.47050555610312,"Nordland"
"645",2015,1828,"Nesna",0,0,6008746,9034416,0,28548,9005868,0.667203427809513,"Nordland"
"646",2015,1833,"Rana",3497676.583,0,4209007,282535.875,0,408,3779804.458,1.11355152012999,"Nordland"
"647",2015,1834,"Luroy",0,0,14481880,18120133.866,0,716202,17403931.866,0.83210392407313,"Nordland"
"648",2015,1835,"Traena",0,0,1670000,3572419.5,0,6060,3566359.5,0.468264626715282,"Nordland"
"649",2015,1836,"Rodoy",6654523.254,0,27137914,16427850.75,0,44820,23037554.004,1.17798590923707,"Nordland"
"650",2015,1837,"Meloy",0,0,10300048,19964687.875,0,48420,19916267.875,0.517167577010208,"Nordland"
"651",2015,1838,"Gildeskal",0,0,19882733,20707728.875,0,75888,20631840.875,0.963691660887725,"Nordland"
"652",2015,1840,"Saltdal",0,0,2572936,5639251.5,0,4662,5634589.5,0.456632377567168,"Nordland"
"653",2015,1841,"Fauske",1533285.637,0,1429267,68539.5,0,1386,1600439.137,0.893046768825674,"Nordland"
"654",2015,1845,"Sorfold",0,0,13786991,11869855.875,0,38340,11831515.875,1.16527680355244,"Nordland"
"655",2015,1848,"Steigen",0,0,25027092,25081291.375,0,113268,24968023.375,1.00236577097485,"Nordland"
"656",2015,1849,"Hamaroy",0,0,936271,0,0,0,0,0,"Nordland"
"657",2015,1850,"Tysfjord",0,0,24282013,23441212.125,0,0,23441212.125,1.0358684896718,"Nordland"
"658",2015,1851,"Lodingen",4293349.923,0,8171504,3127069,0,0,7420418.923,1.1012186892403,"Nordland"
"659",2015,1853,"Evenes",505316.564,0,1469155,2616426,0,8316,3113426.564,0.471877196972487,"Nordland"
"660",2015,1854,"Ballangen",0,0,2565634,2171667.375,0,1158,2170509.375,1.18204234893019,"Nordland"
"661",2015,1860,"Vestvagoy",0,0,604152,0,485215.905,0,485215.905,1.24511994304886,"Nordland"
"662",2015,1865,"Vagan",287617.406,245085.048,1247480,1007597.25,0,0,1540299.704,0.809894332096814,"Nordland"
"663",2015,1866,"Hadsel",0,36190.5090000001,12464457,6341501.25,5816136.115,0,12193827.874,1.02219394342748,"Nordland"
"664",2015,1867,"Bo",0,0,6580665,6287637.375,0,6462,6281175.375,1.04768050677139,"Nordland"
"665",2015,1868,"Oksnes",505666.452000001,0,7983674,5923532.25,0,0,6429198.702,1.24178367632601,"Nordland"
"666",2015,1870,"Sortland",0,430471.345,9573828,8092649,271941.46,1470,8793591.805,1.08872781592572,"Nordland"
"667",2015,1874,"Moskenes",0,0,1008750,698537.5,0,0,698537.5,1.44408854213267,"Nordland"
"668",2016,2004,"Hammerfest",0,0,21234758,23857610.625,0,114546,23743064.625,0.894356239827655,"Finnmark"
"669",2016,2012,"Alta",0,0,34464214,28873405.125,0,552576,28320829.125,1.21692108122558,"Finnmark"
"670",2016,2014,"Loppa",0,0,3492166,7375825.125,0,49008,7326817.125,0.476627973705567,"Finnmark"
"671",2016,2015,"Hasvik",0,0,4898272,8833384.125,0,22398,8810986.125,0.555927784984453,"Finnmark"
"672",2016,2017,"Kvalsund",4335952.85,0,8274068,1369530,0,7560,5697922.85,1.45212004757137,"Finnmark"
"673",2016,2018,"Masoy",6665563.236,0,8012747,588449.25,0,23478,7230534.486,1.10818183849542,"Finnmark"
"674",2016,2019,"Nordkapp",4924248.28,0,7583389,2482503.75,0,16944,7389808.03,1.02619566965936,"Finnmark"
"675",2016,2022,"Lebesby",534211.185,0,14925048,12605135.625,0,73566,13065780.81,1.14230050366198,"Finnmark"
"676",2016,2027,"Nesseby",1794928.699,0,6608115,3994743.375,0,10440,5779232.074,1.14342440576647,"Finnmark"
"677",2016,2028,"Batsfjord",1020425.333,0,1112188,0,0,0,1020425.333,1.08992590053622,"Finnmark"
"678",2016,2030,"Sor-Varanger",1513889.261,0,3069190,3017939.625,0,12432,4519396.886,0.679114952153817,"Finnmark"
"679",2016,1902,"Tromso",16282111.462,0,21293228,2885794.5,0,126,19167779.962,1.11088650027357,"Troms"
"680",2016,1903,"Harstad",0,0,21167391,18408310.191,0,32268,18376042.191,1.15190152373328,"Troms"
"681",2016,1911,"Kvaefjord",7982078.452,0,7964791,0,0,0,7982078.452,0.997834216726388,"Troms"
"682",2016,1913,"Skanland",0,0,5382072,7564759.281,0,38664,7526095.281,0.715121427387095,"Troms"
"683",2016,1917,"Ibestad",0,0,16784457,15961285.125,0,41424,15919861.125,1.05430925987428,"Troms"
"684",2016,1919,"Gratangen",721398.123,0,1526714,2797572.375,0,0,3518970.498,0.433852457946921,"Troms"
"685",2016,1920,"Lavangen",0,0,5163760,5811248.875,0,12,5811236.875,0.888581916564879,"Troms"
"686",2016,1923,"Salangen",0,0,999151,1931511.375,0,0,1931511.375,0.517289731208546,"Troms"
"687",2016,1926,"Dyroy",5421319.399,0,21401262,11595868.728,0,5688,17011500.127,1.25804672370032,"Troms"
"688",2016,1927,"Tranoy",0,0,22753828,19792019.454,0,67086,19724933.454,1.1535566420573,"Troms"
"689",2016,1928,"Torsken",6565993.7,0,11333225,5692360.5,0,0,12258354.2,0.924530717182246,"Troms"
"690",2016,1929,"Berg",0,0,7196386,14331589.471,0,48468,14283121.471,0.503838465185031,"Troms"
"691",2016,1931,"Lenvik",2684155.187,0,11707287,8323040.193,0,45834,10961361.38,1.06805045414897,"Troms"
"692",2016,1936,"Karlsoy",0,0,13299613,17804169,0,114780,17689389,0.751841287452043,"Troms"
"693",2016,1938,"Lyngen",0,0,1896117,4276941.75,0,6396,4270545.75,0.443998755896714,"Troms"
"694",2016,1940,"Kafjord",0,0,2643601,3675960,0,16704,3659256,0.722442212296707,"Troms"
"695",2016,1941,"Skjervoy",8259848.35,0,23898603,12470965.5,0,18900,20711913.85,1.15385778316184,"Troms"
"696",2016,1942,"Nordreisa",0,0,1031582,5895481.167,0,57504,5837977.167,0.176701958656359,"Troms"
"697",2016,1943,"Kvaenangen",0,0,13210280,10765417.5,0,67470,10697947.5,1.23484247796131,"Troms"
"698",2016,1804,"Bodo",0,0,7995613,7814306.125,0,11838,7802468.125,1.02475433054076,"Nordland"
"699",2016,1805,"Narvik",0,0,740666,2175860.838,0,27144,2148716.838,0.344701538565409,"Nordland"
"700",2016,1811,"Bindal",658059.151000001,0,15958490,8266060.125,0,0,8924119.276,1.78824257122132,"Nordland"
"701",2016,1812,"Somna",799301.014,0,703893,0,0,0,799301.014,0.880635690023033,"Nordland"
"702",2016,1813,"Bronnoy",0,0,5396515,10211445,0,12408,10199037,0.529120053197179,"Nordland"
"703",2016,1815,"Vega",0,0,7870296,9360807.75,0,29166,9331641.75,0.843398858512759,"Nordland"
"704",2016,1816,"Vevelstad",0,0,6216392,10599646.5,0,32652,10566994.5,0.588283830373906,"Nordland"
"705",2016,1818,"Heroy",1941940.262,0,16344916,12538623.375,0,43356,14437207.637,1.13213832002463,"Nordland"
"706",2016,1820,"Alstahaug",0,0,9889128,12870715.5,0,29274,12841441.5,0.770094852668994,"Nordland"
"707",2016,1822,"Leirfjord",2554906.425,0,2789347,0,0,0,2554906.425,1.09176092427729,"Nordland"
"708",2016,1824,"Vefsn",0,0,3094240,3952389.375,0,10920,3941469.375,0.78504732768601,"Nordland"
"709",2016,1827,"Donna",114167.589,17648.632,17466910,11878085.25,0,33222,11976679.471,1.45841007453643,"Nordland"
"710",2016,1828,"Nesna",2609647.174,0,2330013,0,0,0,2609647.174,0.892845984397429,"Nordland"
"711",2016,1833,"Rana",0,0,2608686,6162009.125,0,14064,6147945.125,0.424318361169497,"Nordland"
"712",2016,1834,"Luroy",7354249.032,0,14239763,5803911,0,294744,12863416.032,1.10699700332914,"Nordland"
"713",2016,1835,"Traena",1224695.578,0,2818624,1246412.25,0,1392,2469715.828,1.14127462279033,"Nordland"
"714",2016,1836,"Rodoy",0,0,14757621,24274886.625,0,445020,23829866.625,0.619290960886777,"Nordland"
"715",2016,1837,"Meloy",10694575,0,15424097,3044731.5,0,3672,13735634.5,1.12292570102968,"Nordland"
"716",2016,1838,"Gildeskal",0,0,19013973,18902176.25,0,55572,18846604.25,1.00888057857956,"Nordland"
"717",2016,1840,"Saltdal",3715670.269,0,5037132,959640.75,0,636,4674675.019,1.07753629493533,"Nordland"
"718",2016,1841,"Fauske",0,0,2440364,3344502.375,0,5010,3339492.375,0.730758967521224,"Nordland"
"719",2016,1845,"Sorfold",7192991.187,0,9717752,956445.75,0,0,8149436.937,1.19244459158639,"Nordland"
"720",2016,1848,"Steigen",0,0,21981266,19998209.172,0,77028,19921181.172,1.10341178116966,"Nordland"
"721",2016,1849,"Hamaroy",3440304.325,0,6096840,1900895.625,0,3108,5338091.95,1.14213843768652,"Nordland"
"722",2016,1850,"Tysfjord",0,0,17259509,16634171.25,0,0,16634171.25,1.03759356210788,"Nordland"
"723",2016,1851,"Lodingen",0,0,8659721,9238464.875,0,1068,9237396.875,0.937463347865521,"Nordland"
"724",2016,1852,"Tjeldsund",1529080.97,0,1653018,0,0,0,1529080.97,1.08105328130531,"Nordland"
"725",2016,1853,"Evenes",0,0,0,464923.125,0,240,464683.125,NA,"Nordland"
"726",2016,1854,"Ballangen",2401765.675,0,7508936,4021993.125,0,3780,6419978.8,1.16962006167372,"Nordland"
"727",2016,1859,"Flakstad",1518893.261,0,1745743,0,0,0,1518893.261,1.14935199518276,"Nordland"
"728",2016,1860,"Vestvagoy",1808757.632,0,1811726,0,0,0,1808757.632,1.00164110876299,"Nordland"
"729",2016,1865,"Vagan",0,1882823.509,8944166,4649163.75,723525.045,0,7255512.304,1.2327407942054,"Nordland"
"730",2016,1866,"Hadsel",0,0,15268118,9628386.75,4799204.49,0,14427591.24,1.05825828761143,"Nordland"
"731",2016,1867,"Bo",1614880.647,0,4765081,2323091.25,0,15360,3922611.897,1.21477248453876,"Nordland"
"732",2016,1868,"Oksnes",0,0,9771825,10733313.588,0,27990,10705323.588,0.912800525801351,"Nordland"
"733",2016,1870,"Sortland",0,0,6126124,4801704.75,548992.69,0,5350697.44,1.14492065168985,"Nordland"
"734",2017,2004,"Hammerfest",2814143.925,0,21028491,14778871.875,0,196746,17396269.8,1.2087931057496,"Finnmark"
"735",2017,2012,"Alta",0,0,28035024,25950515.625,0,566622,25383893.625,1.10444143889687,"Finnmark"
"736",2017,2014,"Loppa",16145769.259,0,22679513,2124333,0,7554,18262548.259,1.24185916874023,"Finnmark"
"737",2017,2015,"Hasvik",3361469.067,0,3630918,0,0,0,3361469.067,1.08015808791615,"Finnmark"
"738",2017,2017,"Kvalsund",1148015.437,0,11819120,7777726.875,0,69120,8856622.312,1.33449520411253,"Finnmark"
"739",2017,2018,"Masoy",0,0,13842776,12158563.5,0,134562,12024001.5,1.15126199876139,"Finnmark"
"740",2017,2019,"Nordkapp",0,0,10569232,11760235.875,0,152016,11608219.875,0.910495503514918,"Finnmark"
"741",2017,2022,"Lebesby",0,0,10166457,11527678.125,0,91674,11436004.125,0.888986825194941,"Finnmark"
"742",2017,2027,"Nesseby",1724703.749,0,10412762,6757652.25,0,11250,8471105.999,1.22920926750642,"Finnmark"
"743",2017,2028,"Batsfjord",1379553.686,0,4087230,1792482.75,0,15534,3156502.436,1.29486039782039,"Finnmark"
"744",2017,2030,"Sor-Varanger",0,0,25574,1453735.125,0,11148,1442587.125,0.0177278720687321,"Finnmark"
"745",2017,1902,"Tromso",0,0,24397446,34376827.625,0,136044,34240783.625,0.712525924266139,"Troms"
"746",2017,1903,"Harstad",6838772.501,0,34086214,22917756.354,0,15234,29741294.855,1.1460904498672,"Troms"
"747",2017,1911,"Kvaefjord",0,0,6077058,12090325.5,0,0,12090325.5,0.502638080339524,"Troms"
"748",2017,1913,"Skanland",0,0,14847599,12707718.75,0,33294,12674424.75,1.17146137145199,"Troms"
"749",2017,1917,"Ibestad",1559677.814,0,14732673,12128664,0,0,13688341.814,1.07629347660882,"Troms"
"750",2017,1919,"Gratangen",886849.096,0,3070453,1894507.875,0,0,2781356.971,1.1039406419292,"Troms"
"751",2017,1920,"Lavangen",2244175.155,0,5708190,3161456.75,0,0,5405631.905,1.05597090225847,"Troms"
"752",2017,1923,"Salangen",1853999.326,0,1902293,0,0,0,1853999.326,1.02604837732287,"Troms"
"753",2017,1926,"Dyroy",0,0,7908432,13196865.33,0,68118,13128747.33,0.602375215335948,"Troms"
"754",2017,1927,"Tranoy",0,0,6499042,11005950.375,0,41808,10964142.375,0.592754250876827,"Troms"
"755",2017,1928,"Torsken",0,0,14339997,14942587.5,0,192,14942395.5,0.959685279378397,"Troms"
"756",2017,1929,"Berg",10959559.288,0,19374527,4217307.75,0,6204,15170663.038,1.27710482735461,"Troms"
"757",2017,1931,"Lenvik",0,0,15067438,15328672.5,0,197826,15130846.5,0.995809322366729,"Troms"
"758",2017,1936,"Karlsoy",12339709.089,0,24682109,10348077.375,0,54522,22633264.464,1.09052359809867,"Troms"
"759",2017,1938,"Lyngen",521195.344,0,6282006,0,0,0,521195.344,12.0530739046663,"Troms"
"760",2017,1940,"Kafjord",0,0,2645987,0,0,0,0,0,"Troms"
"761",2017,1941,"Skjervoy",560629.468,0,17576525,19013776.875,0,51408,19522998.343,0.900298442441967,"Troms"
"762",2017,1942,"Nordreisa",3174704.088,0,3530498,0,0,0,3174704.088,1.11207151978191,"Troms"
"763",2017,1943,"Kvaenangen",684750.333,0,13259890,10312148.25,0,47418,10949480.583,1.2110063029462,"Troms"
"764",2017,1804,"Bodo",2469941.021,0,13212554,8607889.5,0,57030,11020800.521,1.19887425371901,"Nordland"
"765",2017,1811,"Bindal",1965685.453,0,23111608,14717356.875,0,26472,16656570.328,1.38753702262158,"Nordland"
"766",2017,1812,"Somna",4642437.456,0,7178839,1168412.625,0,6132,5804718.081,1.23672483311425,"Nordland"
"767",2017,1813,"Bronnoy",5601411.624,0,16163578,7091380.5,0,48222,12644570.124,1.27830189887759,"Nordland"
"768",2017,1815,"Vega",6580015.909,0,6588360,0,0,0,6580015.909,1.00126809587019,"Nordland"
"769",2017,1816,"Vevelstad",5159766.678,0,4892360,0,0,0,5159766.678,0.948174656978162,"Nordland"
"770",2017,1818,"Heroy",1399398.849,0,17704210,11705661,0,19230,13085829.849,1.35292986415783,"Nordland"
"771",2017,1820,"Alstahaug",4006149.271,0,4140936,0,0,0,4006149.271,1.03364495925694,"Nordland"
"772",2017,1822,"Leirfjord",0,0,1412521,3973555.125,0,15858,3957697.125,0.356904774515811,"Nordland"
"773",2017,1824,"Vefsn",2418267.242,0,2790407,0,0,0,2418267.242,1.15388694497314,"Nordland"
"774",2017,1827,"Donna",888432.283,0,19443337,15054586.125,51551.7,29484,15965086.108,1.21786609032175,"Nordland"
"775",2017,1828,"Nesna",0,0,1939509,4263157.125,0,19260,4243897.125,0.457011313628391,"Nordland"
"776",2017,1833,"Rana",1851965.005,0,8142254,5154492.375,0,11172,6995285.38,1.16396309195323,"Nordland"
"777",2017,1834,"Luroy",0,0,21795762,22471394.625,0,33264,22438130.625,0.971371562286731,"Nordland"
"778",2017,1835,"Traena",62711.236,0,2665350,2140441.875,0,5214,2197939.111,1.21265870681347,"Nordland"
"779",2017,1836,"Rodoy",6212234.524,0,14753962,6948869.625,0,12984,13148120.149,1.12213471072685,"Nordland"
"780",2017,1837,"Meloy",0,0,13872132,19093167,0,37698,19055469,0.727986910214595,"Nordland"
"781",2017,1838,"Gildeskal",5814971.926,82.144,15676559,7067270.625,0,39186,12843138.695,1.22061743412481,"Nordland"
"782",2017,1840,"Saltdal",0,0,3532567,5989729.5,0,11478,5978251.5,0.590903042469859,"Nordland"
"783",2017,1841,"Fauske",1674693.775,0,1598499,0,0,0,1674693.775,0.95450226415274,"Nordland"
"784",2017,1845,"Sorfold",0,0,13756374,16272187.875,0,52008,16220179.875,0.848102432032986,"Nordland"
"785",2017,1848,"Steigen",357987.73,0,25926989,20749543.335,0,66846,21040685.065,1.23223121870343,"Nordland"
"786",2017,1849,"Hamaroy",0,0,2541971,4655094.75,0,11664,4643430.75,0.547433812811788,"Nordland"
"787",2017,1850,"Tysfjord",1778488.127,0,7476301,6156136.125,0,0,7934624.252,0.942237560665274,"Nordland"
"788",2017,1851,"Lodingen",279450.48,0,9085956,6905913.375,0,0,7185363.855,1.26450882423685,"Nordland"
"789",2017,1852,"Tjeldsund",0,0,3457390,4317451.875,0,0,4317451.875,0.800794102655748,"Nordland"
"790",2017,1854,"Ballangen",1806927.146,0,8033530,7039246.5,0,20310,8825863.646,0.910225936205224,"Nordland"
"791",2017,1859,"Flakstad",0,0,2450400,3530532.375,0,0,3530532.375,0.694059631729053,"Nordland"
"792",2017,1860,"Vestvagoy",0,0,3962979,4825506.375,0,0,4825506.375,0.821256608535721,"Nordland"
"793",2017,1865,"Vagan",4078898.57,0,7286959,1601670.375,2662614.66,0,8343183.605,0.873402689548026,"Nordland"
"794",2017,1866,"Hadsel",6412612.346,2113899.08,16852508,3273942.375,1842401.235,0,13642855.036,1.2352625572529,"Nordland"
"795",2017,1867,"Bo",0,0,8666455,8589992.481,0,27006,8562986.481,1.01208322811552,"Nordland"
"796",2017,1868,"Oksnes",3760999.452,0,11670849,6721077.375,0,8946,10473130.827,1.11436104377807,"Nordland"
"797",2017,1870,"Sortland",0,0,9393793,7991262,0,0,7991262,1.17550807369349,"Nordland"
"798",2018,2004,"Hammerfest",503191.940000001,0,24402694,20753350.875,0,208080,21048462.815,1.1593575366753,"Finnmark"
"799",2018,2012,"Alta",12597451.248,0,31681931,17736378.75,0,517710,29816119.998,1.0625772569377,"Finnmark"
"800",2018,2014,"Loppa",0,0,12005937,26233203.375,0,248466,25984737.375,0.46203803512561,"Finnmark"
"801",2018,2015,"Hasvik",0,0,10131798,9295558.875,0,38106,9257452.875,1.09444769925442,"Finnmark"
"802",2018,2017,"Kvalsund",2976107.319,0,17230170,10151128.125,0,476856,12650379.444,1.36202791989549,"Finnmark"
"803",2018,2018,"Masoy",2710688.701,0,11992067,7117527.375,0,63906,9764310.076,1.22815302941635,"Finnmark"
"804",2018,2019,"Nordkapp",5558635.893,0,6207462,758923.875,0,425352,5892207.768,1.05350358378605,"Finnmark"
"805",2018,2022,"Lebesby",0,0,3710586,4511597.625,0,13254,4498343.625,0.824878290617471,"Finnmark"
"806",2018,2027,"Nesseby",0,0,6902496,6814127.25,0,41160,6772967.25,1.01912437270385,"Finnmark"
"807",2018,2028,"Batsfjord",0,0,109320,2344719.375,0,0,2344719.375,0.0466239163481984,"Finnmark"
"808",2018,2030,"Sor-Varanger",1920683.522,0,3277886,1850482.125,0,6444,3764721.647,0.870684822770909,"Finnmark"
"809",2018,1902,"Tromso",13672141.415,0,17443767,2509408.125,0,150,16181399.54,1.07801349054385,"Troms"
"810",2018,1903,"Harstad",0,0,22498817,23389236.495,0,51822,23337414.495,0.964066392394082,"Troms"
"811",2018,1911,"Kvaefjord",7230525.385,0,8161545,0,0,0,7230525.385,1.12876237416045,"Troms"
"812",2018,1913,"Skanland",25884.7110000001,0,4181092,4524858,0,4254,4546488.711,0.919631008845147,"Troms"
"813",2018,1917,"Ibestad",302404.619000001,0,23423533,15765906.375,0,53232,16015078.994,1.46259241111302,"Troms"
"814",2018,1919,"Gratangen",0,0,1692640,2845515.375,0,0,2845515.375,0.594844791516897,"Troms"
"815",2018,1920,"Lavangen",0,0,820387,3677109.75,0,0,3677109.75,0.223106476492849,"Troms"
"816",2018,1923,"Salangen",0,0,4364449,5956076.25,0,1152,5954924.25,0.732914276785301,"Troms"
"817",2018,1926,"Dyroy",6275085.116,0,15798284,7380112.5,0,0,13655197.616,1.15694290513152,"Troms"
"818",2018,1927,"Tranoy",12597008.873,0,23152572,4999584.375,0,0,17596593.248,1.31574172760011,"Troms"
"819",2018,1928,"Torsken",0,0,3911813,7326211.5,0,1056,7325155.5,0.534024567806103,"Troms"
"820",2018,1929,"Berg",0,0,8621596,19478971.125,0,54384,19424587.125,0.443849639867185,"Troms"
"821",2018,1931,"Lenvik",895275.872,0,17404959,15183400.972,0,125520,15953156.844,1.09100406710701,"Troms"
"822",2018,1936,"Karlsoy",0,0,19241721,25493554.125,0,168660,25324894.125,0.75979472628891,"Troms"
"823",2018,1938,"Lyngen",0,0,4058139,761761.125,0,9648,752113.125,5.39564975681019,"Troms"
"824",2018,1940,"Kafjord",0,0,997433,0,0,0,0,0,"Troms"
"825",2018,1941,"Skjervoy",0,0,24006539,26576868.375,0,81156,26495712.375,0.906053729004522,"Troms"
"826",2018,1942,"Nordreisa",0,0,8899699,6816819.375,0,23244,6793575.375,1.31001696584547,"Troms"
"827",2018,1943,"Kvaenangen",1307449.709,0,12547636,9269014.5,0,30486,10545978.209,1.18980295154524,"Troms"
"828",2018,1804,"Bodo",0,0,12865067,11098682.25,0,30834,11067848.25,1.16238194718653,"Nordland"
"829",2018,1805,"Narvik",1759415.235,0,1546760,0,0,0,1759415.235,0.879133003528868,"Nordland"
"830",2018,1811,"Bindal",0,0,7116448,9112330.125,0,0,9112330.125,0.780969071837704,"Nordland"
"831",2018,1812,"Somna",0,0,2487705,6299013.375,0,19860,6279153.375,0.396184780245155,"Nordland"
"832",2018,1813,"Bronnoy",2493387.711,0,16295020,13115457.875,0,23238,15585607.586,1.04551714843875,"Nordland"
"833",2018,1815,"Vega",0,0,7078508,10669693.5,0,102456,10567237.5,0.669854160086778,"Nordland"
"834",2018,1816,"Vevelstad",0,0,10007870,9946971,0,47520,9899451,1.01095202148079,"Nordland"
"835",2018,1818,"Heroy",0,0,21952216,17113524.75,0,29622,17083902.75,1.28496493577851,"Nordland"
"836",2018,1820,"Alstahaug",0,0,5564015,9829742.625,0,19956,9809786.625,0.567190216535418,"Nordland"
"837",2018,1822,"Leirfjord",1855111.116,0,1775468,0,0,0,1855111.116,0.957068277305283,"Nordland"
"838",2018,1824,"Vefsn",0,0,1385867,3682347.75,0,52710,3629637.75,0.381819645775946,"Nordland"
"839",2018,1827,"Donna",0,0,15564826,17480977.25,0,38952,17442025.25,0.892374926472486,"Nordland"
"840",2018,1828,"Nesna",1053805.178,0,2241404,941511.375,0,29976,1965340.553,1.14046595974352,"Nordland"
"841",2018,1833,"Rana",1589411.073,0,4229532,3380224.5,0,10488,4959147.573,0.852874801110501,"Nordland"
"842",2018,1834,"Luroy",6023899.438,0,15567940,7935370.875,0,2532,13956738.313,1.11544256622618,"Nordland"
"843",2018,1835,"Traena",0,0,2158241,3479063.625,0,11604,3467459.625,0.622427146502102,"Nordland"
"844",2018,1836,"Rodoy",5404951.93,0,40212338,24234510.375,0,78168,29561294.305,1.36030369932748,"Nordland"
"845",2018,1837,"Meloy",8639106.295,0,13621126,5519413.125,0,42414,14116105.42,0.964935128686507,"Nordland"
"846",2018,1838,"Gildeskal",0,1081.577,13204540,15582715.75,0,156264,15427533.327,0.855907403997663,"Nordland"
"847",2018,1840,"Saltdal",4526132.833,0,4926147,0,0,0,4526132.833,1.08837879526723,"Nordland"
"848",2018,1841,"Fauske",0,0,2705949,3594688.875,0,9540,3585148.875,0.754766146217568,"Nordland"
"849",2018,1845,"Sorfold",10680896.818,0,14541634,2107801.5,0,15522,12773176.318,1.1384508941216,"Nordland"
"850",2018,1848,"Steigen",1444357.247,0,18885039,17018125.875,0,50202,18412281.122,1.02567622527961,"Nordland"
"851",2018,1849,"Hamaroy",4502290.835,0,5710298,551277,0,6,5053561.835,1.12995510620877,"Nordland"
"852",2018,1850,"Tysfjord",0,0,21543890,17255565,0,306,17255259,1.24854051741559,"Nordland"
"853",2018,1851,"Lodingen",1888335.577,0,9712485,6221388.875,0,0,8109724.452,1.19763440268365,"Nordland"
"854",2018,1852,"Tjeldsund",1553319.946,0,1518277,0,0,0,1553319.946,0.977439969086703,"Nordland"
"855",2018,1854,"Ballangen",0,0,7105411,8170960.656,0,59832,8111128.656,0.876007680477852,"Nordland"
"856",2018,1859,"Flakstad",1507296.826,0,1639138,0,0,0,1507296.826,1.08746862046401,"Nordland"
"857",2018,1860,"Vestvagoy",2216229.918,0,3917735,1565443.125,0,0,3781673.043,1.03597930213768,"Nordland"
"858",2018,1865,"Vagan",149092.413,448822.856,969566,4448840.625,0,0,5046755.894,0.192116682551003,"Nordland"
"859",2018,1866,"Hadsel",0,0,9367213,10465494.75,3937598.75,0,14403093.5,0.650361188032279,"Nordland"
"860",2018,1867,"Bo",1284508.359,0,7262180,4819202.875,0,0,6103711.234,1.18979743988328,"Nordland"
"861",2018,1868,"Oksnes",0,0,13146192,12305651.994,0,24780,12280871.994,1.07046079516363,"Nordland"
"862",2018,1870,"Sortland",6942625.922,0,11746739,3876748.875,0,22476,10796898.797,1.08797342837593,"Nordland"
