"municip_name","municip_number","water_entity_id","area_m2"
"Lebesby",2022,"Friarfjorden_0422020400-1-C",5081485.06473102
"Lebesby",2022,"Ifjorden_0422020400-2-C",38030408.4815857
"Nesseby",2027,"Varangerfjorden-indre Finnmark_0424020100-20-C",120662300.253013
"Vadsø",2003,"Varangerfjorden-indre Finnmark_0424020100-20-C",109617719.017878
"Sør-Varanger",2030,"Varangerfjorden-indre Finnmark_0424020100-20-C",2845843.42432046
"Vadsø",2003,"Varangerfjorden-ytre Finnmark_0424020100-22-C",590684065.169955
"Vardø",2002,"Varangerfjorden-ytre Finnmark_0424020100-22-C",401981778.95106
"Sør-Varanger",2030,"Varangerfjorden-ytre Finnmark_0424020100-22-C",7603241.28332141
"Balsfjord",1933,"Nordfjordbotn_0402010900-1-C",2192631.94886557
"Tromsø",1902,"Malangen-ytre_0402010300-3-C",34705860.3685227
"Lenvik",1931,"Malangen-ytre_0402010300-3-C",9374395.15773298
"Kvæfjord",1911,"Gullesfjorden-midtre_0401010401-1-C",4045216.75398477
"Balsfjord",1933,"Stålvikbotn_0402010900-2-C",8974128.70884237
"Ibestad",1917,"Hamnvik havn Ibestad_0401020600-1-C",476374.664468534
"Ibestad",1917,"Astafjorden_0401020600-2-C",40624566.5483222
"Gratangen",1919,"Astafjorden_0401020600-2-C",30995452.0979505
"Skånland",1913,"Astafjorden_0401020600-2-C",15641120.5702982
"Salangen",1923,"Astafjorden_0401020600-2-C",1911206.79670066
"Lavangen",1920,"Astafjorden_0401020600-2-C",118351.102733964
"Røst",1856,"Røst Havn_0363050100-3-C",99325.3691576512
"Røst",1856,"Røst-indre_0363050100-4-C",109578052.554085
"Vågan",1865,"Laupstadpollen_0364050401-1-C",26517.5570477545
"Vågan",1865,"Austnesfjorden_0364050401-2-C",17185467.226045
"Andøy",1871,"Andenes - Midt Andfjorden_0401000030-1-C",93878115.5294931
"Torsken",1928,"Andenes - Midt Andfjorden_0401000030-1-C",1190821.90889259
"Andøy",1871,"Midt Andfjorden - Kasodden_0401000030-2-C",59218.8665093603
"Berg",1929,"Midt Andfjorden - Kasodden_0401000030-2-C",204855870.252021
"Lenvik",1931,"Midt Andfjorden - Kasodden_0401000030-2-C",136618.507397134
"Torsken",1928,"Midt Andfjorden - Kasodden_0401000030-2-C",209916626.26062
"Kvæfjord",1911,"Kvæfjorden - Vest_0401010200-1-C",512757.649063502
"Sortland",1870,"Kvæfjorden - Vest_0401010200-1-C",71649385.7415553
"Kvæfjord",1911,"Kvæfjorden - Øst_0401010200-2-C",90526667.0230508
"Sortland",1870,"Kvæfjorden - Øst_0401010200-2-C",1619526.30807071
"Andøy",1871,"Andfjorden - Vest_0401010100-5-C",365074074.850066
"Torsken",1928,"Andfjorden - Vest_0401010100-5-C",85893.503715992
"Sortland",1870,"Andfjorden - Vest_0401010100-5-C",32956196.2673657
"Andøy",1871,"Andfjorden - Øst_0401010100-6-C",74160.972461164
"Tranøy",1927,"Andfjorden - Øst_0401010100-6-C",51845347.5896896
"Torsken",1928,"Andfjorden - Øst_0401010100-6-C",282594502.07923
"Tjeldsund",1852,"Tjeldsundet-søndre - Nordøya_0364040200-4-C",2972438.70417993
"Tjeldsund",1852,"Tjeldsundet-søndre_0364040200-5-C",9178398.23814815
"Tjeldsund",1852,"Ramsundet-nordre - Øst_0364040100-4-C",1960817.6456971
"Tjeldsund",1852,"Ramsundet-nordre - Vest_0364040100-5-C",1979620.03809342
"Bindal",1811,"Kjelda - Øst_0360010200-6-C",20551117.1262498
"Sømna",1812,"Røingen_0360010100-2-C",21989310.5878891
"Bindal",1811,"Røingen_0360010100-2-C",16339811.6642949
"Ibestad",1917,"Vågsfjorden_0401020100-4-C",251559329.61957
"Tranøy",1927,"Vågsfjorden_0401020100-4-C",169186845.49524
"Skånland",1913,"Vågsfjorden_0401020100-4-C",38013154.1447652
"Dyrøy",1926,"Vågsfjorden_0401020100-4-C",57194467.4688664
"Balsfjord",1933,"Laksvatnbukt indre_0402021300-1-C",77306.8042684895
"Tromsø",1902,"Balsfjorden_0402021300-2-C",47641389.6478524
"Balsfjord",1933,"Balsfjorden_0402021300-2-C",143737959.081331
"Tromsø",1902,"Rakkneskjosen_0402020500-1-C",139950.681628162
"Tromsø",1902,"Kvalsundet_0402020500-2-C",39272444.9839989
"Sømna",1812,"Sørbotnet_0360020100-3-C",757617.137850769
"Tranøy",1927,"Indre Selfjorden_0401010701-C",1932277.06212282
"Torsken",1928,"Indre Selfjorden_0401010701-C",1415894.91154482
"Skånland",1913,"Grovfjorden-ytre_0401020702-4-C",10386800.2212629
"Skånland",1913,"Grov havn_0401020702-3-C",108146.82687332
"Tranøy",1927,"Skrollsvik_0401010100-3-C",1059922.68827787
"Kvænangen",1943,"Jøkelfjorden_0403040800-2-C",21487602.3533596
"Nordreisa",1942,"Kvænangen Haukøy_0403040104-1-C",13557665.3434929
"Kvænangen",1943,"Kvænangen Haukøy_0403040104-1-C",16127713.5721131
"Skjervøy",1941,"Kvænangen Haukøy_0403040104-1-C",121285557.961804
"Kvænangen",1943,"Kvænangen Skorpa - Spildra_0403040104-3-C",170295378.819347
"Kvænangen",1943,"Kvænangen - Ytre_0403040104-4-C",198367887.340864
"Skjervøy",1941,"Kvænangen - Ytre_0403040104-4-C",163207365.28594
"Kvænangen",1943,"Isfjorden_0403040800-1-C",5472895.18316619
"Vestvågøy",1860,"Sennesvika_0363041403-1-C",106734.211284203
"Vestvågøy",1860,"Sennesvika_0363041403-2-C",4290426.39974105
"Meløy",1837,"Måøyleia_0362041200-1-C",134011.995640172
"Meløy",1837,"Måøyleia_0362041200-2-C",10261733.750832
"Vågan",1865,"Ulvågsfjorden _0364050304-1-C",23551.430658109
"Vågan",1865,"Ulvågsfjorden_0364050304-2-C",463603.96518009
"Bø",1867,"Eidspollen_0365031000-2-C",422470.053189732
"Vestvågøy",1860,"Mjåsundet_0363042603-6-C",29377.9999991087
"Vågan",1865,"Laukvika_0363000032-2-C",304315.274135531
"Dønna",1827,"Nordåsværfjorden - Tomfjorden_0362020100-2-C",51001588.4585263
"Lurøy",1834,"Nordåsværfjorden - Tomfjorden_0362020100-2-C",282327868.458201
"Nesna",1828,"Nordåsværfjorden - Tomfjorden_0362020100-2-C",27464559.7355164
"Træna",1835,"Træna havn sør_0362000030-1-C",95940.3806556193
"Træna",1835,"Trænfjorden_0362000030-2-C",639916628.585252
"Dønna",1827,"Trænfjorden_0362000030-2-C",10590257.9361271
"Lurøy",1834,"Trænfjorden_0362000030-2-C",260879053.607052
"Rødøy",1836,"Trænfjorden_0362000030-2-C",10542302.0047243
"Vestvågøy",1860,"Mjåsundet_0363042603-5-C",15080283.6722854
"Bø",1867,"Vågan_0363000032-1-C",81809210.8038886
"Hadsel",1866,"Vågan_0363000032-1-C",82034968.4796871
"Vågan",1865,"Vågan_0363000032-1-C",326727862.655758
"Vestvågøy",1860,"Vågan_0363000032-1-C",123723812.373541
"Bø",1867,"Eidspollen_0365031000-1-C",4728408.38638807
"Gildeskål",1838,"Sørarnøy Havn_0363010300-4-C",82939.1853380394
"Karlsøy",1936,"Torsvåg havn_0403011100-1-C",482904.662865847
"Karlsøy",1936,"Råsa_0403011100-2-C",136627527.180662
"Meløy",1837,"Bolga Havn_0362040200-1-C",42377.1051901301
"Meløy",1837,"Bolgfjorden_0362040200-2-C",36223707.0916902
"Rødøy",1836,"Bolgfjorden_0362040200-2-C",28943282.6456921
"Lurøy",1834,"Lovund Havn_0362020100-1-C",358205.809799341
"Nordreisa",1942,"Reisafjorden-indre_0403040401-2-C",21671071.222243
"Nordreisa",1942,"Reisaelva-utløp_0403040401-1-C",9174371.64105369
"Gildeskål",1838,"Våg Havn_0363010300-6-C",76585.4515473098
"Gildeskål",1838,"Sørarnøya - Nordarnøya_0363010300-7-C",15556981.7474274
"Meløy",1837,"Reipå(Kobbsteinan)_0362041000-3-C",42000.9443205297
"Meløy",1837,"Stigsundet_0362041000-4-C",6892264.95217052
"Bodø",1804,"Sørfolda-ytre_0363030602-5-C",13543143.7839505
"Sørfold",1845,"Sørfolda-ytre_0363030602-5-C",75526654.5818211
"Gildeskål",1838,"Ertenvåg_0363011000-1-C",46943.0321676433
"Gildeskål",1838,"Nordfjorden_0363011000-2-C",28173128.3605883
"Bodø",1804,"Nordfjorden_0363011000-2-C",1532225.93262965
"Gildeskål",1838,"Storvik havn i Gildeskål_0363010400-1-C",48043.4927145431
"Gildeskål",1838,"Storviken_0363010400-2-C",6061493.82767211
"Kvæfjord",1911,"Kvæfjorden indre_0401010403-1-C",6253879.31270645
"Sortland",1870,"Kvæfjorden indre_0401010403-1-C",2527549.43693727
"Kvæfjord",1911,"Gullesfjorden-ytre _0401010403-2-C",37563488.7398418
"Sortland",1870,"Gullesfjorden-ytre _0401010403-2-C",3780459.28770648
"Steigen",1848,"Nordfold havn_0363031300-3-C",43594.8892491385
"Steigen",1848,"Nordfolda_0363031300-4-C",148443635.970536
"Sørfold",1845,"Styrkesnes-indre_0363030602-4-C",32799.516415773
"Karlsøy",1936,"Skorøysundet_0403020400-2-C",15144174.2306263
"Flakstad",1859,"Ramberg havn_0363040700-4-C",129396.03341236
"Flakstad",1859,"Fredvang_0363040700-6-C",125968.789961826
"Flakstad",1859,"Torsfjorden-ytre_0363040700-7-C",7329054.80269566
"Moskenes",1874,"Hamnøy_0363040200-3-C",44729.7949286547
"Moskenes",1874,"Kjerkfjorden-ytre_0363040200-4-C",8858418.20115859
"Flakstad",1859,"Napp_0363041102-1-C",146298.240335681
"Flakstad",1859,"Nappstraumen_0363041102-2-C",10697267.9260306
"Vestvågøy",1860,"Nappstraumen_0363041102-2-C",14846769.0605044
"Flakstad",1859,"Sundvågen_0363040600-3-C",248081.32407185
"Flakstad",1859,"Kåkersundet_0363040600-4-C",2374277.17695854
"Karlsøy",1936,"Kristoffervalen_0403020400-1-C",189326.290401237
"Tromsø",1902,"Kaldfjorden- ytre midtre_0402020401-4-C",14329057.0183557
"Tromsø",1902,"Kaldfjorden- indre midtre_0402020401-3-C",2746995.00454423
"Kvæfjord",1911,"Bygdesundet indre_0401010502-6-C",9145913.73847367
"Kvæfjord",1911,"Øysundet_0401010502-5-C",6247288.79012059
"Kvæfjord",1911,"Bygdesundet ytre_0401010502-3-C",7456662.8977283
"Værøy",1857,"Sørlandsvågen_0363050300-5-C",474902.069138546
"Værøy",1857,"Teisthammeren_0363050300-6-C",42268.5687870989
"Værøy",1857,"Værøy-indre_0363050300-7-C",36292512.1339683
"Tromsø",1902,"Ramfjorden ytre_0402021400-2-C",9917134.9051913
"Øksnes",1868,"Breistrand_0365030400-1-C",172703.81870721
"Øksnes",1868,"Børrøyfjorden_0365030400-2-C",31618582.5373474
"Bø",1867,"Vesterålen_0365000031-6-C",140815778.883211
"Øksnes",1868,"Vesterålen_0365000031-6-C",155500101.105693
"Øksnes",1868,"Nyksund_0365000031-7-C",33286.3233011886
"Værøy",1857,"Røssnesvågen_0363050300-4-C",61735.8760474058
"Tromsø",1902,"Sørfjorden-indre_0403020601-2-C",20714662.0506065
"Tromsø",1902,"Ramfjorden indre_0402021400-1-C",4172625.12656246
"Rana",1833,"Sjona-indre_0362020201-1-C",810910.719346849
"Rana",1833,"Sjona-indre_0362020201-2-C",35388977.7508836
"Lurøy",1834,"Sjona-indre_0362020201-2-C",1882145.56722897
"Nesna",1828,"Sjona-indre_0362020201-2-C",9753735.38433749
"Tromsø",1902,"Sjøvassbotn_0403020601-1-C",666482.337700538
"Berg",1929,"Hopsvatnet i Senjahopen_0401011700-1-C",639873.827410003
"Berg",1929,"Mefjorden_0401011700-2-C",47038076.8628405
"Torsken",1928,"Veidemannsfjorden_0401010800-1-C",2786966.13829081
"Torsken",1928,"Sifjorden_0401010800-2-C",23123607.7821197
"Vefsn",1824,"Halsfjorden_0361030700-2-C",8768103.34249388
"Berg",1929,"Lavollsfjorden_0401011202-2-C",2221598.28968635
"Vadsø",2003,"Ekkerøy yttersida_0424020100-12-C",103667.451803494
"Vadsø",2003,"Skittenelv deponi_0424020100-14-C",67839.8989383355
"Nordkapp",2019,"Skarsvåg / grovavfallsdeponi_0422010900-3-C",42340.6785821468
"Nordkapp",2019,"Risfjorden_0422010900-4-C",4390697.46619795
"Måsøy",2018,"Breidsundet_0421030200-3-C",28594086.1345434
"Nordkapp",2019,"Innerbukta/ Repvåg_0422010100-4-C",2085161.00677801
"Nordkapp",2019,"Even Hansen bukta_0422010300-7-C",29067.0896954238
"Nordkapp",2019,"Honningsvåg havn_0422010300-8-C",4601690.09806803
"Kvalsund",2017,"Kvalsundet_0420031500-4-C",57309040.01861
"Kvalsund",2017,"Grøtnes avfallsdeponi_0420031600-3-C",24313.7909603193
"Kvalsund",2017,"Straumen_0420031600-6-C",34619376.920804
"Hammerfest",2004,"Straumen_0420031600-6-C",42249469.8615401
"Lebesby",2022,"Veidnesholmen_0422020200-5-C",307123.330621368
"Lebesby",2022,"Lille Porsanger_0422020200-6-C",30774385.1179446
"Loppa",2014,"Stjernsundet deponi_0420030200-5-C",6349.53623435844
"Alta",2012,"Stjernsundet _0420030200-7-C",86183949.6334697
"Loppa",2014,"Stjernsundet _0420030200-7-C",19181605.4020096
"Måsøy",2018,"Breidsundet_0421030200-8-C",224337.432708628
"Hammerfest",2004,"Rypklubben_0420020100-8-C",366125.908884993
"Alta",2012,"Sørøysundet_0420020100-10-C",20544880.6642449
"Hasvik",2015,"Sørøysundet_0420020100-10-C",347205022.381347
"Hammerfest",2004,"Sørøysundet_0420020100-10-C",427094015.188911
"Loppa",2014,"Sørøysundet_0420020100-10-C",204227400.023743
"Kvalsund",2017,"Kvalsundet / Beritsfjord deponi_0420031500-2-C",470599.490633325
"Lenvik",1931,"Gisundet Finnsnes - Gibostad_0401030100-3-C",37180347.9896689
"Lenvik",1931,"Gisundet ved Gibostad_0401030100-6-C",5074925.16363554
"Lenvik",1931,"Gisundet nordlig del_0401030100-5-C",48335163.0835192
"Brønnøy",1813,"Brønnøysundet sør_0360020600-4-C",1532845.82720333
"Gamvik",2023,"Vevikneset_0422021200-7-C",16199.7926016413
"Gamvik",2023,"Mehamnsfjorden_0422021200-3-C",8554199.19112606
"Brønnøy",1813,"Brønnøysundet nord_0360020600-5-C",643956.193444306
"Lødingen",1851,"Tjeldsundet-ytre_0364040300-4-C",21328992.9373737
"Tjeldsund",1852,"Tjeldsundet-ytre_0364040300-4-C",29849696.2339426
"Gamvik",2023,"Flintodden_0423000030-7-C",43004.3479721004
"Bodø",1804,"Saltdalsfjorden_0363020700-3-C",11532634.6631531
"Saltdal",1840,"Saltdalsfjorden_0363020700-3-C",28701890.7165187
"Fauske",1841,"Saltdalsfjorden_0363020700-3-C",15405757.2069693
"Vestvågøy",1860,"Buøy Stamsund havn_0363000030-13-C",66738.6480040796
"Værøy",1857,"Vestfjorden-midtre_0363000030-12-C",1074985832.85878
"Flakstad",1859,"Vestfjorden-midtre_0363000030-12-C",125166992.877674
"Vågan",1865,"Vestfjorden-midtre_0363000030-12-C",316650684.226333
"Steigen",1848,"Vestfjorden-midtre_0363000030-12-C",1346523078.88834
"Vestvågøy",1860,"Vestfjorden-midtre_0363000030-12-C",759615289.369793
"Bodø",1804,"Vestfjorden-midtre_0363000030-12-C",1393445775.11222
"Røst",1856,"Vestfjorden-midtre_0363000030-12-C",779094823.392038
"Meløy",1837,"Vestfjorden-midtre_0363000030-12-C",103874870.946993
"Moskenes",1874,"Vestfjorden-midtre_0363000030-12-C",602112003.395211
"Bø",1867,"Steinesjøen_0365000030-5-C",169252.732130381
"Bø",1867,"Vesterålsfjorden_0365000030-4-C",247833304.533782
"Hadsel",1866,"Vesterålsfjorden_0365000030-4-C",188137725.640428
"Lødingen",1851,"Lødingen Havn_0364040300-5-C",151949.022214017
"Nordreisa",1942,"Straumfjorden_0403040500-1-C",10064814.8307984
"Båtsfjord",2028,"Neptunbukt - Foma_0423020200-7-C",41538.8850060375
"Båtsfjord",2028,"Neptunbukta_0423020200-8-C",202398.949648636
"Alta",2012,"Bukta og utløpet til Altaelva_0420030600-5-C",5800867.17926324
"Båtsfjord",2028,"Syltefjorden - Nordfjorden innenfor molo_0423020300-1-C",39607.6016284078
"Båtsfjord",2028,"Syltefjorden - deponi_0423020300-5-C",146494.640067047
"Båtsfjord",2028,"Syltefjorden_0423020300-4-C",79470018.9593233
"Saltdal",1840,"Rognan_0363020700-1-C",451985.114925419
"Dyrøy",1926,"Dyrøysundet Dyreøysundbrua_0401030700-2-C",647805.625523075
"Dyrøy",1926,"Dyrøysundet_0401030700-1-C",38479753.2228817
"Nordreisa",1942,"Straumfjordnes - Straumfjorden_0403040500-2-C",917232.397941414
"Vestvågøy",1860,"Buksnesfjorden-ytre_0363041200-4-C",14887897.4827102
"Herøy",1818,"Herøysundet_0361050200-3-C",383375.047214626
"Vega",1815,"Husværfjorden_0361050200-4-C",24524485.5404079
"Dønna",1827,"Husværfjorden_0361050200-4-C",862230.303949404
"Herøy",1818,"Husværfjorden_0361050200-4-C",96651265.6793929
"Steigen",1848,"Helligvær - ytterside Landegode_0363000030-7-C",31244114.9746105
"Gildeskål",1838,"Helligvær - ytterside Landegode_0363000030-7-C",172016954.70607
"Bodø",1804,"Helligvær - ytterside Landegode_0363000030-7-C",1098925924.32796
"Meløy",1837,"Helligvær - ytterside Landegode_0363000030-7-C",162933285.875671
"Vågan",1865,"Kabelvåg havn_0364000030-11-C",107604.858705018
"Lødingen",1851,"Vestfjorden-indre_0364000030-10-C",144445457.188501
"Vågan",1865,"Vestfjorden-indre_0364000030-10-C",574720651.022616
"Steigen",1848,"Vestfjorden-indre_0364000030-10-C",349996470.720356
"Hamarøy",1849,"Vestfjorden-indre_0364000030-10-C",292034375.232912
"Tysfjord",1850,"Vestfjorden-indre_0364000030-10-C",19802984.2370851
"Vestvågøy",1860,"Stamsund havn_0363000030-11-C",201968.44448552
"Vestvågøy",1860,"Petvik_0363041200-5-C",907268.609059382
"Alstahaug",1820,"Tjøtta Havn_0361030800-1-C",456368.290235827
"Vefsn",1824,"Tjøttfjorden-indre_0361030800-2-C",2430094.99857841
"Alstahaug",1820,"Tjøttfjorden-indre_0361030800-2-C",47957129.7875881
"Båtsfjord",2028,"Båtsfjord / deponi_0423020200-9-C",21396.5246574963
"Båtsfjord",2028,"Båtsfjorden-ytre_0423020200-10-C",35975456.5125282
"Bø",1867,"Hovden havn_0365000031-1-C",53782.9979937141
"Gamvik",2023,"Mehamn havn_0422021200-2-C",328017.340157234
"Alstahaug",1820,"Sandnessjøen småbåthavn_0361040700-4-C",56810.7702082147
"Dønna",1827,"Ulvangen_0361040700-3-C",20980761.2774614
"Leirfjord",1822,"Ulvangen_0361040700-3-C",15362276.8016794
"Alstahaug",1820,"Ulvangen_0361040700-3-C",4146237.77742073
"Hasvik",2015,"Dønnesfjorden_0420040602-2-C",13511589.6249429
"Hasvik",2015,"Galtefjorden_0420040602-1-C",51150625.407999
"Båtsfjord",2028,"Båtsfjorden-indre_0423020200-5-C",1982482.55867918
"Nordkapp",2019,"Lafjorden_0421031100-2-C",9106147.85789985
"Båtsfjord",2028,"Båtsfjord Ytre havn_0423020200-6-C",220471.898926313
"Nordkapp",2019,"Vester-Lafjorden_0421031100-1-C",7275125.76027817
"Kvalsund",2017,"Repparfjorden ytre_0421010500-1-C",30614631.9273046
"Kvalsund",2017,"Repparfjorden indre_0421010500-2-C",5860621.26244955
"Loppa",2014,"Bukt nord for Bjørndalen_0420000030-4-C",5699.74110205309
"Hasvik",2015,"Lopphavet_0420000030-3-C",431063513.479938
"Loppa",2014,"Lopphavet_0420000030-3-C",1158721189.96305
"Kvænangen",1943,"Lopphavet_0420000030-3-C",1971228.74025963
"Skjervøy",1941,"Lopphavet_0420000030-3-C",5901075.24020386
"Tromsø",1902,"Tromsdalselva-Utløp_0402020900-5-C",53295.4681113511
"Tromsø",1902,"Tromsdalen småbåthavn_0402020900-7-C",30286.5301056367
"Tromsø",1902,"Ullsfjorden_0403020500-2-C",66723839.2414867
"Lyngen",1938,"Ullsfjorden_0403020500-2-C",146278748.508394
"Karlsøy",1936,"Ullsfjorden_0403020500-2-C",88795895.9288256
"Kvænangen",1943,"Sørstraumen  Kvænangen_0403040102-2-C",1054982.7872583
"Kvænangen",1943,"Kvænangen - Årøyan_0403040102-1-C",27520917.0073707
"Tromsø",1902,"Storstraumen ytre - Ullsfjorden_0403020500-1-C",10467217.0102365
"Lyngen",1938,"Storstraumen ytre - Ullsfjorden_0403020500-1-C",3834493.90651464
"Kvæfjord",1911,"Straumen indre Kvæfjord_0401010501-1-C",19967.3992572544
"Kvæfjord",1911,"Straumsbotnen_0401010501-2-C",2171514.90083229
"Kvæfjord",1911,"Forøysundet_0401010401-3-C",1222942.16571822
"Kvæfjord",1911,"Gullesfjorden-indre_0401010401-4-C",16237383.1812779
"Tromsø",1902,"Litlestrand - Brensholmen_0402010300-4-C",171888.029114677
"Vågan",1865,"Henningsvær havn_0363000030-8-C",62330.8214690667
"Hadsel",1866,"Fiskfjorden ytre_0365010601-6-C",1382600.31231051
"Sortland",1870,"Fiskfjorden ytre_0365010601-6-C",1214807.90633652
"Hadsel",1866,"Sortlandsundet-sør-ytre_0365010601-7-C",33565489.9070878
"Sortland",1870,"Sortlandsundet-sør-ytre_0365010601-7-C",61865500.5690496
"Herøy",1818,"Hærøysundet sør_0361050200-2-C",424261.975132865
"Øksnes",1868,"Lifjorden_0365011100-7-C",7370624.10505662
"Sortland",1870,"Lifjorden_0365011100-7-C",3182027.95687794
"Andøy",1871,"Gavlefjorden_0365011100-8-C",64100394.2296729
"Øksnes",1868,"Gavlefjorden_0365011100-8-C",53117989.9258792
"Sortland",1870,"Gavlefjorden_0365011100-8-C",43674378.6079644
"Hadsel",1866,"Eidsfjorden indre_0365020100-4-C",1734035.26697663
"Sortland",1870,"Eidsfjorden indre_0365020100-4-C",27309342.2919458
"Bø",1867,"Eidsfjorden ytre_0365020100-3-C",20137442.8073308
"Hadsel",1866,"Eidsfjorden ytre_0365020100-3-C",27700760.9543868
"Sortland",1870,"Eidsfjorden ytre_0365020100-3-C",11274837.2550032
"Hadsel",1866,"Fiskfjorden indre_0365010601-5-C",225024.005170571
"Sortland",1870,"Fiskfjorden indre_0365010601-5-C",41034.4302650653
"Alta",2012,"Kåfjord - indre_0420030501-1-C",1700958.88345667
"Dønna",1827,"Stigfjorden_0362010101-1-C",47647646.0312226
"Nesna",1828,"Stigfjorden_0362010101-1-C",61007061.3186329
"Alta",2012,"Russeluft_0420030600-3-C",9983985.28231629
"Alta",2012,"Talvikbukta_0420030300-5-C",333033.787809082
"Alta",2012,"Altafjorden-indre_0420030300-6-C",202119500.946613
"Loppa",2014,"Mevær havn - Loppa øy_0420000030-2-C",119963.861396
"Alta",2012,"Kåfjordbotn_0420030501-2-C",331536.83745516
"Dønna",1827,"Sundstraumen_0362010101-2-C",570455.245974617
"Vadsø",2003,"Vadsø havn øst_0424020100-7-C",625956.963383466
"Øksnes",1868,"Stø havn_0365000032-3-C",226837.243474177
"Loppa",2014,"Sandland havn_0420010200-1-C",56826.8722831719
"Loppa",2014,"Sandlandsfjorden_0420010200-2-C",34677721.7126127
"Alta",2012,"Langfjorden-indre_0420030401-4-C",18597113.5183244
"Alta",2012,"Langfjordbotn_0420030401-2-C",2562601.83834779
"Alta",2012,"Tappeluft_0420030401-3-C",954971.26873437
"Alta",2012,"Hjemmeluft, Bossekop og Tollevika_0420030300-4-C",5992213.93232139
"Loppa",2014,"Trollvika_0420020100-2-C",146725.248076964
"Vardø",2002,"Kiberg_0424020100-4-C",603255.744247361
"Alta",2012,"Rafsbotn_0420030600-2-C",23002060.5654282
"Alta",2012,"Lillebukta - Ytre Simavik_0420030200-1-C",731438.456836394
"Hammerfest",2004,"Vinnasundet_0420021202-1-C",12891280.0606598
"Hammerfest",2004,"Hønsebyfjorden - Njiŋŋevuotna_0420021202-2-C",4405868.56138934
"Loppa",2014,"Øksfjordbotn_0420030102-1-C",6347163.89337834
"Loppa",2014,"Øksfjorden indre_0420030102-2-C",6127433.59622298
"Loppa",2014,"Øksfjorden-midtre_0420030101-2-C",12124700.4810006
"Tjeldsund",1852,"Breidvika_0364040100-1-C",7324783.98042691
"Narvik",1805,"Herjangsfjorden_0364030600-C",37574818.5586655
"Sørfold",1845,"Hopen_0363030602-2-C",1236824.47867073
"Bindal",1811,"Simlebotn_0360010800-C",694583.410951281
"Vestvågøy",1860,"Offersøypollen_0363041101-C",3371038.54988114
"Brønnøy",1813,"Torgfjorden_0360020300-1-C",10584214.4982758
"Bodø",1804,"Tømmervika - Storvika_0363030301-C",476717.416540163
"Bindal",1811,"Øysundet_0360011300-3-C",2224306.64490237
"Værøy",1857,"Nordlandsflaget-ytre_0363050500-C",50251761.0495769
"Hamarøy",1849,"Brennvika_0364011500-C",14676283.4310516
"Tranøy",1927,"Hofsøybotnen_0401021500-C",2341058.52929419
"Alta",2012,"Skillefjorden_0420030800-C",3367011.5220737
"Vestvågøy",1860,"Brønnøyholmen_0363042603-3-C",6980194.4722963
"Måsøy",2018,"Måsøyfjorden-vest_0421030500-C",55629855.2573681
"Vågan",1865,"Pundslettvågen_0364000030-4-C",862832.668228711
"Skjervøy",1941,"Lauksundet_0403040200-C",12285173.8811142
"Kvænangen",1943,"Burfjorden_0403040700-C",27828698.6711795
"Ballangen",1854,"Vargfjorden_0364030100-1-C",1005180.28752476
"Nordkapp",2019,"Sarnesfjorden_0421031200-C",19400938.9091508
"Bø",1867,"Sundsstraumen_0365030901-C",2987988.09388093
"Ibestad",1917,"Salangen_0401021000-C",8430310.1589538
"Salangen",1923,"Salangen_0401021000-C",39342524.1676655
"Sortland",1870,"Sortlandsundet-nord-ytre_0365010602-2-C",55269919.9498088
"Tromsø",1902,"Vågen_0402020600-C",1211508.5729506
"Nordkapp",2019,"Kamøyfjorden_0422010803-C",62960683.0392987
"Træna",1835,"Måværfjorden_0362020600-C",66678.3984536231
"Lurøy",1834,"Måværfjorden_0362020600-C",303139348.971945
"Rødøy",1836,"Måværfjorden_0362020600-C",3965176.62906599
"Karlsøy",1936,"Skogsfjorden_0402021700-C",7294888.98061462
"Alstahaug",1820,"Sandnesvågen_0361040500-2-C",221682.786917407
"Rødøy",1836,"Sørfjorden-ytre_0362030402-2-C",13050644.7631057
"Bodø",1804,"Elvefjorden_0363020300-C",4612663.08549342
"Vågan",1865,"Olderfjorden-indre_0363041800-1-C",563311.499387542
"Sortland",1870,"Olderfjorden-indre_0365020601-C",2202159.60981438
"Hamarøy",1849,"Kaldvågfjorden_0364011000-3-C",33150539.9246208
"Bø",1867,"Hellfjorden-ytre_0365020802-C",391023.30679095
"Sortland",1870,"Hellfjorden-ytre_0365020802-C",799705.819530425
"Hammerfest",2004,"Straumen_0420022100-C",622386.224832257
"Storfjord",1939,"Storfjorden-indre_0403030401-C",14421844.5356767
"Bodø",1804,"Sørfjorden-indre_0363030302-C",2000299.53870244
"Brønnøy",1813,"Smiholmen_0360020400-2-C",5669941.9662779
"Hadsel",1866,"Austpollen_0365010201-1-C",1536557.22441519
"Bodø",1804,"Misværfjorden-ytre_0363020600-1-C",7107099.18353647
"Rødøy",1836,"Reppa_0362030700-4-C",2109903.82245359
"Hamarøy",1849,"Grunnvågen_0364010800-3-C",1219777.32651957
"Hasvik",2015,"Bølefjorden_0420040500-C",14643034.3795537
"Brønnøy",1813,"Storbørja_0361020600-C",4960078.77459411
"Hadsel",1866,"Higravfjorden_0365010201-2-C",1810344.84634164
"Meløy",1837,"Glomfjorden-indre_0362040800-1-C",2974496.5977829
"Tranøy",1927,"Selfjorden-ytre_0401010703-C",42970567.0383616
"Torsken",1928,"Selfjorden-ytre_0401010703-C",16200555.4637432
"Alta",2012,"Altafjorden-ytre_0420030300-2-C",93837142.4948176
"Rødøy",1836,"Sørfjorden-midtre_0362030402-1-C",2864936.4949357
"Lurøy",1834,"Matskjerfjorden_0362020500-1-C",26428030.7560092
"Meløy",1837,"Mesøyfjorden_0362041000-2-C",31404819.0672342
"Gildeskål",1838,"Fugløyfjorden_0363010300-1-C",98448657.3921684
"Meløy",1837,"Fugløyfjorden_0363010300-1-C",7238682.04437786
"Ibestad",1917,"Straumbotn_0401021400-C",6822836.92553573
"Båtsfjord",2028,"Kjølnes fyr - Makkaur_0423000031-C",53582452.0610292
"Berlevåg",2024,"Kjølnes fyr - Makkaur_0423000031-C",129620303.275247
"Vågan",1865,"Pollan_0364000030-6-C",2146342.47369633
"Steigen",1848,"Dypingspollen_0364010500-C",3807820.22991045
"Alstahaug",1820,"Trosundet_0361030500-C",5832887.13861882
"Meløy",1837,"Bjerangsfjorden_0362040600-C",8946020.48249995
"Sømna",1812,"Øysjøen_0360020100-2-C",167221.254996398
"Sortland",1870,"Olderfjorden-ytre_0365020602-C",1416191.47881584
"Tromsø",1902,"Sørfjorden_0402011500-C",811522.378029395
"Narvik",1805,"Rombaken_0364030502-C",24051916.1203948
"Måsøy",2018,"Akkarfjorden_0421021000-C",5391960.05496717
"Sortland",1870,"Melfjorden_0365020700-C",1115230.49482332
"Sørfold",1845,"Sagfjorden_0363031202-C",11223427.9489853
"Hammerfest",2004,"Langstrandfjorden_0420021600-C",8041093.43613614
"Hadsel",1866,"Ingelsfjorden_0365010400-2-C",8620298.75089157
"Brønnøy",1813,"Storfjorden_0361020800-2-C",9595042.94194227
"Værøy",1857,"Moskenes - Flakstad_0363000031-3-C",48570766.5639746
"Flakstad",1859,"Moskenes - Flakstad_0363000031-3-C",211180625.670407
"Vestvågøy",1860,"Moskenes - Flakstad_0363000031-3-C",106273396.966766
"Moskenes",1874,"Moskenes - Flakstad_0363000031-3-C",187580572.643816
"Gildeskål",1838,"Sundsfjorden-indre_0363010800-1-C",1012257.87432807
"Vågan",1865,"Hopen_0364050802-C",450237.812828247
"Måsøy",2018,"Langfjorden_0421020300-C",13961583.5271886
"Vestvågøy",1860,"Høynesvøda_0363042603-4-C",1360330.29496642
"Storfjord",1939,"Storfjorden-ytre_0403030402-C",21868467.2667938
"Hamarøy",1849,"Stordjupet_0364012000-C",13980164.0796639
"Gildeskål",1838,"Fleinværfjorden_0363010200-C",117252597.009685
"Bodø",1804,"Fleinværfjorden_0363010200-C",10264394.9612564
"Bodø",1804,"Hopen_0363011100-3-C",1456252.21581593
"Dønna",1827,"Skagapollen_0361050400-C",372611.707841307
"Narvik",1805,"Trongskjomen-ytre_0364030302-C",4498037.33154215
"Vestvågøy",1860,"Lauvåspollen_0363042603-1-C",603592.507735358
"Brønnøy",1813,"Trælvikosen_0360020500-2-C",1287891.49452196
"Lebesby",2022,"Kifjorden_0422020802-C",6163426.07120201
"Bodø",1804,"Trongsmoget_0363020200-1-C",1072232.97264117
"Flakstad",1859,"Kilpollen_0363041000-C",3193903.05727466
"Bindal",1811,"Sørfjorden-indre_0360010700-1-C",1833935.51792734
"Balsfjord",1933,"Aursfjorden_0402010800-C",4634266.03413988
"Målselv",1924,"Aursfjorden_0402010800-C",3658035.76027502
"Alstahaug",1820,"Rosøyvalen - Alstahaugfjorden_0361031100-C",20158247.9536494
"Tysfjord",1850,"Tømmeråsfjorden_0364020700-1-C",10730251.094891
"Gildeskål",1838,"Saltfjorden-ytre_0363011100-1-C",128738431.782943
"Bodø",1804,"Saltfjorden-ytre_0363011100-1-C",115837927.451235
"Bodø",1804,"Ytre Sundan_0363020100-C",5163929.71693052
"Hamarøy",1849,"Røssviksundet_0364011000-2-C",6056234.88765429
"Vega",1815,"Omnøyfjorden_0361010600-C",27277306.1902073
"Herøy",1818,"Omnøyfjorden_0361010600-C",67840413.8362644
"Alstahaug",1820,"Omnøyfjorden_0361010600-C",18939382.786626
"Brønnøy",1813,"Dyrnesvågen_0361020300-2-C",1144718.50892563
"Tysfjord",1850,"Beisfjorden_0364020200-C",6258195.21985159
"Bindal",1811,"Osan_0360011000-C",5969768.89254873
"Hadsel",1866,"Myrlandsfjorden_0365010300-1-C",1060018.64637618
"Værøy",1857,"Røsthavet-indre_0363050200-C",24717325.7469394
"Røst",1856,"Røsthavet-indre_0363050200-C",24208766.3327689
"Bø",1867,"Jørnfjorden-indre_0365020901-2-C",5582859.06526961
"Leirfjord",1822,"Leirfjorden - Leinesodden_0361040500-1-C",541563.849081416
"Alstahaug",1820,"Leirfjorden - Leinesodden_0361040500-1-C",1836258.4284648
"Hamarøy",1849,"Kallstadsjøen_0364011000-1-C",1338215.60591727
"Vestvågøy",1860,"Ytterpollen_0363042602-C",3624724.8249134
"Vågan",1865,"Husvågen_0364050500-C",1434334.61536694
"Steigen",1848,"Straumfjorden_0364010702-C",3692645.70816186
"Gildeskål",1838,"Alten_0363010600-2-C",1397664.55351938
"Vega",1815,"Vegafjorden - Ylvingen_0361010100-C",135371852.13906
"Brønnøy",1813,"Vegafjorden - Ylvingen_0361010100-C",49644986.9766849
"Vevelstad",1816,"Vegafjorden - Ylvingen_0361010100-C",61580291.7978017
"Alstahaug",1820,"Vegafjorden - Ylvingen_0361010100-C",28364641.723096
"Lyngen",1938,"Lyngen-ytre_0403030100-2-C",55030392.0543363
"Skjervøy",1941,"Lyngen-ytre_0403030100-2-C",128930639.630471
"Skånland",1913,"Lavangsfjorden_0364040200-1-C",8239799.07055045
"Tjeldsund",1852,"Lavangsfjorden_0364040200-1-C",2987874.28453213
"Bindal",1811,"Terråkfjorden_0360010600-3-C",15453753.1267133
"Alta",2012,"Store Lerresfjorden_0420031300-C",12486255.6948892
"Tromsø",1902,"Røssholmdjupta_0402000030-C",729700976.852604
"Lenvik",1931,"Røssholmdjupta_0402000030-C",130497577.610302
"Karlsøy",1936,"Røssholmdjupta_0402000030-C",83125985.3360031
"Vevelstad",1816,"Visten-ytre_0361030202-5-C",7553308.54673423
"Måsøy",2018,"Måsøyfjorden-øst_0421030100-C",153548654.231285
"Nordkapp",2019,"Måsøyfjorden-øst_0421030100-C",75286627.5414077
"Gildeskål",1838,"Gildeskål_0363010300-2-C",41481267.8241533
"Måsøy",2018,"Indre Pollen_0421020501-C",219575.678020556
"Hasvik",2015,"Lille Kjerringfjorden_0420020700-C",1715335.65715943
"Øksnes",1868,"Strengelvågfjorden_0365011100-1-C",1471280.73350558
"Bindal",1811,"Selfjorden_0360011200-2-C",10150476.4195348
"Bindal",1811,"Bursvikbotn_0360010500-1-C",752638.027833442
"Hasvik",2015,"Smalfjorden_0420020600-C",1584703.37593353
"Lødingen",1851,"Erikstadfjorden_0364040502-C",2565604.55512217
"Lurøy",1834,"Aldersund_0362020400-C",17483475.1649134
"Tranøy",1927,"Eidepollen_0401021600-C",9792446.5885586
"Rødøy",1836,"Sørfjorden-indre_0362030401-C",9335339.69976275
"Sortland",1870,"Dalflaget_0365010800-1-C",1224432.12572106
"Gildeskål",1838,"Sundsfjorden-ytre_0363010800-2-C",1392217.01201749
"Bø",1867,"Kvernfjorden_0365020901-1-C",415692.029539418
"Lyngen",1938,"Sørlenangen_0403020800-C",14525254.4755436
"Måsøy",2018,"Vesterbotnen_0421030601-C",1782335.3433408
"Karlsøy",1936,"Grunnfjorden_0403010800-C",6283535.65754064
"Sømna",1812,"Vegafjorden_0360000030-C",384831678.099781
"Vega",1815,"Vegafjorden_0360000030-C",562143988.829502
"Brønnøy",1813,"Vegafjorden_0360000030-C",700353540.234617
"Bindal",1811,"Vegafjorden_0360000030-C",167041596.626627
"Måsøy",2018,"Myrfjorden_0421020900-C",2699807.00546299
"Nordreisa",1942,"Reisafjorden-ytre_0403040402-C",84968665.8429014
"Sortland",1870,"Godfjorden-indre_0401010300-1-C",2337541.34414493
"Brønnøy",1813,"Urdstabbvika_0360020400-3-C",476617.306040496
"Hasvik",2015,"Ofjorden_0420040400-C",23805013.3710036
"Vardø",2002,"Blodskytodden - Vardø fyr_0424000030-C",37419676.7467152
"Hasvik",2015,"Trombak - Tarhalsen_0420000031-C",216918001.215887
"Hammerfest",2004,"Trombak - Tarhalsen_0420000031-C",266499058.735067
"Nesna",1828,"Alsøvågen_0362010102-C",1270496.72172222
"Ballangen",1854,"Ballangen_0364030200-C",21898495.8893729
"Dønna",1827,"Ranfjorden - Løkta_0362010400-C",20467388.4335524
"Leirfjord",1822,"Ranfjorden - Løkta_0362010400-C",36051896.8225852
"Nesna",1828,"Ranfjorden - Løkta_0362010400-C",18558300.179761
"Rana",1833,"Ranfjorden - Mo_0362011000-2-C",14603019.9207789
"Lebesby",2022,"Oksefjorden_0422021000-C",53389103.2698456
"Vefsn",1824,"Stokkafjorden_0361030400-C",3723457.88438552
"Vevelstad",1816,"Stokkafjorden_0361030400-C",3562076.69805207
"Alstahaug",1820,"Stokkafjorden_0361030400-C",8538072.83163351
"Brønnøy",1813,"Buåsvågen_0361020300-1-C",815585.585225145
"Tromsø",1902,"Nordbotn_0402021100-C",5102150.70423705
"Kåfjord",1940,"Kåfjorden-indre_0403030501-C",6577652.6279814
"Skjervøy",1941,"Kågsundet_0403030900-C",26797503.3105726
"Steigen",1848,"Leinesfjorden_0363032100-C",35888192.5570854
"Evenes",1853,"Bogen_0364030700-2-C",19730876.8751795
"Karlsøy",1936,"Dåfjorden_0403010600-C",35639908.9927763
"Alstahaug",1820,"Botnfjorden_0361040400-C",9565102.3331784
"Vega",1815,"Floholmene_0361000031-C",9949771.45112062
"Træna",1835,"Floholmene_0361000031-C",24572431.1102133
"Dønna",1827,"Floholmene_0361000031-C",109698983.690023
"Herøy",1818,"Floholmene_0361000031-C",601819265.729383
"Meløy",1837,"Skardsfjorden-indre_0362040300-1-C",11067971.6389501
"Tromsø",1902,"Skagøysundet_0402021500-C",15480208.5383748
"Karlsøy",1936,"Skagøysundet_0402021500-C",27157714.2838009
"Alta",2012,"Kåfjorden_0420030502-C",7057457.53241805
"Hasvik",2015,"Kobbefjorden_0420022200-C",6707.40598061495
"Hammerfest",2004,"Kobbefjorden_0420022200-C",6427250.97706307
"Bodø",1804,"Nevelsfjord-ytre_0363030702-C",12827738.8244528
"Måsøy",2018,"Kobbefjorden_0421030800-C",82973475.1439679
"Hamarøy",1849,"Lilandspollen_0364011200-C",7955372.35246209
"Gildeskål",1838,"Sørfjorden-ytre_0363010600-3-C",24380603.2421856
"Nesseby",2027,"Meskfjorden_0424020300-C",10789973.7426661
"Tjeldsund",1852,"Ramsundet-søndre_0364040100-2-C",4243407.3858405
"Berlevåg",2024,"Strømmen_0423020101-C",9263594.45947591
"Nordkapp",2019,"Risfjorden_0422010801-C",1456836.73097374
"Hadsel",1866,"Slåttnesbogen_0365020300-C",324559.069441935
"Steigen",1848,"Skotsfjorden-ytre_0363032300-2-C",7680271.46941796
"Øksnes",1868,"Lifjorden_0365011600-C",1068556.17210103
"Sortland",1870,"Lifjorden_0365011600-C",1030747.425023
"Brønnøy",1813,"Røyrskjeran_0360020300-2-C",2495115.1690925
"Måsøy",2018,"Reinøysundet_0421020400-C",9528707.59913969
"Gildeskål",1838,"Beiarfjorden-ytre_0363010900-1-C",1548670.27431119
"Vågan",1865,"Gimsøystraumen_0363041900-2-C",11784127.2931661
"Leirfjord",1822,"Vefsnfjorden-ytre_0361040102-2-C",5675566.78562142
"Vefsn",1824,"Vefsnfjorden-ytre_0361040102-2-C",14081235.4745073
"Alstahaug",1820,"Vefsnfjorden-ytre_0361040102-2-C",15109937.1729539
"Lebesby",2022,"Storfjorden_0422020300-C",25304727.1032972
"Nordkapp",2019,"Magerøysundet-øst_0421031000-C",67525632.6710297
"Vågan",1865,"Sundklakkstraumen_0363042000-3-C",7154714.2285502
"Vestvågøy",1860,"Sundklakkstraumen_0363042000-3-C",7144491.15801513
"Torsken",1928,"Grunnfarsnesbotnen_0401010900-C",2648019.2626338
"Lurøy",1834,"Risværfjorden_0362030100-C",7724683.37458293
"Rødøy",1836,"Risværfjorden_0362030100-C",243891956.571914
"Værøy",1857,"Røsthavet-ytre_0363050700-C",54381917.2080277
"Røst",1856,"Røsthavet-ytre_0363050700-C",79609553.8688394
"Bodø",1804,"Valnesfjorden_0363021102-C",8957643.54234869
"Fauske",1841,"Valnesfjorden_0363021102-C",19608620.820754
"Bodø",1804,"Hjartøysundet - Nyholmsundet_0363011200-3-C",7378559.21218337
"Vestvågøy",1860,"Finnstadpollen_0363041402-C",1364138.85061731
"Øksnes",1868,"Bjørndalsfjorden_0365020500-C",184262.868418055
"Sortland",1870,"Bjørndalsfjorden_0365020500-C",1282430.58909625
"Meløy",1837,"Skardsfjorden-ytre_0362040300-2-C",15856553.8663745
"Rødøy",1836,"Skardsfjorden-ytre_0362040300-2-C",4770611.37141129
"Meløy",1837,"Nordfjorden_0362040500-C",8868495.13864825
"Tysfjord",1850,"Haukøyfjorden_0364020700-2-C",55493613.6344816
"Brønnøy",1813,"Tosen-indre_0360011100-2-C",18767570.8303651
"Bindal",1811,"Tosen-indre_0360011100-2-C",5223939.2584642
"Hammerfest",2004,"Skreifjorden_0420021000-C",9090666.5046101
"Hadsel",1866,"Raftsundet_0364050301-2-C",17052487.5441926
"Vågan",1865,"Raftsundet_0364050301-2-C",17741852.9381364
"Værøy",1857,"Nordlandsflaget-indre_0363050400-C",24560459.045431
"Bø",1867,"Vestpollen_0365020801-1-C",483910.716258289
"Vega",1815,"Gladstadosen_0361010300-C",1037918.09467744
"Hammerfest",2004,"Rypefjorden_0420031600-2-C",3197601.49717581
"Ballangen",1854,"Efjorden-midtre_0364021202-6-C",1338198.04386829
"Bø",1867,"Storøya-nord_0365020902-1-C",609081.320450797
"Hemnes",1832,"Leirviken_0362010600-C",10618512.8805127
"Brønnøy",1813,"Okfjorden_0361020900-C",4861508.3847929
"Bodø",1804,"Sørfjorden-ytre_0363030303-C",3227636.31149805
"Tysfjord",1850,"Skrovkjosen_0364021100-C",6058436.72390542
"Balsfjord",1933,"Nordfjorden_0402011000-C",31120829.8478372
"Målselv",1924,"Nordfjorden_0402011000-C",10513910.622501
"Alta",2012,"Korsfjorden_0420030900-C",16512745.0637065
"Måsøy",2018,"Lillefjorden_0421010700-C",4020198.98751701
"Fauske",1841,"Klungsetvika_0363021000-C",12621548.0755468
"Bindal",1811,"Kollbotnet_0360010900-C",3725719.2355495
"Steigen",1848,"Lilandsfjorden_0363032200-C",4158386.76327743
"Hadsel",1866,"Grunnførfjorden-ytre_0363042500-2-C",1399079.07480898
"Vågan",1865,"Grunnførfjorden-ytre_0363042500-2-C",976088.027684018
"Rødøy",1836,"Værangen-midtre_0362030602-3-C",5362296.74017971
"Lenvik",1931,"Finnfjorden-ytre_0401030300-2-C",14861818.2224007
"Sørreisa",1925,"Finnfjorden-ytre_0401030300-2-C",2528113.81650947
"Tranøy",1927,"Selfjorden-midtre_0401010702-C",1312711.60266425
"Torsken",1928,"Selfjorden-midtre_0401010702-C",1042897.19997783
"Røst",1856,"Vestfjorden-ytre_0362000032-C",526223800.67863
"Meløy",1837,"Vestfjorden-ytre_0362000032-C",675504835.26173
"Rødøy",1836,"Vestfjorden-ytre_0362000032-C",581320780.096437
"Hadsel",1866,"Ytterfjorden - Innerfjorden_0365010400-1-C",2317741.56264349
"Vestvågøy",1860,"Tangstadpollen_0363042700-1-C",2236090.1547487
"Hadsel",1866,"Morfjorden-indre_0365010101-C",2936625.35993027
"Dønna",1827,"Vågsvågen_0362010200-C",3699006.01979074
"Nordkapp",2019,"Tufjorden_0421031400-C",27710256.9442465
"Brønnøy",1813,"Salhus_0360020700-2-C",4225664.97456074
"Vefsn",1824,"Sørfjorden_0361030600-C",2961889.2323658
"Sørfold",1845,"Tørrfjordelva_0363031000-2-C",465145.829439393
"Tysfjord",1850,"Hellmofjorden-ytre_0364020300-2-C",31218060.9885128
"Loppa",2014,"Nuvsfjorden_0420020300-C",6672917.94202131
"Vevelstad",1816,"Velvelstadsundet_0361030100-C",7307621.1837488
"Karlsøy",1936,"Andamsfjord_0403010100-C",11182233.608962
"Leirfjord",1822,"Leirfjorden-indre_0361040300-2-C",7298754.97244881
"Brønnøy",1813,"Velfjorden_0361020100-2-C",70772578.1634097
"Vevelstad",1816,"Velfjorden_0361020100-2-C",9423675.49834996
"Gamvik",2023,"Kinnarodden - Vardnesodden_0422000031-C",120419681.810776
"Lebesby",2022,"Kinnarodden - Vardnesodden_0422000031-C",248552.045296991
"Skjervøy",1941,"Langfjorden_0403031000-C",9127267.65747308
"Hammerfest",2004,"Jøfjorden_0420021100-C",14430045.4034808
"Værøy",1857,"Sørlandsvika_0363050300-2-C",2466932.57634043
"Vevelstad",1816,"Langkilvågen-ytre_0361030202-3-C",220017.499245383
"Karlsøy",1936,"Bårdsetsundet_0403010300-C",31233743.9469312
"Flakstad",1859,"Nusfjord_0363040900-C",657763.882734888
"Porsanger",2020,"Smørfjorden_0422010500-C",11319104.7747276
"Gildeskål",1838,"Morsdalsfjorden-indre_0363010700-1-C",5144388.68433582
"Brønnøy",1813,"Hjartøybukta_0360020600-1-C",5315095.23203349
"Bø",1867,"Skjørisen_0365000030-1-C",558869.667477777
"Steigen",1848,"Vinkfjorden_0363031400-C",19920981.1185366
"Porsanger",2020,"Soggovutna_0422010702-C",33884690.4518388
"Hammerfest",2004,"Sandøyfjorden_0420040702-C",85915477.9723646
"Nordkapp",2019,"Skipsfjorden_0422010802-C",6516165.13953249
"Dønna",1827,"Søråsværfjorden_0361050800-C",133817190.257477
"Lurøy",1834,"Søråsværfjorden_0361050800-C",152.459840242751
"Herøy",1818,"Søråsværfjorden_0361050800-C",530762.601547018
"Vevelstad",1816,"Langkilvågen-indre_0361030202-2-C",324223.590043109
"Hasvik",2015,"Meltefjorden_0420022500-C",4378410.70948829
"Leirfjord",1822,"Leirfjorden-ytre_0361040300-1-C",23659566.6449944
"Alstahaug",1820,"Leirfjorden-ytre_0361040300-1-C",4351213.67023952
"Hadsel",1866,"Langøysundet_0365020200-1-C",39974392.9119388
"Bø",1867,"Pollen_0365020902-4-C",735747.806332544
"Alta",2012,"Langfjorden-ytre_0420030402-C",27690643.5574982
"Andøy",1871,"Risøysundet-indre_0365011200-C",17444369.0103296
"Lebesby",2022,"Laksefjorden-ytre_0422020100-2-C",170183366.309547
"Sortland",1870,"Godfjorden-ytre_0401010300-2-C",11963155.2470111
"Moskenes",1874,"Moskenesvågen_0363000030-2-C",643677.947984775
"Vestvågøy",1860,"Kartfjorden_0363041500-3-C",564445.906185976
"Båtsfjord",2028,"Makkaur - Blodskytodden_0423000032-C",154276220.800731
"Vardø",2002,"Makkaur - Blodskytodden_0423000032-C",51424191.7267123
"Meløy",1837,"Meløyfjorden - Glomfjorden_0362040800-2-C",65812821.9291578
"Sortland",1870,"Sørfjorden_0365010900-1-C",3278519.52807441
"Hasvik",2015,"Øyfjorden_0420022300-C",13806048.2721062
"Lenvik",1931,"Stønnesbotnen-ytre_0402010402-C",2671905.88063316
"Balsfjord",1933,"Malangen - Rossfjorden_0402010500-C",36814647.6499129
"Lenvik",1931,"Malangen - Rossfjorden_0402010500-C",34659529.6189216
"Målselv",1924,"Malangen - Rossfjorden_0402010500-C",3443831.68416242
"Bodø",1804,"Eidekjosen_0363030800-C",9611092.09387599
"Berg",1929,"Ersfjorden_0401011600-C",3764296.76785674
"Øksnes",1868,"Vinjesundet - Skallflaget_0365030700-C",10749854.2710906
"Rana",1833,"Utskarpen_0362011300-C",6223703.82951118
"Øksnes",1868,"Sandsetfjorden_0365030500-3-C",4972110.44632662
"Karlsøy",1936,"Grøtøysundet_0403010200-C",22365454.5480849
"Vega",1815,"Ytre Vega nord_0361000030-C",433411399.832701
"Herøy",1818,"Ytre Vega nord_0361000030-C",94033847.6761397
"Gratangen",1919,"Gratangen_0401020802-C",25055367.2294447
"Lenvik",1931,"Laksfjorden_0401031000-C",4914490.86199781
"Lødingen",1851,"Haukfjorden_0364040503-2-C",13001215.5746347
"Vågan",1865,"Vatterfjorden_0364050404-C",808501.666880197
"Sortland",1870,"Sortlandsundet-nord-indre_0365010602-1-C",3556547.14091656
"Vestvågøy",1860,"Rolvsfjorden_0363041500-4-C",3314710.01806983
"Porsanger",2020,"Leaibevuotna_0422010600-C",11565927.6999544
"Tromsø",1902,"Skarsfjorden_0402021600-C",11630663.4050853
"Lebesby",2022,"Laksefjorden-indre_0422020100-1-C",787122768.382944
"Rødøy",1836,"Nordfjorden_0362030500-C",11470335.865543
"Måsøy",2018,"Revsbotn-indre_0421010600-C",42259769.0297638
"Kvalsund",2017,"Revsbotn-indre_0421010600-C",50623744.0778795
"Gildeskål",1838,"Saltfjorden-indre_0363011100-2-C",4907855.53428519
"Bodø",1804,"Saltfjorden-indre_0363011100-2-C",93328963.6271022
"Måsøy",2018,"Selvika_0421020800-C",2145886.11947119
"Hasvik",2015,"Børrfjorden_0420040601-C",1837645.54155188
"Måsøy",2018,"Eiterfjorden_0421030400-C",4350555.56581251
"Tromsø",1902,"Ersfjorden_0402020100-C",14221937.0528939
"Rødøy",1836,"Melfjorden_0362030300-C",56545668.5837295
"Loppa",2014,"Ullsfjorden_0420020200-C",3147746.8041286
"Lebesby",2022,"Vardnessundet - Mårøysundet_0422020600-C",31236157.2495663
"Dønna",1827,"Skagafjorden_0361050300-C",9855287.11102605
"Herøy",1818,"Skagafjorden_0361050300-C",20539.0293070823
"Hadsel",1866,"Falkfjorden_0365010300-2-C",1078722.70022962
"Nesna",1828,"Litlsjona_0362011400-2-C",33125783.1116336
"Tromsø",1902,"Tromsøysundet-sør_0402020900-1-C",34970394.955072
"Hamarøy",1849,"Innhavet-indre_0364010800-5-C",12952823.4400395
"Berg",1929,"Bergsfjorden_0401011400-C",39600630.4333162
"Sømna",1812,"Sandvågen - Vikvågen_0360011600-2-C",12168145.8639922
"Alta",2012,"Leirbotnen_0420030700-C",22753194.795087
"Lødingen",1851,"Øksfjorden_0364050102-C",32725821.4078455
"Tranøy",1927,"Tranøybotn_0401030900-C",21455784.0083817
"Lødingen",1851,"Kanstadfjorden_0364040503-1-C",10689396.9504375
"Steigen",1848,"Mørsvikfjorden_0363031700-C",10840320.1211557
"Sørfold",1845,"Mørsvikfjorden_0363031700-C",8538453.91683671
"Bø",1867,"Straumfjorden_0365031100-C",934860.005628062
"Sømna",1812,"Sømnesvika_0360020100-1-C",661756.254161071
"Brønnøy",1813,"Sømnesvika_0360020100-1-C",661861.234860694
"Måsøy",2018,"Østerbotn_0421030602-C",2066898.34732634
"Leirfjord",1822,"Låvongsbukta_0362010500-1-C",1194580.55367372
"Måsøy",2018,"Tarhalsen - Furuholmen fyr_0421000030-C",128496148.340983
"Hammerfest",2004,"Tarhalsen - Furuholmen fyr_0421000030-C",181254237.670269
"Nordreisa",1942,"Maursundet_0403030700-C",15776234.4613152
"Skjervøy",1941,"Maursundet_0403030700-C",17459778.480239
"Vågan",1865,"Vatterfjordpollen_0364050403-C",1372616.92436768
"Meløy",1837,"Holandsfjorden_0362040400-2-C",16766570.5012224
"Ballangen",1854,"Vallebukta-øst_0364021202-2-C",1781081.46870759
"Porsanger",2020,"Vesterbotn_0422010701-C",35816961.6286072
"Flakstad",1859,"Selfjorden_0363040700-1-C",7755324.17530268
"Brønnøy",1813,"Trælvikstraumen_0360020500-1-C",1316873.39267173
"Skånland",1913,"Tjeldsundet-nordre_0364040200-2-C",6310924.81549364
"Tjeldsund",1852,"Tjeldsundet-nordre_0364040200-2-C",3366947.72227167
"Sortland",1870,"Hongfjorden_0365010900-2-C",5617546.96603984
"Bindal",1811,"Lysfjorden_0360010500-2-C",3003510.53978555
"Rødøy",1836,"Rødøyfjorden_0362030800-C",59088177.7427205
"Narvik",1805,"Narvikbukta_0364030402-C",4186207.54594902
"Lyngen",1938,"Pollen_0403030300-C",4219864.62614708
"Sortland",1870,"Straumvatnet_0365011100-6-C",563740.198286886
"Lurøy",1834,"Kvarøyfjorden-ytre_0362020500-2-C",21886640.9303123
"Rødøy",1836,"Kvarøyfjorden-ytre_0362020500-2-C",2822157.79754023
"Sømna",1812,"Ursfjorden-indre_0360011400-3-C",6702076.21934872
"Brønnøy",1813,"Ursfjorden-indre_0360011400-3-C",1258634.10162747
"Steigen",1848,"Folda - Andholmfjorden_0363031900-C",258131040.567026
"Bodø",1804,"Folda - Andholmfjorden_0363031900-C",43064286.7197806
"Vestvågøy",1860,"Fyglsjøen_0363041200-3-C",641685.247633936
"Bø",1867,"Guvåg_0365020902-5-C",580364.33938531
"Sortland",1870,"Gåsfjorden_0365010602-3-C",1767301.60455771
"Lurøy",1834,"Færøya_0362020500-3-C",4934913.24188993
"Brønnøy",1813,"Skillbotnfjorden_0360020300-3-C",15055149.4058265
"Hamarøy",1849,"Sagpollen_0364010800-2-C",975890.091677669
"Lenvik",1931,"Øyfjorden-indre_0402010102-C",13001631.4511261
"Sørfold",1845,"Mørsvikbotn_0363031600-C",10732638.3200458
"Lødingen",1851,"Innerfjorden_0364040501-C",2636764.05768738
"Rødøy",1836,"Værangen-indre_0362030602-2-C",2988279.03988095
"Måsøy",2018,"Trollsundet_0421020200-C",5254065.01831411
"Leirfjord",1822,"Meisfjorden_0361040600-C",3063851.60428144
"Måsøy",2018,"Havøysundet_0421030300-C",398841.452555105
"Måsøy",2018,"Ytre Pollen_0421020502-C",291000.630704909
"Alta",2012,"Store Kufjorden_0420031200-C",9218624.85017349
"Hammerfest",2004,"Komagfjordbotn_0420022000-C",920336.09632752
"Vågan",1865,"Årrvågan_0363042000-1-C",3982835.94143187
"Vestvågøy",1860,"Årrvågan_0363042000-1-C",867272.633150636
"Hadsel",1866,"Melbu fiskerihavn_0365010300-3-C",338017.054691239
"Flakstad",1859,"Skjelfjorden-indre_0363040801-C",892270.296328919
"Sømna",1812,"Lyngværfjorden_0360011600-1-C",31758669.5254778
"Brønnøy",1813,"Svarthopen_0360020600-3-C",467081.478690332
"Gildeskål",1838,"Morsdalsfjorden-ytre_0363010700-2-C",11239351.7607364
"Vågan",1865,"Ørsvåg_0364050700-C",2208436.60196171
"Måsøy",2018,"Magerøysundet-vest_0421030900-C",7548158.03436762
"Nordkapp",2019,"Magerøysundet-vest_0421030900-C",10478596.3003511
"Bindal",1811,"Sørfjorden-ytre_0360010700-3-C",8865308.17074748
"Steigen",1848,"Valsvær_0364010100-C",46806950.6429966
"Træna",1835,"Ternholmfjorden_0362000031-C",18013159.7442138
"Lurøy",1834,"Ternholmfjorden_0362000031-C",2358228.13440418
"Meløy",1837,"Ternholmfjorden_0362000031-C",476575989.213924
"Rødøy",1836,"Ternholmfjorden_0362000031-C",545729103.354849
"Rødøy",1836,"Tjongsfjorden-ytre_0362030700-2-C",31693276.6194863
"Narvik",1805,"Romsbakbotn_0364030501-1-C",1120605.84157264
"Karlsøy",1936,"Hamrefjorden_0403011000-C",82050432.7013198
"Tromsø",1902,"Sandvika_0402011200-C",22385686.7209349
"Hadsel",1866,"Børøysundet_0365020200-2-C",1773431.57605765
"Hemnes",1832,"Finneidfjorden_0362011100-C",5202500.19913241
"Vestvågøy",1860,"Vågspollen_0363000031-2-C",1605364.59416081
"Bø",1867,"Førepollen_0365000030-2-C",2796383.21323312
"Brønnøy",1813,"Kattsundet_0360020900-1-C",792206.533932592
"Hadsel",1866,"Grunnfjorden_0364050302-C",4428008.13004396
"Lurøy",1834,"Kvarøyfjorden-indre_0362020500-5-C",15151855.59212
"Ibestad",1917,"Bygda_0401021300-C",39058827.0941105
"Steigen",1848,"Skagstadsundet_0364011400-C",25580233.5820099
"Lenvik",1931,"Stønnesbotnen-indre_0402010401-C",10900646.1286363
"Sørfold",1845,"Leirfjorden_0363031100-C",23644074.777522
"Berg",1929,"Steinfjorden_0401011500-C",4110999.98065169
"Berg",1929,"Bergsbotn i Bergsfjorden_0401011300-C",13111586.4427406
"Tromsø",1902,"Tromsøysundet-nord_0402020900-3-C",18630797.666543
"Vestvågøy",1860,"Limstrandpollen_0363042103-C",4330065.45659633
"Sortland",1870,"Blokken_0365010601-3-C",445366.376889883
"Rødøy",1836,"Hopen_0362030700-1-C",879346.361029974
"Sømna",1812,"Ursfjorden-ytre_0360011400-1-C",23546115.9363555
"Bindal",1811,"Ursfjorden-ytre_0360011400-1-C",10426277.6802739
"Hammerfest",2004,"Skippernesfjorden_0420021500-C",3787391.4857837
"Steigen",1848,"Folda_0363030500-C",56496872.5285313
"Bodø",1804,"Folda_0363030500-C",51206791.023345
"Sørfold",1845,"Folda_0363030500-C",3640837.4927845
"Vestvågøy",1860,"Ballstad_0363000030-3-C",703711.050633877
"Lyngen",1938,"Nordlenangen - Straumen_0403020900-C",8243516.80198047
"Meløy",1837,"Meløyvær_0362040100-C",84874734.5906397
"Rødøy",1836,"Meløyvær_0362040100-C",35439481.1344362
"Lenvik",1931,"Målselvfjorden_0402010700-C",4773026.60597774
"Målselv",1924,"Målselvfjorden_0402010700-C",14500934.0459473
"Gildeskål",1838,"Holmsundfjorden_0363010800-3-C",13622762.3989401
"Gildeskål",1838,"Fugløyvær_0363010100-C",161995480.254408
"Meløy",1837,"Fugløyvær_0363010100-C",56078529.7358901
"Hammerfest",2004,"Bårdfjorden_0420020900-C",6264748.6925793
"Vågan",1865,"Leirosen_0364050600-C",1443814.22461427
"Værøy",1857,"Værøy-ytre_0363050600-C",52488429.1210844
"Lyngen",1938,"Fugløyfjorden_0403020100-C",71712786.9891136
"Karlsøy",1936,"Fugløyfjorden_0403020100-C",465112251.182334
"Skjervøy",1941,"Fugløyfjorden_0403020100-C",99183376.8230508
"Bindal",1811,"Sørfjorden-midtre_0360010700-2-C",2593028.49951791
"Brønnøy",1813,"Trongnessundet_0360020800-C",386090.010991243
"Bodø",1804,"Vestervågen_0363000030-5-C",608990.527985089
"Tysfjord",1850,"Sildpollen_0364021000-C",1111896.67497304
"Steigen",1848,"Revsfjorden_0363030602-1-C",439811.426154876
"Sørfold",1845,"Revsfjorden_0363030602-1-C",8854237.0144765
"Hemnes",1832,"Røssåen_0362010900-C",4845765.75280254
"Kvænangen",1943,"Badderfjorden_0403040103-C",76240078.4399453
"Dønna",1827,"Kverva_0361050700-C",20993685.8102198
"Hadsel",1866,"Lonkanfjorden-indre_0365010501-C",2647773.04343574
"Brønnøy",1813,"Langfjorden-indre_0361020500-1-C",2553758.50065273
"Øksnes",1868,"Myre havn_0365030100-2-C",743694.198832188
"Ballangen",1854,"Efjorden-indre_0364021202-7-C",3774013.38980881
"Karlsøy",1936,"Burøysundet_0403020200-C",7626187.63740111
"Fauske",1841,"Valnesfjordvatnet_0363021101-C",8262047.40715672
"Vevelstad",1816,"Anddalsvågen_0361020100-1-C",406697.357241125
"Brønnøy",1813,"Tverrøya_0360020400-1-C",2317922.5692018
"Bodø",1804,"Fjellvika_0363020200-2-C",8887188.70449547
"Tromsø",1902,"Indre Kaldfjord_0402020401-1-C",2192729.54458822
"Lødingen",1851,"Innerfjorden_0364050101-C",6910606.07958409
"Meløy",1837,"Bogen_0362040700-2-C",2431666.81579276
"Bindal",1811,"Bindalsfjorden_0360010600-1-C",31808726.0063653
"Vågan",1865,"Olderfjorden-ytre_0363041800-2-C",1248236.23128355
"Loppa",2014,"Frakkfjorden_0420010100-C",18255977.6957139
"Brønnøy",1813,"Lislfjorden_0361020800-1-C",1094424.25469382
"Øksnes",1868,"Alsvågen_0365011100-5-C",585724.394194325
"Hammerfest",2004,"Slettnes_0420021700-C",2828927.74088125
"Sømna",1812,"Nordbotnet_0360020200-C",1308740.93597617
"Brønnøy",1813,"Nordbotnet_0360020200-C",831071.491777428
"Kvænangen",1943,"Kvænangsbotnen_0403040101-C",13813515.9167558
"Vestvågøy",1860,"Flaget_0363041300-C",2720477.93068408
"Bodø",1804,"Bodø Havn_0363011200-2-C",1024807.76302719
"Tysfjord",1850,"Indre Tysfjorden_0364020603-C",23021002.1344521
"Karlsøy",1936,"Langsundet_0403010900-C",39896641.93157
"Måsøy",2018,"Mafjorden_0421011000-C",4682194.90092774
"Vega",1815,"Vågøyfjorden_0361010200-C",7888515.57746266
"Flakstad",1859,"Torsfjorden-indre_0363040700-2-C",671624.458484689
"Tjeldsund",1852,"Kjerfjorden_0364040400-C",2036419.45715059
"Hammerfest",2004,"Akkarfjorden_0420021400-C",4367118.07230712
"Vega",1815,"Skipbåtsværfjorden_0361050900-C",8318987.53688589
"Dønna",1827,"Skipbåtsværfjorden_0361050900-C",67503537.4779237
"Herøy",1818,"Skipbåtsværfjorden_0361050900-C",268814634.803734
"Tromsø",1902,"Vengsøyfjorden_0402020300-C",40328209.1017315
"Alstahaug",1820,"Sandnessjøen havn_0361040700-2-C",193664.868345605
"Steigen",1848,"Skjettenfjorden_0364010300-C",34307920.2927181
"Hamarøy",1849,"Skjettenfjorden_0364010300-C",8154322.1946317
"Lurøy",1834,"Kvina_0362020500-4-C",6815158.89884724
"Berlevåg",2024,"Kongsfjorden_0423020102-C",90177484.6067241
"Brønnøy",1813,"Heggefjorden_0361020400-C",3317552.76007777
"Flakstad",1859,"Skjelfjorden-ytre_0363040802-C",6425879.00244634
"Tjeldsund",1852,"Tjeldsundet-indre_0364040300-2-C",6347394.98354963
"Ballangen",1854,"Storpollen_0364000030-7-C",1239791.9999708
"Steigen",1848,"Stavfjorden_0363031500-C",8467201.58580076
"Hasvik",2015,"Hasfjorden_0420022600-C",7345866.36668996
"Lurøy",1834,"Stigfjorden_0362020300-C",59441988.9851146
"Sørfold",1845,"Botnfjorden_0363031201-C",1290323.86496986
"Steigen",1848,"Sagfjorden_0364010600-C",24024052.1876544
"Hamarøy",1849,"Sagfjorden_0364010600-C",64861506.2290993
"Ballangen",1854,"Teppkilen_0364021202-5-C",1727176.27300897
"Moskenes",1874,"Forsfjorden_0363040300-C",702511.683984337
"Tromsø",1902,"Kaldfjorden-ytre_0402020402-C",38269676.842828
"Ballangen",1854,"Sørstraumen-vest_0364021202-10-C",581162.02028558
"Kåfjord",1940,"Kåfjorden-ytre_0403030502-C",32752147.6678507
"Gildeskål",1838,"Stavsundet_0363010500-C",1661377.20546279
"Nordkapp",2019,"Strandbukta_0422010400-C",12592004.9789672
"Hasvik",2015,"Sørfjorden_0420020400-C",3273305.71337772
"Leirfjord",1822,"Vefsnfjorden-midtre_0361040102-1-C",4605773.60647576
"Vefsn",1824,"Vefsnfjorden-midtre_0361040102-1-C",3071578.48530287
"Lødingen",1851,"Hestfjorden_0364000030-9-C",3062900.76067693
"Loppa",2014,"Langfjorden_0420010300-C",19503308.9777403
"Alstahaug",1820,"Hamnesleia_0361031000-C",15215737.5986605
"Sørfold",1845,"Sjunkfjorden-ytre_0363030900-2-C",13268080.1236018
"Narvik",1805,"Rombaken_0364030501-2-C",6008429.74370681
"Tromsø",1902,"Kjosen_0403020700-C",8048756.24009603
"Lyngen",1938,"Kjosen_0403020700-C",6667718.40950268
"Måsøy",2018,"Revsbotn-ytre_0421010100-C",278200133.317114
"Kvalsund",2017,"Revsbotn-ytre_0421010100-C",25786910.6952448
"Hammerfest",2004,"Revsbotn-ytre_0421010100-C",412132233.778122
"Vevelstad",1816,"Visten-midtre_0361030202-4-C",7290622.97304407
"Bodø",1804,"Karlsøyfjorden-søndre_0363030100-1-C",69997693.2909939
"Alstahaug",1820,"Tjøtta_0361030900-C",5199221.14233673
"Sørfold",1845,"Sørfolda-indre_0363030601-C",30115726.9094525
"Dønna",1827,"Lundstøa_0361050600-C",721335.187284416
"Nordkapp",2019,"Porsangerfjorden-ytre_0422010100-2-C",417544521.140462
"Tromsø",1902,"Kattfjorden_0402011300-C",21661591.6763344
"Bindal",1811,"Reppsundet_0360010600-2-C",8324463.32762472
"Lenvik",1931,"Lysbotn_0401030202-C",7214890.36107216
"Tromsø",1902,"Håjafjorden - Fugløysveet_0402000031-C",321584736.594815
"Karlsøy",1936,"Håjafjorden - Fugløysveet_0402000031-C",39484419.5142605
"Evenes",1853,"Bogen - Øysundet_0364030700-1-C",8212263.85648132
"Karlsøy",1936,"Kvaløysundet_0403010400-C",56573785.6840581
"Meløy",1837,"Støttafjorden - Gåsværfjorden_0362041100-C",67323783.5698315
"Vågan",1865,"Svolvær_0364000030-3-C",816025.323980277
"Bindal",1811,"Skotnesfjorden_0360011200-1-C",15431743.6638173
"Lebesby",2022,"Kjøllefjorden_0422020900-C",21564886.9998992
"Lenvik",1931,"Baltsfjorden_0402010200-C",25115772.6350724
"Lenvik",1931,"Lysbotnvannet_0401030201-C",114860.024246998
"Torsken",1928,"Gryllefjorden_0401011100-C",4883625.64432879
"Vestvågøy",1860,"Sortlandsvika_0363042700-2-C",2264723.70044408
"Hammerfest",2004,"Kvalfjorden_0421010300-C",3242940.47331588
"Vestvågøy",1860,"Innerpollen_0363042601-C",4328883.04914878
"Kvæfjord",1911,"Austerfjorden_0401010402-C",5615058.96986473
"Leirfjord",1822,"Sundet_0361040200-C",8866525.48774912
"Vågan",1865,"Vikspollen_0363042000-2-C",1482466.21196827
"Karlsøy",1936,"Skipsfjorden_0403020300-C",15837506.7036875
"Sørfold",1845,"Tørrfjorden_0363031000-3-C",2460891.68424109
"Vardø",2002,"Reinøysundet_0424010200-C",5217608.89926218
"Kvæfjord",1911,"Kasfjorden_0401010600-C",521078.143580377
"Salangen",1923,"Sagfjorden-ytre_0401021102-C",1741325.13825665
"Moskenes",1874,"Tindsvågen_0363000030-1-C",553920.233035308
"Ballangen",1854,"Leirpollen_0364021202-9-C",1043691.97922494
"Berg",1929,"Straumsbotn_0401011201-C",6537542.37998885
"Rana",1833,"Ranfjorden - Sandnes_0362010500-2-C",12844183.7343499
"Leirfjord",1822,"Ranfjorden - Sandnes_0362010500-2-C",3851116.94812301
"Hemnes",1832,"Ranfjorden - Sandnes_0362010500-2-C",7610716.69485524
"Måsøy",2018,"Valfjorden_0421010800-C",3128425.07140386
"Meløy",1837,"Arhaugfjorden_0362040400-1-C",6750672.94084692
"Narvik",1805,"Ofotfjorden_0364030100-2-C",79930300.3026357
"Tjeldsund",1852,"Ofotfjorden_0364030100-2-C",32307775.0816134
"Evenes",1853,"Ofotfjorden_0364030100-2-C",111489823.670555
"Ballangen",1854,"Ofotfjorden_0364030100-2-C",89983512.4912476
"Vestvågøy",1860,"Alstadpollen_0363042102-C",1086999.93237445
"Tromsø",1902,"Straumsfjorden_0402011100-C",34070011.2935416
"Balsfjord",1933,"Straumsfjorden_0402011100-C",2688548.3862682
"Sortland",1870,"Djupfjorden_0365010700-C",1774720.23215693
"Tysfjord",1850,"Ytterpollen_0364020602-C",1170540.16542091
"Bodø",1804,"Mistfjorden_0363030200-C",22012675.0409606
"Porsanger",2020,"Roddenjargsjøen_0422010703-C",261778080.855805
"Steigen",1848,"Balkjosen_0363031800-C",9199630.64988617
"Øksnes",1868,"Teistpollen_0365030500-1-C",328599.203392851
"Brønnøy",1813,"Skutstøa_0360021000-C",1765420.53236081
"Meløy",1837,"Eidet_0362040900-C",6180295.09365908
"Steigen",1848,"Brattfjorden-indre_0363031300-1-C",2639835.22193865
"Ballangen",1854,"Langvågpollen_0364021202-4-C",1082877.47422468
"Øksnes",1868,"Strengelvåg_0365011100-2-C",19550235.9902289
"Tysfjord",1850,"Sørfjorden_0364020601-C",2049922.9845005
"Tysfjord",1850,"Fuglfjorden_0364020800-2-C",2807241.762632
"Moskenes",1874,"Bunesfjorden_0363040400-C",568406.195235644
"Steigen",1848,"Økssundet_0364011300-C",12799159.9192471
"Hamarøy",1849,"Økssundet_0364011300-C",16869372.8823018
"Hadsel",1866,"Kvalsøybugen_0365020100-1-C",363856.340941467
"Steigen",1848,"Botnfjorden_0363032000-C",6003125.70045521
"Vestvågøy",1860,"Steiropollen_0363042101-C",2851766.98493184
"Vågan",1865,"Sydalspollen_0363041900-1-C",1343908.42131974
"Steigen",1848,"Straumfjordvatnet_0364010701-C",3716148.68991081
"Fauske",1841,"Fauskevika_0363020900-C",9653279.89217818
"Tysfjord",1850,"Grunnfjorden-ytre_0364020400-2-C",6849571.23743578
"Vevelstad",1816,"Mindværfjorden_0361030300-C",16960098.7219251
"Alstahaug",1820,"Mindværfjorden_0361030300-C",20080010.1929106
"Lebesby",2022,"Eidsfjorden_0422020700-C",13924383.1810272
"Sørfold",1845,"Nordfjorden_0363031000-1-C",944066.846927464
"Vågan",1865,"Jenndalspollen_0363042000-4-C",517025.703438201
"Ballangen",1854,"Forsahavet_0364021201-3-C",18053776.5123189
"Tromsø",1902,"Sessøyfjorden_0402020200-C",30918392.4283074
"Bodø",1804,"Landegodefjorden_0363011200-1-C",247633820.105848
"Lødingen",1851,"Fiskefjorden_0364040300-1-C",417655.89438897
"Tjeldsund",1852,"Fiskefjorden_0364040300-1-C",2108220.31318631
"Tromsø",1902,"Malangen-indre_0402010300-1-C",52823388.3670066
"Balsfjord",1933,"Malangen-indre_0402010300-1-C",15826055.0555403
"Lenvik",1931,"Malangen-indre_0402010300-1-C",66640513.9496646
"Rødøy",1836,"Værangen-ytre_0362030200-C",57787100.6397543
"Ballangen",1854,"Vallebukta-vest_0364021202-1-C",791313.220931326
"Nordkapp",2019,"Nordvågen_0422010200-C",598316.921165725
"Moskenes",1874,"Reine Havn_0363040200-1-C",1083889.81317407
"Hammerfest",2004,"Finnfjorden_0420040800-C",7986636.24160641
"Hammerfest",2004,"Hammerfest Havn_0420021300-C",2130552.94957392
"Vågan",1865,"Vestpollen_0364050402-C",531180.749737948
"Lebesby",2022,"Sandfjorden_0422021100-C",3264694.1693568
"Brønnøy",1813,"Sørfjorden_0361020200-C",8622881.14589099
"Hasvik",2015,"Hasvik_0420022700-C",1577757.61371351
"Skjervøy",1941,"Kjølmangen_0403030800-C",33151180.47701
"Gamvik",2023,"Sandfjorden_0422021400-C",7089880.61605959
"Steigen",1848,"Skotsfjorden-indre_0363032300-1-C",6559924.44414329
"Vevelstad",1816,"Strandbukta_0361030202-1-C",988077.536129009
"Øksnes",1868,"Kjøravalen_0365011100-3-C",972976.475476339
"Rødøy",1836,"Tjongsfjorden-indre_0362030700-3-C",5959847.81721512
"Vega",1815,"Lisøråsa_0361010500-C",138727474.306309
"Herøy",1818,"Lisøråsa_0361010500-C",4989830.11650351
"Alstahaug",1820,"Lisøråsa_0361010500-C",102224639.978052
"Bindal",1811,"Øyfjorden_0360010600-4-C",15566191.7607472
"Øksnes",1868,"Ånnfjorden_0365030500-2-C",2609993.46973721
"Steigen",1848,"Holmåkfjorden_0364010400-C",5040476.0420289
"Rødøy",1836,"Skjåvika_0362030602-1-C",1160536.28447451
"Lebesby",2022,"Bekkarfjorden_0422020500-C",18976744.8494068
"Hammerfest",2004,"Hamnefjorden_0420021800-C",4175076.21664202
"Hammerfest",2004,"Husfjorden_0420021900-C",6815309.57236926
"Kvænangen",1943,"Olderfjorden_0403040900-C",5576294.61217004
"Hammerfest",2004,"Eidvågen_0420021201-C",1875184.43373905
"Hasvik",2015,"Kipparfjorden_0420022400-C",6014952.41278286
"Sortland",1870,"Sortlandsundet-sør-indre_0365010601-2-C",3017042.56257231
"Vågan",1865,"Valastrandvågen_0364000030-5-C",533155.542487508
"Brønnøy",1813,"Syltrevågen_0360020400-5-C",242579.312194287
"Brønnøy",1813,"Tosen-ytre_0360011100-1-C",908681.888792165
"Bindal",1811,"Tosen-ytre_0360011100-1-C",28002736.2361002
"Vågan",1865,"Hopspollen_0364050801-C",341924.012341795
"Nesna",1828,"Skogsleira_0362011400-1-C",2470311.65529593
"Vågan",1865,"Nordpollen_0363042300-1-C",988109.265725271
"Nordkapp",2019,"Vassfjorden_0421031300-C",17060783.7992529
"Bodø",1804,"Misværfjorden-indre_0363020600-2-C",14482008.927394
"Bø",1867,"Jørnfjorden-ytre_0365020902-2-C",5342123.27707277
"Bodø",1804,"Indre Sundan_0363020400-C",1432201.03921606
"Hamarøy",1849,"Skipvågen_0364010800-4-C",323455.147642277
"Bø",1867,"Hellfjorden-indre_0365020801-2-C",1581424.36989404
"Sortland",1870,"Hellfjorden-indre_0365020801-2-C",900652.515243393
"Måsøy",2018,"Fruholmen fyr - Hjelmsøya_0421000031-C",135301343.683306
"Måsøy",2018,"Ryggefjorden_0421030700-C",25695799.1104482
"Bindal",1811,"Hovøysundet_0360011300-2-C",4931126.37357854
"Gildeskål",1838,"Sørfjorden-indre_0363010600-1-C",4420437.85579905
"Hadsel",1866,"Morfjorden-ytre_0365010102-C",1594772.29996293
"Brønnøy",1813,"Toftsundet_0360020900-2-C",1206707.049374
"Gamvik",2023,"Risfjorden_0423010100-C",1915365.00506647
"Sortland",1870,"Sigerfjorden_0365010800-2-C",7263077.09257553
"Vestvågøy",1860,"Buksnesfjorden-indre_0363041200-1-C",2534840.70013912
"Vestvågøy",1860,"Storfjordpollen_0363041401-C",854454.899479964
"Røst",1856,"Røst-ytre_0363050800-C",102732017.249021
"Hamarøy",1849,"Presteidvika_0364011800-C",25570736.1982983
"Hamarøy",1849,"Karlsøybotnen_0364010900-C",3042995.52492631
"Måsøy",2018,"Tufjorden_0421010900-C",1012619.26368325
"Hadsel",1866,"Sløverfjorden_0365010201-3-C",5445045.23026807
"Måsøy",2018,"Russehamn_0421021100-C",2758243.81532801
"Sømna",1812,"Storvika_0360011500-1-C",2142090.15055319
"Vestvågøy",1860,"Skifjorden-ytre_0363041500-5-C",14956784.4453396
"Hadsel",1866,"Haugvågen_0365010300-4-C",568023.399134192
"Gratangen",1919,"Gratangsbotnen_0401020801-C",5656888.52306331
"Hammerfest",2004,"Hønsebyvika_0420040701-C",920458.11181437
"Vågan",1865,"Leirane_0363042400-1-C",5638279.0769156
"Brønnøy",1813,"Litjebørja_0361020700-C",2529256.0308688
"Skjervøy",1941,"Skjervøy Havn_0403040300-C",952038.811025506
"Lenvik",1931,"Finnfjorden-indre_0401030400-C",6743291.41626595
"Sørreisa",1925,"Finnfjorden-indre_0401030400-C",97039.2686261833
"Sømna",1812,"Brekkosen_0360011400-2-C",7949662.47002839
"Alstahaug",1820,"Tjøttfjorden-ytre_0361031200-C",51486334.3332203
"Brønnøy",1813,"Langfjorden-ytre_0361020500-2-C",1114278.72727592
"Måsøy",2018,"Snefjorden_0421020600-C",62388406.0765034
"Øksnes",1868,"Romsetfjorden_0365030300-C",7110385.44745458
"Andøy",1871,"Andenes_0365000032-2-C",507153.952787927
"Ballangen",1854,"Efjorden-ytre_0364021202-8-C",5430964.67957
"Rana",1833,"Sveet_0362011200-C",2930109.14033218
"Vestvågøy",1860,"Myklevika_0363041500-1-C",3135513.89207634
"Hamarøy",1849,"Innhavet-ytre_0364010800-1-C",4627519.15844197
"Tranøy",1927,"Solbergfjorden_0401030300-1-C",19569074.9100369
"Lenvik",1931,"Solbergfjorden_0401030300-1-C",14538136.72131
"Sørreisa",1925,"Solbergfjorden_0401030300-1-C",16321027.6114471
"Dyrøy",1926,"Solbergfjorden_0401030300-1-C",25320203.5521636
"Tromsø",1902,"Nordfjorden_0402011400-C",6270042.68200743
"Vega",1815,"Ytre Flesan_0361050100-C",74864384.4384431
"Herøy",1818,"Ytre Flesan_0361050100-C",12647668.6898366
"Måsøy",2018,"Kulfjorden_0421030603-C",33674736.2083083
"Sømna",1812,"Gravfjorden_0360011500-2-C",1028181.44987999
"Brønnøy",1813,"Gravfjorden_0360011500-2-C",610578.92623448
"Tysfjord",1850,"Mannfjorden_0364020500-C",21132285.7861974
"Hadsel",1866,"Trollfjorden_0364050303-C",562712.511685394
"Hasvik",2015,"Markeila_0420040200-C",6855571.72593655
"Vågan",1865,"Vatnfjorden_0363042300-2-C",3542426.67296639
"Sortland",1870,"Valfjorden_0365020400-2-C",577016.484586447
"Hadsel",1866,"Lonkanfjorden-ytre_0365010502-C",7436104.32394513
"Salangen",1923,"Sagfjorden-indre_0401021101-C",14967308.122036
"Vevelstad",1816,"Innervisten_0361030201-C",5423147.38496674
"Måsøy",2018,"Rolvsøysundet_0421020100-C",352182113.943877
"Vågan",1865,"Indrefjorden_0363042200-C",1209148.17997084
"Fauske",1841,"Nedrevatnet_0363020800-C",4825046.36299776
"Salangen",1923,"Lavangen_0401020900-C",5556211.20921717
"Lavangen",1920,"Lavangen_0401020900-C",21808388.5661079
"Rødøy",1836,"Kista_0362030601-C",1064446.41917571
"Tysfjord",1850,"Hellmofjorden-indre_0364020300-1-C",22819813.3183194
"Ballangen",1854,"Stor-Kobbvika_0364021202-3-C",990059.946477546
"Tysfjord",1850,"Stefjorden_0364020900-C",5427693.30486905
"Steigen",1848,"Flagsundet_0364010200-C",14821307.1480001
"Sortland",1870,"Roksøyfjorden_0365011000-C",2712942.56203493
"Ballangen",1854,"Tauselvhavet_0364021201-1-C",9215462.49218226
"Bodø",1804,"Skjærstadfjorden_0363020500-C",87253622.2261297
"Fauske",1841,"Skjærstadfjorden_0363020500-C",25199578.9788204
"Gamvik",2023,"Skittenfjorden_0422021300-C",5043345.35942754
"Lurøy",1834,"Silavågen_0362020203-C",3873968.07946975
"Lurøy",1834,"Sjona-ytre_0362020202-C",60797001.8820805
"Nesna",1828,"Sjona-ytre_0362020202-C",50026614.0607929
"Andøy",1871,"Tranesvågen_0365011400-C",6460416.30624115
"Hasvik",2015,"Sandfjorden_0420040300-C",27071200.5037883
"Tromsø",1902,"Kifjorden_0402020700-C",1487924.75062123
"Narvik",1805,"Beisfjorden-indre_0364030401-C",7185848.0786484
"Vågan",1865,"Sundlandsfjorden_0363042400-2-C",7587891.18682233
"Vefsn",1824,"Elsfjorden_0362010700-C",12398479.7958383
"Hemnes",1832,"Elsfjorden_0362010700-C",577078.512309223
"Alta",2012,"Innerpollen_0420031100-C",726293.030339984
"Hasvik",2015,"Nordfjorden_0420020500-C",2285418.12742222
"Øksnes",1868,"Gisløyflaket_0365011500-C",6935854.66678176
"Bodø",1804,"Nevelsfjord-indre_0363030701-C",3205771.29972519
"Bø",1867,"Straumsnes_0365020902-3-C",1225975.86031935
"Narvik",1805,"Trongskjomen-indre_0364030301-C",35089479.1959537
"Brønnøy",1813,"Tilremfjorden_0360020700-1-C",22429471.0510657
"Vadsø",2003,"Vadsø havn_0424020200-C",697039.233383632
"Sørfold",1845,"Sjunkfjorden-indre_0363030900-1-C",1179286.00667034
"Dønna",1827,"Dalsvågen_0362010300-C",680780.929984378
"Moskenes",1874,"Kjerkfjorden-indre_0363040500-C",3029608.33977864
"Bø",1867,"Malnesfjorden_0365030902-C",8545518.93294408
"Bodø",1804,"Karlsøyfjorden-nordre_0363030100-2-C",83035381.1864312
"Kvalsund",2017,"Vargsundet_0420031400-C",21953573.0701582
"Alta",2012,"Vargsundet_0420031400-C",61680473.1741989
"Torsken",1928,"Torskenfjorden_0401011000-C",8110274.98395071
"Hadsel",1866,"Grunnførfjorden-indre_0363042500-1-C",1735325.79304387
"Vågan",1865,"Grunnførfjorden-indre_0363042500-1-C",1726151.15747361
"Meløy",1837,"Murholmen_0362040700-1-C",2321357.5341985
"Ballangen",1854,"Revelsøya_0364000030-8-C",12621442.3774979
"Tranøy",1927,"Tranøyfjord_0401030600-C",83628696.3635603
"Dyrøy",1926,"Tranøyfjord_0401030600-C",60430511.0579165
"Karlsøy",1936,"Vannsundet_0403010700-C",120053413.277388
"Ballangen",1854,"Efjorden_0364021201-2-C",10054959.606563
"Tysfjord",1850,"Grunnfjorden-indre_0364020400-1-C",7700124.98721951
"Vågan",1865,"Lyngvær_0363041700-C",13221979.5150395
"Vestvågøy",1860,"Lyngvær_0363041700-C",8199774.56329502
"Hamarøy",1849,"Glimma_0364011900-C",3269703.86332133
"Flakstad",1859,"Sundstraumen_0363040600-2-C",1157822.85257149
"Moskenes",1874,"Djupfjorden_0363040100-C",781637.291835362
"Hammerfest",2004,"Gamvikfjorden_0420040900-C",21633950.0241577
"Nesseby",2027,"Karlebotn/Stuorravuonna_0424020400-C",43296375.2729757
"Meløy",1837,"Åmnessundet_0362040700-3-C",2158878.84885183
"Rana",1833,"Ranfjorden - Storvika_0362010500-3-C",3041102.53681359
"Leirfjord",1822,"Ranfjorden - Storvika_0362010500-3-C",20398930.1466293
"Nesna",1828,"Ranfjorden - Storvika_0362010500-3-C",15418283.3348547
"Øksnes",1868,"Skjerfjorden_0365030600-C",508259.08993863
"Sørreisa",1925,"Reisafjorden_0401030500-1-C",8381621.70949276
"Lyngen",1938,"Lyngseidet_0403030200-C",9191902.20062366
"Vestvågøy",1860,"Vikbukta_0363000031-1-C",3362674.91262006
"Karlsøy",1936,"Helgøysundet_0403010500-C",37043173.1666152
"Lenvik",1931,"Øyfjorden-ytre_0402010103-C",19997532.4331544
"Hamarøy",1849,"Kobbvika_0364011600-C",3300871.39482083
"Tranøy",1927,"Valvågen_0401030800-C",5759490.12510899
"Vefsn",1824,"Sørfjorden_0362010800-C",2211344.54690963
"Hemnes",1832,"Sørfjorden_0362010800-C",19395787.7757949
"Dønna",1827,"Alstenfjorden_0361040800-C",22671595.5278233
"Herøy",1818,"Alstenfjorden_0361040800-C",37484818.9564379
"Alstahaug",1820,"Alstenfjorden_0361040800-C",39218706.5669161
"Øksnes",1868,"Prestfjorden_0365030100-1-C",27366274.6620279
"Bodø",1804,"Nordfjorden_0363030400-C",2701427.72498654
"Ibestad",1917,"Mjøsundet_0401021200-C",4268356.24799502
"Salangen",1923,"Mjøsundet_0401021200-C",1054403.36559524
"Dyrøy",1926,"Mjøsundet_0401021200-C",2397359.47041727
"Kvalsund",2017,"Sammelsundet_0421010400-C",72586356.1907751
"Hammerfest",2004,"Sammelsundet_0421010400-C",11021068.2254115
"Hadsel",1866,"Sløverfjorden_0365010202-C",14210357.7700691
"Lødingen",1851,"Ofoten_0364000030-2-C",281380989.920483
"Vågan",1865,"Ofoten_0364000030-2-C",80109893.6339368
"Tjeldsund",1852,"Ofoten_0364000030-2-C",21388441.8437334
"Ballangen",1854,"Ofoten_0364000030-2-C",79031096.8930597
"Tysfjord",1850,"Ofoten_0364000030-2-C",47981394.0007057
"Gamvik",2023,"Koifjorden_0423010200-C",10695502.8607339
"Storfjord",1939,"Lyngen-indre_0403030100-1-C",26375292.8594099
"Nordreisa",1942,"Lyngen-indre_0403030100-1-C",54251332.7698233
"Lyngen",1938,"Lyngen-indre_0403030100-1-C",168596418.82626
"Kåfjord",1940,"Lyngen-indre_0403030100-1-C",84648526.0777508
"Skjervøy",1941,"Lyngen-indre_0403030100-1-C",9134537.35693575
"Tysfjord",1850,"Vikran_0364020800-1-C",660426.062286052
"Vardø",2002,"Vardø fyr - Kibergneset_0424000031-C",38373946.6999275
"Lenvik",1931,"Ørnfjorden_0402010101-C",1414495.51431764
"Alta",2012,"Store Kjerringfjorden_0420020800-C",5514454.78528113
"Karlsøy",1936,"Sørskardvågen_0403011200-C",2454960.92418836
"Rana",1833,"Ranfjorden - Hemneshalvøya_0362011000-1-C",53195233.6674303
"Hemnes",1832,"Ranfjorden - Hemneshalvøya_0362011000-1-C",13892688.2335549
"Vestvågøy",1860,"Skifjorden-indre_0363041500-2-C",2101919.36074811
"Brønnøy",1813,"Buøya_0360020400-4-C",382531.552291383
"Vega",1815,"Vegsteinvika_0361010400-C",3602920.68982026
"Nordreisa",1942,"Oksfjorden_0403040600-C",9461772.2306686
"Sortland",1870,"Straumen_0365020400-1-C",367714.645741321
"Leirfjord",1822,"Vefsnfjorden-indre_0361040101-C",731241.949058544
"Vefsn",1824,"Vefsnfjorden-indre_0361040101-C",51138686.7528165
"Lebesby",2022,"Ytre Porsangen_0422000030-C",521901218.458787
"Nordkapp",2019,"Ytre Porsangen_0422000030-C",549921373.066831
"Bø",1867,"Møklandsfjorden_0365030800-C",9052843.72838522
"Øksnes",1868,"Møklandsfjorden_0365030800-C",9446056.52621378
"Karlsøy",1936,"Grøtøya - Arnøya_0403000030-C",1111163124.68292
"Kvænangen",1943,"Grøtøya - Arnøya_0403000030-C",7156571.04148817
"Skjervøy",1941,"Grøtøya - Arnøya_0403000030-C",435264703.591452
"Hamarøy",1849,"Hamsundspollen_0364011700-C",3659385.12501151
"Vågan",1865,"Djupfjorden_0363041600-C",266096.251993843
"Loppa",2014,"Bergsfjorden_0420010400-C",41048456.1239115
"Bindal",1811,"Hardangsfjorden_0360011300-1-C",6933580.65580528
"Dønna",1827,"Vikafjorden_0361050500-C",41666641.5134239
"Hadsel",1866,"Hadselfjorden_0365010300-5-C",163169969.750593
"Alta",2012,"Rognsundet_0420031000-C",69179928.2495231
"Tromsø",1902,"Sørbotn_0402021200-C",6813472.81298778
"Hammerfest",2004,"Sandbukta - Forsølbukta_0421010200-C",812725.002830243
"Øksnes",1868,"Steinlandsfjorden_0365030200-C",8114552.00258798
"Hamarøy",1849,"Husøy_0364011100-C",15027210.6080439
"Vågan",1865,"Valvågen_0364050301-1-C",886364.668027891
"Tromsø",1902,"Grøtsundet_0402020800-C",79667801.282383
"Karlsøy",1936,"Grøtsundet_0402020800-C",41350548.9035422
"Måsøy",2018,"Bakfjorden_0421020700-C",11198836.8574933
"Tromsø",1902,"Håkøya - Grindøysundet_0402021000-1-C",3036641.79551963
"Tromsø",1902,"Sandnessundet_0402021000-2-C",32873429.3988583
"Tromsø",1902,"Tromsø indre havn_0402020900-8-C",441370.216862303
"Nordreisa",1942,"Rotsundet sør_0403030600-1-C",14462868.9182955
"Skjervøy",1941,"Rotsundet sør_0403030600-1-C",954527.558128804
"Nordreisa",1942,"Rotsundet nord_0403030600-2-C",8996868.74436754
"Skjervøy",1941,"Rotsundet nord_0403030600-2-C",10108783.0342063
"Lenvik",1931,"Rossfjordstraumen_0402010600-1-C",917173.820001123
"Vega",1815,"Skjærvær_0361010700-1-C",47236.4566649375
"Vega",1815,"Flovær_0361010700-2-C",355107727.029858
"Herøy",1818,"Flovær_0361010700-2-C",7073390.41902015
"Berg",1929,"Lavollkjosen_0401011202-1-C",265677.962953916
"Andøy",1871,"Åse_0365011300-1-C",27493.8104153727
"Andøy",1871,"Risøysundet-ytre_0365011300-2-C",29899974.0697807
"Sortland",1870,"Risøysundet-ytre_0365011300-2-C",2902366.82745782
"Tysfjord",1850,"Korsnes_0364020100-1-C",49391.8814083748
"Andøy",1871,"Dverberg Havn_0401010100-1-C",45621.2284194435
"Tysfjord",1850,"Tysfjorden_0364020100-3-C",595464.079777837
"Tysfjord",1850,"Tysfjorden_0364020100-6-C",191680291.768699
"Bø",1867,"Nykvåg_0365000031-3-C",78713.6872598862
"Andøy",1871,"Nordmela Havn_0365000032-5-C",182095.90816898
"Andøy",1871,"Bleik Havn_0365000032-7-C",70780.0891964659
"Andøy",1871,"Gavlfjorden-ytre_0365000032-8-C",372890187.244102
"Øksnes",1868,"Gavlfjorden-ytre_0365000032-8-C",183263349.796801
"Porsanger",2020,"Klubben_0422010100-13-C",1073333.05225591
"Porsanger",2020,"Porsangerfjorden-indre_0422010100-16-C",771587852.590833
"Nordkapp",2019,"Porsangerfjorden-indre_0422010100-16-C",245857262.592718
"Hasvik",2015,"Breivikfjorden_0420040100-2-C",21159902.6910902
"Vadsø",2003,"Vadsø - øya vest_0424020100-15-C",54679.9025430391
"Vardø",2002,"Østervågen_0424010100-1-C",135693.840983871
"Vardø",2002,"Bussesundet_0424010100-2-C",11204528.6039763
"Lenvik",1931,"Rossfjordvatnet_0402010600-2-C",8757825.423014
"Lenvik",1931,"Gisundet småbåthavn Finnsnes_0401030100-7-C",23811.6063407708
"Lenvik",1931,"Gisundet ved Finnsnes_0401030100-8-C",6632863.95274603
"Tromsø",1902,"Skattøra småbåthavn Tromsø_0402020900-10-C",55107.180874927
"Tromsø",1902,"Tromsøysundet - Tromsø_0402020900-11-C",17390453.7149376
"Vågan",1865,"Skrova_0364050200-9-C",172093.296308275
"Loppa",2014,"Vassdalsbotn_0420030101-3-C",495991.191225354
"Loppa",2014,"Øksfjorden-ytre_0420030101-4-C",31849466.9564947
"Hasvik",2015,"Breivikbotn_0420040100-1-C",2026809.17895395
"Nordkapp",2019,"Gjesvær_0421000032-4-C",885666.274839494
"Måsøy",2018,"Masøyfjorden-nord_0421000032-6-C",61096404.4155537
"Nordkapp",2019,"Masøyfjorden-nord_0421000032-6-C",167336296.833583
"Kvæfjord",1911,"Straumen ytre Kvæfjord_0401010502-2-C",6451.97543688864
"Skånland",1913,"Grov ytre_0401020702-1-C",219936.293806179
"Skånland",1913,"Grov indre_0401020701-1-C",355017.216704908
"Skånland",1913,"Grovfjorden-indre_0401020701-2-C",6379216.49972803
"Tromsø",1902,"Storstraumen indre - Ullsfjorden_0403020602-1-C",5189806.76442744
"Tromsø",1902,"Sørfjorden-ytre_0403020602-2-C",27457223.4219515
"Vågan",1865,"Molldøra - Skrovsvedet_0364050200-10-C",29354309.7542564
"Gamvik",2023,"Vardnesodden - Kjølnes_0423000030-11-C",112617849.991022
