"","Komnum","Name","Year","population"
"1",1804,"Bodo","1986",35792
"2",1804,"Bodo","1987",36227
"3",1804,"Bodo","1988",36634
"4",1804,"Bodo","1989",37108
"5",1804,"Bodo","1990",37771
"6",1804,"Bodo","1991",38170
"7",1804,"Bodo","1992",38605
"8",1804,"Bodo","1993",39178
"9",1804,"Bodo","1994",39763
"10",1804,"Bodo","1995",40419
"11",1804,"Bodo","1996",40828
"12",1804,"Bodo","1997",41050
"13",1804,"Bodo","1998",41513
"14",1804,"Bodo","1999",41878
"15",1804,"Bodo","2000",42465
"16",1804,"Bodo","2001",42624
"17",1804,"Bodo","2002",42840
"18",1804,"Bodo","2003",43247
"19",1804,"Bodo","2004",43775
"20",1804,"Bodo","2005",44414
"21",1804,"Bodo","2006",44992
"22",1804,"Bodo","2007",45575
"23",1804,"Bodo","2008",46049
"24",1804,"Bodo","2009",46495
"25",1804,"Bodo","2010",47282
"26",1804,"Bodo","2011",47847
"27",1804,"Bodo","2012",48422
"28",1804,"Bodo","2013",49203
"29",1804,"Bodo","2014",49731
"30",1804,"Bodo","2015",50185
"31",1804,"Bodo","2016",50488
"32",1804,"Bodo","2017",51022
"33",1804,"Bodo","2018",51558
"34",1805,"Narvik","1986",18750
"35",1805,"Narvik","1987",18643
"36",1805,"Narvik","1988",18470
"37",1805,"Narvik","1989",18594
"38",1805,"Narvik","1990",18597
"39",1805,"Narvik","1991",18639
"40",1805,"Narvik","1992",18733
"41",1805,"Narvik","1993",18884
"42",1805,"Narvik","1994",18976
"43",1805,"Narvik","1995",18920
"44",1805,"Narvik","1996",18739
"45",1805,"Narvik","1997",18581
"46",1805,"Narvik","1998",18498
"47",1805,"Narvik","1999",18499
"48",1805,"Narvik","2000",18600
"49",1805,"Narvik","2001",18577
"50",1805,"Narvik","2002",18495
"51",1805,"Narvik","2003",18470
"52",1805,"Narvik","2004",18542
"53",1805,"Narvik","2005",18512
"54",1805,"Narvik","2006",18365
"55",1805,"Narvik","2007",18301
"56",1805,"Narvik","2008",18384
"57",1805,"Narvik","2009",18348
"58",1805,"Narvik","2010",18402
"59",1805,"Narvik","2011",18380
"60",1805,"Narvik","2012",18473
"61",1805,"Narvik","2013",18509
"62",1805,"Narvik","2014",18705
"63",1805,"Narvik","2015",18853
"64",1805,"Narvik","2016",18787
"65",1805,"Narvik","2017",18756
"66",1805,"Narvik","2018",18638
"67",1811,"Bindal","1986",2173
"68",1811,"Bindal","1987",2162
"69",1811,"Bindal","1988",2141
"70",1811,"Bindal","1989",2083
"71",1811,"Bindal","1990",2095
"72",1811,"Bindal","1991",2097
"73",1811,"Bindal","1992",2088
"74",1811,"Bindal","1993",2064
"75",1811,"Bindal","1994",2052
"76",1811,"Bindal","1995",2042
"77",1811,"Bindal","1996",2022
"78",1811,"Bindal","1997",2008
"79",1811,"Bindal","1998",1969
"80",1811,"Bindal","1999",1951
"81",1811,"Bindal","2000",1921
"82",1811,"Bindal","2001",1911
"83",1811,"Bindal","2002",1867
"84",1811,"Bindal","2003",1822
"85",1811,"Bindal","2004",1804
"86",1811,"Bindal","2005",1778
"87",1811,"Bindal","2006",1741
"88",1811,"Bindal","2007",1692
"89",1811,"Bindal","2008",1631
"90",1811,"Bindal","2009",1616
"91",1811,"Bindal","2010",1601
"92",1811,"Bindal","2011",1592
"93",1811,"Bindal","2012",1562
"94",1811,"Bindal","2013",1545
"95",1811,"Bindal","2014",1503
"96",1811,"Bindal","2015",1482
"97",1811,"Bindal","2016",1465
"98",1811,"Bindal","2017",1473
"99",1811,"Bindal","2018",1486
"100",1812,"Somna","1986",2176
"101",1812,"Somna","1987",2154
"102",1812,"Somna","1988",2130
"103",1812,"Somna","1989",2112
"104",1812,"Somna","1990",2123
"105",1812,"Somna","1991",2113
"106",1812,"Somna","1992",2111
"107",1812,"Somna","1993",2109
"108",1812,"Somna","1994",2090
"109",1812,"Somna","1995",2138
"110",1812,"Somna","1996",2146
"111",1812,"Somna","1997",2119
"112",1812,"Somna","1998",2128
"113",1812,"Somna","1999",2135
"114",1812,"Somna","2000",2116
"115",1812,"Somna","2001",2099
"116",1812,"Somna","2002",2111
"117",1812,"Somna","2003",2100
"118",1812,"Somna","2004",2077
"119",1812,"Somna","2005",2075
"120",1812,"Somna","2006",2048
"121",1812,"Somna","2007",2047
"122",1812,"Somna","2008",2056
"123",1812,"Somna","2009",2054
"124",1812,"Somna","2010",2041
"125",1812,"Somna","2011",2025
"126",1812,"Somna","2012",2038
"127",1812,"Somna","2013",2033
"128",1812,"Somna","2014",2047
"129",1812,"Somna","2015",2063
"130",1812,"Somna","2016",2031
"131",1812,"Somna","2017",2047
"132",1812,"Somna","2018",2020
"133",1813,"Bronnoy","1986",6832
"134",1813,"Bronnoy","1987",6819
"135",1813,"Bronnoy","1988",6843
"136",1813,"Bronnoy","1989",6879
"137",1813,"Bronnoy","1990",6936
"138",1813,"Bronnoy","1991",6924
"139",1813,"Bronnoy","1992",6941
"140",1813,"Bronnoy","1993",6996
"141",1813,"Bronnoy","1994",6971
"142",1813,"Bronnoy","1995",7025
"143",1813,"Bronnoy","1996",7132
"144",1813,"Bronnoy","1997",7206
"145",1813,"Bronnoy","1998",7266
"146",1813,"Bronnoy","1999",7408
"147",1813,"Bronnoy","2000",7433
"148",1813,"Bronnoy","2001",7469
"149",1813,"Bronnoy","2002",7532
"150",1813,"Bronnoy","2003",7519
"151",1813,"Bronnoy","2004",7565
"152",1813,"Bronnoy","2005",7585
"153",1813,"Bronnoy","2006",7565
"154",1813,"Bronnoy","2007",7548
"155",1813,"Bronnoy","2008",7535
"156",1813,"Bronnoy","2009",7597
"157",1813,"Bronnoy","2010",7660
"158",1813,"Bronnoy","2011",7719
"159",1813,"Bronnoy","2012",7778
"160",1813,"Bronnoy","2013",7859
"161",1813,"Bronnoy","2014",7897
"162",1813,"Bronnoy","2015",7934
"163",1813,"Bronnoy","2016",7962
"164",1813,"Bronnoy","2017",7956
"165",1813,"Bronnoy","2018",7948
"166",1815,"Vega","1986",1661
"167",1815,"Vega","1987",1609
"168",1815,"Vega","1988",1580
"169",1815,"Vega","1989",1572
"170",1815,"Vega","1990",1549
"171",1815,"Vega","1991",1546
"172",1815,"Vega","1992",1537
"173",1815,"Vega","1993",1525
"174",1815,"Vega","1994",1492
"175",1815,"Vega","1995",1488
"176",1815,"Vega","1996",1449
"177",1815,"Vega","1997",1448
"178",1815,"Vega","1998",1428
"179",1815,"Vega","1999",1403
"180",1815,"Vega","2000",1414
"181",1815,"Vega","2001",1412
"182",1815,"Vega","2002",1392
"183",1815,"Vega","2003",1391
"184",1815,"Vega","2004",1380
"185",1815,"Vega","2005",1356
"186",1815,"Vega","2006",1308
"187",1815,"Vega","2007",1299
"188",1815,"Vega","2008",1295
"189",1815,"Vega","2009",1288
"190",1815,"Vega","2010",1288
"191",1815,"Vega","2011",1270
"192",1815,"Vega","2012",1256
"193",1815,"Vega","2013",1238
"194",1815,"Vega","2014",1223
"195",1815,"Vega","2015",1225
"196",1815,"Vega","2016",1244
"197",1815,"Vega","2017",1234
"198",1815,"Vega","2018",1221
"199",1816,"Vevelstad","1986",749
"200",1816,"Vevelstad","1987",729
"201",1816,"Vevelstad","1988",706
"202",1816,"Vevelstad","1989",684
"203",1816,"Vevelstad","1990",671
"204",1816,"Vevelstad","1991",659
"205",1816,"Vevelstad","1992",670
"206",1816,"Vevelstad","1993",679
"207",1816,"Vevelstad","1994",655
"208",1816,"Vevelstad","1995",667
"209",1816,"Vevelstad","1996",644
"210",1816,"Vevelstad","1997",624
"211",1816,"Vevelstad","1998",618
"212",1816,"Vevelstad","1999",601
"213",1816,"Vevelstad","2000",592
"214",1816,"Vevelstad","2001",576
"215",1816,"Vevelstad","2002",557
"216",1816,"Vevelstad","2003",538
"217",1816,"Vevelstad","2004",525
"218",1816,"Vevelstad","2005",524
"219",1816,"Vevelstad","2006",516
"220",1816,"Vevelstad","2007",504
"221",1816,"Vevelstad","2008",485
"222",1816,"Vevelstad","2009",501
"223",1816,"Vevelstad","2010",510
"224",1816,"Vevelstad","2011",520
"225",1816,"Vevelstad","2012",511
"226",1816,"Vevelstad","2013",500
"227",1816,"Vevelstad","2014",495
"228",1816,"Vevelstad","2015",510
"229",1816,"Vevelstad","2016",507
"230",1816,"Vevelstad","2017",528
"231",1816,"Vevelstad","2018",506
"232",1818,"Heroy","1986",2124
"233",1818,"Heroy","1987",2100
"234",1818,"Heroy","1988",2077
"235",1818,"Heroy","1989",2060
"236",1818,"Heroy","1990",2094
"237",1818,"Heroy","1991",2058
"238",1818,"Heroy","1992",1995
"239",1818,"Heroy","1993",1969
"240",1818,"Heroy","1994",1963
"241",1818,"Heroy","1995",1933
"242",1818,"Heroy","1996",1927
"243",1818,"Heroy","1997",1934
"244",1818,"Heroy","1998",1921
"245",1818,"Heroy","1999",1895
"246",1818,"Heroy","2000",1881
"247",1818,"Heroy","2001",1874
"248",1818,"Heroy","2002",1835
"249",1818,"Heroy","2003",1793
"250",1818,"Heroy","2004",1748
"251",1818,"Heroy","2005",1739
"252",1818,"Heroy","2006",1725
"253",1818,"Heroy","2007",1682
"254",1818,"Heroy","2008",1683
"255",1818,"Heroy","2009",1652
"256",1818,"Heroy","2010",1618
"257",1818,"Heroy","2011",1649
"258",1818,"Heroy","2012",1711
"259",1818,"Heroy","2013",1759
"260",1818,"Heroy","2014",1733
"261",1818,"Heroy","2015",1737
"262",1818,"Heroy","2016",1743
"263",1818,"Heroy","2017",1788
"264",1818,"Heroy","2018",1790
"265",1820,"Alstahaug","1986",7612
"266",1820,"Alstahaug","1987",7573
"267",1820,"Alstahaug","1988",7505
"268",1820,"Alstahaug","1989",7464
"269",1820,"Alstahaug","1990",7487
"270",1820,"Alstahaug","1991",7491
"271",1820,"Alstahaug","1992",7566
"272",1820,"Alstahaug","1993",7648
"273",1820,"Alstahaug","1994",7631
"274",1820,"Alstahaug","1995",7523
"275",1820,"Alstahaug","1996",7446
"276",1820,"Alstahaug","1997",7418
"277",1820,"Alstahaug","1998",7448
"278",1820,"Alstahaug","1999",7371
"279",1820,"Alstahaug","2000",7440
"280",1820,"Alstahaug","2001",7404
"281",1820,"Alstahaug","2002",7434
"282",1820,"Alstahaug","2003",7445
"283",1820,"Alstahaug","2004",7378
"284",1820,"Alstahaug","2005",7398
"285",1820,"Alstahaug","2006",7306
"286",1820,"Alstahaug","2007",7225
"287",1820,"Alstahaug","2008",7207
"288",1820,"Alstahaug","2009",7208
"289",1820,"Alstahaug","2010",7196
"290",1820,"Alstahaug","2011",7296
"291",1820,"Alstahaug","2012",7372
"292",1820,"Alstahaug","2013",7361
"293",1820,"Alstahaug","2014",7394
"294",1820,"Alstahaug","2015",7454
"295",1820,"Alstahaug","2016",7437
"296",1820,"Alstahaug","2017",7428
"297",1820,"Alstahaug","2018",7450
"298",1822,"Leirfjord","1986",2429
"299",1822,"Leirfjord","1987",2357
"300",1822,"Leirfjord","1988",2389
"301",1822,"Leirfjord","1989",2367
"302",1822,"Leirfjord","1990",2364
"303",1822,"Leirfjord","1991",2376
"304",1822,"Leirfjord","1992",2357
"305",1822,"Leirfjord","1993",2332
"306",1822,"Leirfjord","1994",2315
"307",1822,"Leirfjord","1995",2332
"308",1822,"Leirfjord","1996",2372
"309",1822,"Leirfjord","1997",2349
"310",1822,"Leirfjord","1998",2268
"311",1822,"Leirfjord","1999",2243
"312",1822,"Leirfjord","2000",2242
"313",1822,"Leirfjord","2001",2219
"314",1822,"Leirfjord","2002",2200
"315",1822,"Leirfjord","2003",2214
"316",1822,"Leirfjord","2004",2227
"317",1822,"Leirfjord","2005",2156
"318",1822,"Leirfjord","2006",2156
"319",1822,"Leirfjord","2007",2123
"320",1822,"Leirfjord","2008",2090
"321",1822,"Leirfjord","2009",2088
"322",1822,"Leirfjord","2010",2140
"323",1822,"Leirfjord","2011",2160
"324",1822,"Leirfjord","2012",2107
"325",1822,"Leirfjord","2013",2144
"326",1822,"Leirfjord","2014",2188
"327",1822,"Leirfjord","2015",2188
"328",1822,"Leirfjord","2016",2216
"329",1822,"Leirfjord","2017",2278
"330",1822,"Leirfjord","2018",2307
"331",1824,"Vefsn","1986",13189
"332",1824,"Vefsn","1987",13147
"333",1824,"Vefsn","1988",13196
"334",1824,"Vefsn","1989",13225
"335",1824,"Vefsn","1990",13286
"336",1824,"Vefsn","1991",13417
"337",1824,"Vefsn","1992",13427
"338",1824,"Vefsn","1993",13464
"339",1824,"Vefsn","1994",13565
"340",1824,"Vefsn","1995",13599
"341",1824,"Vefsn","1996",13699
"342",1824,"Vefsn","1997",13635
"343",1824,"Vefsn","1998",13585
"344",1824,"Vefsn","1999",13549
"345",1824,"Vefsn","2000",13553
"346",1824,"Vefsn","2001",13501
"347",1824,"Vefsn","2002",13484
"348",1824,"Vefsn","2003",13456
"349",1824,"Vefsn","2004",13473
"350",1824,"Vefsn","2005",13486
"351",1824,"Vefsn","2006",13440
"352",1824,"Vefsn","2007",13571
"353",1824,"Vefsn","2008",13424
"354",1824,"Vefsn","2009",13342
"355",1824,"Vefsn","2010",13388
"356",1824,"Vefsn","2011",13307
"357",1824,"Vefsn","2012",13258
"358",1824,"Vefsn","2013",13252
"359",1824,"Vefsn","2014",13286
"360",1824,"Vefsn","2015",13352
"361",1824,"Vefsn","2016",13427
"362",1824,"Vefsn","2017",13465
"363",1824,"Vefsn","2018",13448
"364",1827,"Donna","1986",1966
"365",1827,"Donna","1987",1936
"366",1827,"Donna","1988",1860
"367",1827,"Donna","1989",1824
"368",1827,"Donna","1990",1787
"369",1827,"Donna","1991",1793
"370",1827,"Donna","1992",1786
"371",1827,"Donna","1993",1753
"372",1827,"Donna","1994",1737
"373",1827,"Donna","1995",1738
"374",1827,"Donna","1996",1693
"375",1827,"Donna","1997",1678
"376",1827,"Donna","1998",1635
"377",1827,"Donna","1999",1595
"378",1827,"Donna","2000",1582
"379",1827,"Donna","2001",1595
"380",1827,"Donna","2002",1556
"381",1827,"Donna","2003",1541
"382",1827,"Donna","2004",1543
"383",1827,"Donna","2005",1528
"384",1827,"Donna","2006",1507
"385",1827,"Donna","2007",1489
"386",1827,"Donna","2008",1463
"387",1827,"Donna","2009",1432
"388",1827,"Donna","2010",1431
"389",1827,"Donna","2011",1449
"390",1827,"Donna","2012",1433
"391",1827,"Donna","2013",1431
"392",1827,"Donna","2014",1420
"393",1827,"Donna","2015",1407
"394",1827,"Donna","2016",1402
"395",1827,"Donna","2017",1410
"396",1827,"Donna","2018",1403
"397",1828,"Nesna","1986",1832
"398",1828,"Nesna","1987",1770
"399",1828,"Nesna","1988",1751
"400",1828,"Nesna","1989",1767
"401",1828,"Nesna","1990",1810
"402",1828,"Nesna","1991",1765
"403",1828,"Nesna","1992",1777
"404",1828,"Nesna","1993",1791
"405",1828,"Nesna","1994",1783
"406",1828,"Nesna","1995",1795
"407",1828,"Nesna","1996",1833
"408",1828,"Nesna","1997",1836
"409",1828,"Nesna","1998",1897
"410",1828,"Nesna","1999",1865
"411",1828,"Nesna","2000",1882
"412",1828,"Nesna","2001",1913
"413",1828,"Nesna","2002",1855
"414",1828,"Nesna","2003",1838
"415",1828,"Nesna","2004",1822
"416",1828,"Nesna","2005",1801
"417",1828,"Nesna","2006",1769
"418",1828,"Nesna","2007",1776
"419",1828,"Nesna","2008",1792
"420",1828,"Nesna","2009",1786
"421",1828,"Nesna","2010",1786
"422",1828,"Nesna","2011",1808
"423",1828,"Nesna","2012",1813
"424",1828,"Nesna","2013",1875
"425",1828,"Nesna","2014",1902
"426",1828,"Nesna","2015",1871
"427",1828,"Nesna","2016",1838
"428",1828,"Nesna","2017",1837
"429",1828,"Nesna","2018",1805
"430",1832,"Hemnes","1986",4935
"431",1832,"Hemnes","1987",4854
"432",1832,"Hemnes","1988",4870
"433",1832,"Hemnes","1989",4848
"434",1832,"Hemnes","1990",4821
"435",1832,"Hemnes","1991",4842
"436",1832,"Hemnes","1992",4832
"437",1832,"Hemnes","1993",4811
"438",1832,"Hemnes","1994",4881
"439",1832,"Hemnes","1995",4847
"440",1832,"Hemnes","1996",4787
"441",1832,"Hemnes","1997",4733
"442",1832,"Hemnes","1998",4703
"443",1832,"Hemnes","1999",4656
"444",1832,"Hemnes","2000",4689
"445",1832,"Hemnes","2001",4663
"446",1832,"Hemnes","2002",4580
"447",1832,"Hemnes","2003",4551
"448",1832,"Hemnes","2004",4562
"449",1832,"Hemnes","2005",4566
"450",1832,"Hemnes","2006",4542
"451",1832,"Hemnes","2007",4510
"452",1832,"Hemnes","2008",4478
"453",1832,"Hemnes","2009",4527
"454",1832,"Hemnes","2010",4584
"455",1832,"Hemnes","2011",4600
"456",1832,"Hemnes","2012",4585
"457",1832,"Hemnes","2013",4620
"458",1832,"Hemnes","2014",4553
"459",1832,"Hemnes","2015",4528
"460",1832,"Hemnes","2016",4486
"461",1832,"Hemnes","2017",4524
"462",1832,"Hemnes","2018",4503
"463",1833,"Rana","1986",25219
"464",1833,"Rana","1987",25128
"465",1833,"Rana","1988",24891
"466",1833,"Rana","1989",24720
"467",1833,"Rana","1990",24646
"468",1833,"Rana","1991",24641
"469",1833,"Rana","1992",24850
"470",1833,"Rana","1993",24908
"471",1833,"Rana","1994",25018
"472",1833,"Rana","1995",25150
"473",1833,"Rana","1996",25236
"474",1833,"Rana","1997",25261
"475",1833,"Rana","1998",25193
"476",1833,"Rana","1999",25235
"477",1833,"Rana","2000",25255
"478",1833,"Rana","2001",25278
"479",1833,"Rana","2002",25350
"480",1833,"Rana","2003",25313
"481",1833,"Rana","2004",25309
"482",1833,"Rana","2005",25320
"483",1833,"Rana","2006",25355
"484",1833,"Rana","2007",25190
"485",1833,"Rana","2008",25092
"486",1833,"Rana","2009",25281
"487",1833,"Rana","2010",25282
"488",1833,"Rana","2011",25499
"489",1833,"Rana","2012",25652
"490",1833,"Rana","2013",25752
"491",1833,"Rana","2014",25943
"492",1833,"Rana","2015",26078
"493",1833,"Rana","2016",26039
"494",1833,"Rana","2017",26101
"495",1833,"Rana","2018",26230
"496",1834,"Luroy","1986",2435
"497",1834,"Luroy","1987",2405
"498",1834,"Luroy","1988",2343
"499",1834,"Luroy","1989",2298
"500",1834,"Luroy","1990",2265
"501",1834,"Luroy","1991",2250
"502",1834,"Luroy","1992",2206
"503",1834,"Luroy","1993",2213
"504",1834,"Luroy","1994",2213
"505",1834,"Luroy","1995",2189
"506",1834,"Luroy","1996",2191
"507",1834,"Luroy","1997",2189
"508",1834,"Luroy","1998",2141
"509",1834,"Luroy","1999",2102
"510",1834,"Luroy","2000",2107
"511",1834,"Luroy","2001",2116
"512",1834,"Luroy","2002",2066
"513",1834,"Luroy","2003",2016
"514",1834,"Luroy","2004",2024
"515",1834,"Luroy","2005",2028
"516",1834,"Luroy","2006",1971
"517",1834,"Luroy","2007",1970
"518",1834,"Luroy","2008",1899
"519",1834,"Luroy","2009",1883
"520",1834,"Luroy","2010",1900
"521",1834,"Luroy","2011",1912
"522",1834,"Luroy","2012",1937
"523",1834,"Luroy","2013",1916
"524",1834,"Luroy","2014",1901
"525",1834,"Luroy","2015",1917
"526",1834,"Luroy","2016",1923
"527",1834,"Luroy","2017",1920
"528",1834,"Luroy","2018",1920
"529",1835,"Traena","1986",537
"530",1835,"Traena","1987",532
"531",1835,"Traena","1988",556
"532",1835,"Traena","1989",544
"533",1835,"Traena","1990",529
"534",1835,"Traena","1991",503
"535",1835,"Traena","1992",516
"536",1835,"Traena","1993",497
"537",1835,"Traena","1994",494
"538",1835,"Traena","1995",497
"539",1835,"Traena","1996",497
"540",1835,"Traena","1997",520
"541",1835,"Traena","1998",489
"542",1835,"Traena","1999",484
"543",1835,"Traena","2000",466
"544",1835,"Traena","2001",464
"545",1835,"Traena","2002",474
"546",1835,"Traena","2003",464
"547",1835,"Traena","2004",456
"548",1835,"Traena","2005",444
"549",1835,"Traena","2006",453
"550",1835,"Traena","2007",446
"551",1835,"Traena","2008",451
"552",1835,"Traena","2009",455
"553",1835,"Traena","2010",489
"554",1835,"Traena","2011",490
"555",1835,"Traena","2012",497
"556",1835,"Traena","2013",506
"557",1835,"Traena","2014",489
"558",1835,"Traena","2015",486
"559",1835,"Traena","2016",478
"560",1835,"Traena","2017",465
"561",1835,"Traena","2018",454
"562",1836,"Rodoy","1986",1893
"563",1836,"Rodoy","1987",1808
"564",1836,"Rodoy","1988",1793
"565",1836,"Rodoy","1989",1766
"566",1836,"Rodoy","1990",1743
"567",1836,"Rodoy","1991",1725
"568",1836,"Rodoy","1992",1707
"569",1836,"Rodoy","1993",1694
"570",1836,"Rodoy","1994",1672
"571",1836,"Rodoy","1995",1670
"572",1836,"Rodoy","1996",1677
"573",1836,"Rodoy","1997",1651
"574",1836,"Rodoy","1998",1619
"575",1836,"Rodoy","1999",1589
"576",1836,"Rodoy","2000",1570
"577",1836,"Rodoy","2001",1530
"578",1836,"Rodoy","2002",1509
"579",1836,"Rodoy","2003",1462
"580",1836,"Rodoy","2004",1441
"581",1836,"Rodoy","2005",1443
"582",1836,"Rodoy","2006",1376
"583",1836,"Rodoy","2007",1343
"584",1836,"Rodoy","2008",1314
"585",1836,"Rodoy","2009",1292
"586",1836,"Rodoy","2010",1281
"587",1836,"Rodoy","2011",1294
"588",1836,"Rodoy","2012",1320
"589",1836,"Rodoy","2013",1310
"590",1836,"Rodoy","2014",1305
"591",1836,"Rodoy","2015",1269
"592",1836,"Rodoy","2016",1268
"593",1836,"Rodoy","2017",1267
"594",1836,"Rodoy","2018",1249
"595",1837,"Meloy","1986",7007
"596",1837,"Meloy","1987",6959
"597",1837,"Meloy","1988",7012
"598",1837,"Meloy","1989",7087
"599",1837,"Meloy","1990",7111
"600",1837,"Meloy","1991",7082
"601",1837,"Meloy","1992",7086
"602",1837,"Meloy","1993",7108
"603",1837,"Meloy","1994",7038
"604",1837,"Meloy","1995",7000
"605",1837,"Meloy","1996",6934
"606",1837,"Meloy","1997",6931
"607",1837,"Meloy","1998",6833
"608",1837,"Meloy","1999",6763
"609",1837,"Meloy","2000",6796
"610",1837,"Meloy","2001",6813
"611",1837,"Meloy","2002",6830
"612",1837,"Meloy","2003",6845
"613",1837,"Meloy","2004",6772
"614",1837,"Meloy","2005",6759
"615",1837,"Meloy","2006",6715
"616",1837,"Meloy","2007",6663
"617",1837,"Meloy","2008",6622
"618",1837,"Meloy","2009",6641
"619",1837,"Meloy","2010",6639
"620",1837,"Meloy","2011",6650
"621",1837,"Meloy","2012",6657
"622",1837,"Meloy","2013",6582
"623",1837,"Meloy","2014",6491
"624",1837,"Meloy","2015",6454
"625",1837,"Meloy","2016",6471
"626",1837,"Meloy","2017",6435
"627",1837,"Meloy","2018",6346
"628",1838,"Gildeskal","1986",2713
"629",1838,"Gildeskal","1987",2673
"630",1838,"Gildeskal","1988",2639
"631",1838,"Gildeskal","1989",2591
"632",1838,"Gildeskal","1990",2594
"633",1838,"Gildeskal","1991",2571
"634",1838,"Gildeskal","1992",2569
"635",1838,"Gildeskal","1993",2512
"636",1838,"Gildeskal","1994",2505
"637",1838,"Gildeskal","1995",2515
"638",1838,"Gildeskal","1996",2494
"639",1838,"Gildeskal","1997",2458
"640",1838,"Gildeskal","1998",2419
"641",1838,"Gildeskal","1999",2374
"642",1838,"Gildeskal","2000",2351
"643",1838,"Gildeskal","2001",2268
"644",1838,"Gildeskal","2002",2276
"645",1838,"Gildeskal","2003",2220
"646",1838,"Gildeskal","2004",2215
"647",1838,"Gildeskal","2005",2178
"648",1838,"Gildeskal","2006",2107
"649",1838,"Gildeskal","2007",2081
"650",1838,"Gildeskal","2008",2046
"651",1838,"Gildeskal","2009",2053
"652",1838,"Gildeskal","2010",1996
"653",1838,"Gildeskal","2011",2020
"654",1838,"Gildeskal","2012",2000
"655",1838,"Gildeskal","2013",2006
"656",1838,"Gildeskal","2014",2023
"657",1838,"Gildeskal","2015",2014
"658",1838,"Gildeskal","2016",2043
"659",1838,"Gildeskal","2017",2024
"660",1838,"Gildeskal","2018",1998
"661",1840,"Saltdal","1986",5274
"662",1840,"Saltdal","1987",5228
"663",1840,"Saltdal","1988",5248
"664",1840,"Saltdal","1989",5198
"665",1840,"Saltdal","1990",5190
"666",1840,"Saltdal","1991",5163
"667",1840,"Saltdal","1992",5155
"668",1840,"Saltdal","1993",5125
"669",1840,"Saltdal","1994",5161
"670",1840,"Saltdal","1995",5150
"671",1840,"Saltdal","1996",5082
"672",1840,"Saltdal","1997",5067
"673",1840,"Saltdal","1998",5013
"674",1840,"Saltdal","1999",4942
"675",1840,"Saltdal","2000",4887
"676",1840,"Saltdal","2001",4874
"677",1840,"Saltdal","2002",4863
"678",1840,"Saltdal","2003",4834
"679",1840,"Saltdal","2004",4823
"680",1840,"Saltdal","2005",4800
"681",1840,"Saltdal","2006",4751
"682",1840,"Saltdal","2007",4688
"683",1840,"Saltdal","2008",4710
"684",1840,"Saltdal","2009",4727
"685",1840,"Saltdal","2010",4692
"686",1840,"Saltdal","2011",4672
"687",1840,"Saltdal","2012",4710
"688",1840,"Saltdal","2013",4745
"689",1840,"Saltdal","2014",4690
"690",1840,"Saltdal","2015",4734
"691",1840,"Saltdal","2016",4700
"692",1840,"Saltdal","2017",4702
"693",1840,"Saltdal","2018",4691
"694",1841,"Fauske","1986",10054
"695",1841,"Fauske","1987",10063
"696",1841,"Fauske","1988",10072
"697",1841,"Fauske","1989",10108
"698",1841,"Fauske","1990",10017
"699",1841,"Fauske","1991",10000
"700",1841,"Fauske","1992",9996
"701",1841,"Fauske","1993",9923
"702",1841,"Fauske","1994",9897
"703",1841,"Fauske","1995",9962
"704",1841,"Fauske","1996",9925
"705",1841,"Fauske","1997",9769
"706",1841,"Fauske","1998",9729
"707",1841,"Fauske","1999",9613
"708",1841,"Fauske","2000",9632
"709",1841,"Fauske","2001",9657
"710",1841,"Fauske","2002",9627
"711",1841,"Fauske","2003",9528
"712",1841,"Fauske","2004",9627
"713",1841,"Fauske","2005",9549
"714",1841,"Fauske","2006",9551
"715",1841,"Fauske","2007",9465
"716",1841,"Fauske","2008",9480
"717",1841,"Fauske","2009",9477
"718",1841,"Fauske","2010",9552
"719",1841,"Fauske","2011",9533
"720",1841,"Fauske","2012",9513
"721",1841,"Fauske","2013",9513
"722",1841,"Fauske","2014",9556
"723",1841,"Fauske","2015",9622
"724",1841,"Fauske","2016",9604
"725",1841,"Fauske","2017",9729
"726",1841,"Fauske","2018",9775
"727",1845,"Sorfold","1986",3017
"728",1845,"Sorfold","1987",2977
"729",1845,"Sorfold","1988",2900
"730",1845,"Sorfold","1989",2872
"731",1845,"Sorfold","1990",2820
"732",1845,"Sorfold","1991",2826
"733",1845,"Sorfold","1992",2781
"734",1845,"Sorfold","1993",2708
"735",1845,"Sorfold","1994",2676
"736",1845,"Sorfold","1995",2630
"737",1845,"Sorfold","1996",2573
"738",1845,"Sorfold","1997",2536
"739",1845,"Sorfold","1998",2485
"740",1845,"Sorfold","1999",2431
"741",1845,"Sorfold","2000",2367
"742",1845,"Sorfold","2001",2352
"743",1845,"Sorfold","2002",2278
"744",1845,"Sorfold","2003",2228
"745",1845,"Sorfold","2004",2184
"746",1845,"Sorfold","2005",2153
"747",1845,"Sorfold","2006",2119
"748",1845,"Sorfold","2007",2084
"749",1845,"Sorfold","2008",2000
"750",1845,"Sorfold","2009",2021
"751",1845,"Sorfold","2010",1984
"752",1845,"Sorfold","2011",1989
"753",1845,"Sorfold","2012",2003
"754",1845,"Sorfold","2013",1981
"755",1845,"Sorfold","2014",1987
"756",1845,"Sorfold","2015",1953
"757",1845,"Sorfold","2016",1963
"758",1845,"Sorfold","2017",1958
"759",1845,"Sorfold","2018",1979
"760",1848,"Steigen","1986",3525
"761",1848,"Steigen","1987",3449
"762",1848,"Steigen","1988",3393
"763",1848,"Steigen","1989",3351
"764",1848,"Steigen","1990",3271
"765",1848,"Steigen","1991",3265
"766",1848,"Steigen","1992",3257
"767",1848,"Steigen","1993",3240
"768",1848,"Steigen","1994",3191
"769",1848,"Steigen","1995",3154
"770",1848,"Steigen","1996",3136
"771",1848,"Steigen","1997",3091
"772",1848,"Steigen","1998",3075
"773",1848,"Steigen","1999",3022
"774",1848,"Steigen","2000",2977
"775",1848,"Steigen","2001",2936
"776",1848,"Steigen","2002",2889
"777",1848,"Steigen","2003",2875
"778",1848,"Steigen","2004",2863
"779",1848,"Steigen","2005",2802
"780",1848,"Steigen","2006",2760
"781",1848,"Steigen","2007",2680
"782",1848,"Steigen","2008",2672
"783",1848,"Steigen","2009",2665
"784",1848,"Steigen","2010",2619
"785",1848,"Steigen","2011",2619
"786",1848,"Steigen","2012",2609
"787",1848,"Steigen","2013",2552
"788",1848,"Steigen","2014",2579
"789",1848,"Steigen","2015",2507
"790",1848,"Steigen","2016",2543
"791",1848,"Steigen","2017",2543
"792",1848,"Steigen","2018",2534
"793",1849,"Hamaroy","1986",2325
"794",1849,"Hamaroy","1987",2373
"795",1849,"Hamaroy","1988",2363
"796",1849,"Hamaroy","1989",2375
"797",1849,"Hamaroy","1990",2312
"798",1849,"Hamaroy","1991",2271
"799",1849,"Hamaroy","1992",2254
"800",1849,"Hamaroy","1993",2254
"801",1849,"Hamaroy","1994",2214
"802",1849,"Hamaroy","1995",2215
"803",1849,"Hamaroy","1996",2218
"804",1849,"Hamaroy","1997",2156
"805",1849,"Hamaroy","1998",2101
"806",1849,"Hamaroy","1999",2037
"807",1849,"Hamaroy","2000",2008
"808",1849,"Hamaroy","2001",1959
"809",1849,"Hamaroy","2002",1932
"810",1849,"Hamaroy","2003",1926
"811",1849,"Hamaroy","2004",1872
"812",1849,"Hamaroy","2005",1836
"813",1849,"Hamaroy","2006",1821
"814",1849,"Hamaroy","2007",1771
"815",1849,"Hamaroy","2008",1761
"816",1849,"Hamaroy","2009",1754
"817",1849,"Hamaroy","2010",1752
"818",1849,"Hamaroy","2011",1771
"819",1849,"Hamaroy","2012",1783
"820",1849,"Hamaroy","2013",1791
"821",1849,"Hamaroy","2014",1820
"822",1849,"Hamaroy","2015",1811
"823",1849,"Hamaroy","2016",1824
"824",1849,"Hamaroy","2017",1810
"825",1849,"Hamaroy","2018",1801
"826",1850,"Tysfjord","1986",2738
"827",1850,"Tysfjord","1987",2693
"828",1850,"Tysfjord","1988",2641
"829",1850,"Tysfjord","1989",2640
"830",1850,"Tysfjord","1990",2622
"831",1850,"Tysfjord","1991",2553
"832",1850,"Tysfjord","1992",2554
"833",1850,"Tysfjord","1993",2539
"834",1850,"Tysfjord","1994",2505
"835",1850,"Tysfjord","1995",2465
"836",1850,"Tysfjord","1996",2422
"837",1850,"Tysfjord","1997",2402
"838",1850,"Tysfjord","1998",2372
"839",1850,"Tysfjord","1999",2355
"840",1850,"Tysfjord","2000",2302
"841",1850,"Tysfjord","2001",2267
"842",1850,"Tysfjord","2002",2283
"843",1850,"Tysfjord","2003",2241
"844",1850,"Tysfjord","2004",2209
"845",1850,"Tysfjord","2005",2150
"846",1850,"Tysfjord","2006",2118
"847",1850,"Tysfjord","2007",2052
"848",1850,"Tysfjord","2008",2028
"849",1850,"Tysfjord","2009",2046
"850",1850,"Tysfjord","2010",2007
"851",1850,"Tysfjord","2011",2002
"852",1850,"Tysfjord","2012",1956
"853",1850,"Tysfjord","2013",1978
"854",1850,"Tysfjord","2014",2000
"855",1850,"Tysfjord","2015",1996
"856",1850,"Tysfjord","2016",1974
"857",1850,"Tysfjord","2017",1960
"858",1850,"Tysfjord","2018",1953
"859",1851,"Lodingen","1986",2968
"860",1851,"Lodingen","1987",2937
"861",1851,"Lodingen","1988",2921
"862",1851,"Lodingen","1989",2884
"863",1851,"Lodingen","1990",2843
"864",1851,"Lodingen","1991",2799
"865",1851,"Lodingen","1992",2788
"866",1851,"Lodingen","1993",2762
"867",1851,"Lodingen","1994",2705
"868",1851,"Lodingen","1995",2674
"869",1851,"Lodingen","1996",2654
"870",1851,"Lodingen","1997",2576
"871",1851,"Lodingen","1998",2537
"872",1851,"Lodingen","1999",2497
"873",1851,"Lodingen","2000",2471
"874",1851,"Lodingen","2001",2402
"875",1851,"Lodingen","2002",2358
"876",1851,"Lodingen","2003",2382
"877",1851,"Lodingen","2004",2386
"878",1851,"Lodingen","2005",2349
"879",1851,"Lodingen","2006",2314
"880",1851,"Lodingen","2007",2257
"881",1851,"Lodingen","2008",2279
"882",1851,"Lodingen","2009",2242
"883",1851,"Lodingen","2010",2181
"884",1851,"Lodingen","2011",2196
"885",1851,"Lodingen","2012",2179
"886",1851,"Lodingen","2013",2220
"887",1851,"Lodingen","2014",2248
"888",1851,"Lodingen","2015",2160
"889",1851,"Lodingen","2016",2144
"890",1851,"Lodingen","2017",2134
"891",1851,"Lodingen","2018",2102
"892",1852,"Tjeldsund","1986",1945
"893",1852,"Tjeldsund","1987",1842
"894",1852,"Tjeldsund","1988",1826
"895",1852,"Tjeldsund","1989",1754
"896",1852,"Tjeldsund","1990",1711
"897",1852,"Tjeldsund","1991",1660
"898",1852,"Tjeldsund","1992",1641
"899",1852,"Tjeldsund","1993",1634
"900",1852,"Tjeldsund","1994",1579
"901",1852,"Tjeldsund","1995",1604
"902",1852,"Tjeldsund","1996",1586
"903",1852,"Tjeldsund","1997",1574
"904",1852,"Tjeldsund","1998",1523
"905",1852,"Tjeldsund","1999",1525
"906",1852,"Tjeldsund","2000",1527
"907",1852,"Tjeldsund","2001",1461
"908",1852,"Tjeldsund","2002",1477
"909",1852,"Tjeldsund","2003",1444
"910",1852,"Tjeldsund","2004",1448
"911",1852,"Tjeldsund","2005",1421
"912",1852,"Tjeldsund","2006",1396
"913",1852,"Tjeldsund","2007",1352
"914",1852,"Tjeldsund","2008",1338
"915",1852,"Tjeldsund","2009",1333
"916",1852,"Tjeldsund","2010",1345
"917",1852,"Tjeldsund","2011",1325
"918",1852,"Tjeldsund","2012",1284
"919",1852,"Tjeldsund","2013",1278
"920",1852,"Tjeldsund","2014",1256
"921",1852,"Tjeldsund","2015",1280
"922",1852,"Tjeldsund","2016",1283
"923",1852,"Tjeldsund","2017",1252
"924",1852,"Tjeldsund","2018",1259
"925",1853,"Evenes","1986",1805
"926",1853,"Evenes","1987",1792
"927",1853,"Evenes","1988",1812
"928",1853,"Evenes","1989",1756
"929",1853,"Evenes","1990",1730
"930",1853,"Evenes","1991",1706
"931",1853,"Evenes","1992",1685
"932",1853,"Evenes","1993",1694
"933",1853,"Evenes","1994",1640
"934",1853,"Evenes","1995",1621
"935",1853,"Evenes","1996",1583
"936",1853,"Evenes","1997",1543
"937",1853,"Evenes","1998",1521
"938",1853,"Evenes","1999",1527
"939",1853,"Evenes","2000",1523
"940",1853,"Evenes","2001",1504
"941",1853,"Evenes","2002",1508
"942",1853,"Evenes","2003",1494
"943",1853,"Evenes","2004",1444
"944",1853,"Evenes","2005",1417
"945",1853,"Evenes","2006",1365
"946",1853,"Evenes","2007",1361
"947",1853,"Evenes","2008",1358
"948",1853,"Evenes","2009",1345
"949",1853,"Evenes","2010",1357
"950",1853,"Evenes","2011",1342
"951",1853,"Evenes","2012",1359
"952",1853,"Evenes","2013",1376
"953",1853,"Evenes","2014",1391
"954",1853,"Evenes","2015",1385
"955",1853,"Evenes","2016",1400
"956",1853,"Evenes","2017",1402
"957",1853,"Evenes","2018",1387
"958",1854,"Ballangen","1986",3219
"959",1854,"Ballangen","1987",3193
"960",1854,"Ballangen","1988",3200
"961",1854,"Ballangen","1989",3126
"962",1854,"Ballangen","1990",3055
"963",1854,"Ballangen","1991",3090
"964",1854,"Ballangen","1992",3082
"965",1854,"Ballangen","1993",3006
"966",1854,"Ballangen","1994",2983
"967",1854,"Ballangen","1995",2931
"968",1854,"Ballangen","1996",2924
"969",1854,"Ballangen","1997",2915
"970",1854,"Ballangen","1998",2850
"971",1854,"Ballangen","1999",2838
"972",1854,"Ballangen","2000",2775
"973",1854,"Ballangen","2001",2731
"974",1854,"Ballangen","2002",2679
"975",1854,"Ballangen","2003",2680
"976",1854,"Ballangen","2004",2693
"977",1854,"Ballangen","2005",2736
"978",1854,"Ballangen","2006",2701
"979",1854,"Ballangen","2007",2684
"980",1854,"Ballangen","2008",2652
"981",1854,"Ballangen","2009",2623
"982",1854,"Ballangen","2010",2616
"983",1854,"Ballangen","2011",2620
"984",1854,"Ballangen","2012",2616
"985",1854,"Ballangen","2013",2599
"986",1854,"Ballangen","2014",2591
"987",1854,"Ballangen","2015",2581
"988",1854,"Ballangen","2016",2556
"989",1854,"Ballangen","2017",2554
"990",1854,"Ballangen","2018",2522
"991",1856,"Rost","1986",726
"992",1856,"Rost","1987",700
"993",1856,"Rost","1988",663
"994",1856,"Rost","1989",646
"995",1856,"Rost","1990",631
"996",1856,"Rost","1991",621
"997",1856,"Rost","1992",653
"998",1856,"Rost","1993",670
"999",1856,"Rost","1994",688
"1000",1856,"Rost","1995",693
"1001",1856,"Rost","1996",699
"1002",1856,"Rost","1997",695
"1003",1856,"Rost","1998",667
"1004",1856,"Rost","1999",654
"1005",1856,"Rost","2000",666
"1006",1856,"Rost","2001",652
"1007",1856,"Rost","2002",649
"1008",1856,"Rost","2003",641
"1009",1856,"Rost","2004",617
"1010",1856,"Rost","2005",602
"1011",1856,"Rost","2006",598
"1012",1856,"Rost","2007",591
"1013",1856,"Rost","2008",622
"1014",1856,"Rost","2009",606
"1015",1856,"Rost","2010",612
"1016",1856,"Rost","2011",605
"1017",1856,"Rost","2012",595
"1018",1856,"Rost","2013",565
"1019",1856,"Rost","2014",566
"1020",1856,"Rost","2015",545
"1021",1856,"Rost","2016",551
"1022",1856,"Rost","2017",535
"1023",1856,"Rost","2018",517
"1024",1857,"Vaeroy","1986",948
"1025",1857,"Vaeroy","1987",935
"1026",1857,"Vaeroy","1988",898
"1027",1857,"Vaeroy","1989",912
"1028",1857,"Vaeroy","1990",891
"1029",1857,"Vaeroy","1991",873
"1030",1857,"Vaeroy","1992",868
"1031",1857,"Vaeroy","1993",843
"1032",1857,"Vaeroy","1994",822
"1033",1857,"Vaeroy","1995",834
"1034",1857,"Vaeroy","1996",833
"1035",1857,"Vaeroy","1997",837
"1036",1857,"Vaeroy","1998",817
"1037",1857,"Vaeroy","1999",810
"1038",1857,"Vaeroy","2000",775
"1039",1857,"Vaeroy","2001",778
"1040",1857,"Vaeroy","2002",770
"1041",1857,"Vaeroy","2003",769
"1042",1857,"Vaeroy","2004",759
"1043",1857,"Vaeroy","2005",743
"1044",1857,"Vaeroy","2006",748
"1045",1857,"Vaeroy","2007",748
"1046",1857,"Vaeroy","2008",743
"1047",1857,"Vaeroy","2009",738
"1048",1857,"Vaeroy","2010",761
"1049",1857,"Vaeroy","2011",748
"1050",1857,"Vaeroy","2012",751
"1051",1857,"Vaeroy","2013",754
"1052",1857,"Vaeroy","2014",777
"1053",1857,"Vaeroy","2015",780
"1054",1857,"Vaeroy","2016",765
"1055",1857,"Vaeroy","2017",744
"1056",1857,"Vaeroy","2018",746
"1057",1859,"Flakstad","1986",1710
"1058",1859,"Flakstad","1987",1663
"1059",1859,"Flakstad","1988",1634
"1060",1859,"Flakstad","1989",1623
"1061",1859,"Flakstad","1990",1604
"1062",1859,"Flakstad","1991",1618
"1063",1859,"Flakstad","1992",1617
"1064",1859,"Flakstad","1993",1615
"1065",1859,"Flakstad","1994",1628
"1066",1859,"Flakstad","1995",1633
"1067",1859,"Flakstad","1996",1639
"1068",1859,"Flakstad","1997",1628
"1069",1859,"Flakstad","1998",1617
"1070",1859,"Flakstad","1999",1586
"1071",1859,"Flakstad","2000",1575
"1072",1859,"Flakstad","2001",1554
"1073",1859,"Flakstad","2002",1540
"1074",1859,"Flakstad","2003",1527
"1075",1859,"Flakstad","2004",1484
"1076",1859,"Flakstad","2005",1470
"1077",1859,"Flakstad","2006",1454
"1078",1859,"Flakstad","2007",1458
"1079",1859,"Flakstad","2008",1441
"1080",1859,"Flakstad","2009",1419
"1081",1859,"Flakstad","2010",1369
"1082",1859,"Flakstad","2011",1360
"1083",1859,"Flakstad","2012",1383
"1084",1859,"Flakstad","2013",1376
"1085",1859,"Flakstad","2014",1368
"1086",1859,"Flakstad","2015",1358
"1087",1859,"Flakstad","2016",1336
"1088",1859,"Flakstad","2017",1349
"1089",1859,"Flakstad","2018",1301
"1090",1860,"Vestvagoy","1986",10745
"1091",1860,"Vestvagoy","1987",10690
"1092",1860,"Vestvagoy","1988",10599
"1093",1860,"Vestvagoy","1989",10580
"1094",1860,"Vestvagoy","1990",10547
"1095",1860,"Vestvagoy","1991",10569
"1096",1860,"Vestvagoy","1992",10582
"1097",1860,"Vestvagoy","1993",10632
"1098",1860,"Vestvagoy","1994",10662
"1099",1860,"Vestvagoy","1995",10791
"1100",1860,"Vestvagoy","1996",10801
"1101",1860,"Vestvagoy","1997",10744
"1102",1860,"Vestvagoy","1998",10715
"1103",1860,"Vestvagoy","1999",10695
"1104",1860,"Vestvagoy","2000",10750
"1105",1860,"Vestvagoy","2001",10769
"1106",1860,"Vestvagoy","2002",10668
"1107",1860,"Vestvagoy","2003",10751
"1108",1860,"Vestvagoy","2004",10813
"1109",1860,"Vestvagoy","2005",10764
"1110",1860,"Vestvagoy","2006",10797
"1111",1860,"Vestvagoy","2007",10745
"1112",1860,"Vestvagoy","2008",10710
"1113",1860,"Vestvagoy","2009",10706
"1114",1860,"Vestvagoy","2010",10674
"1115",1860,"Vestvagoy","2011",10780
"1116",1860,"Vestvagoy","2012",10848
"1117",1860,"Vestvagoy","2013",10870
"1118",1860,"Vestvagoy","2014",10997
"1119",1860,"Vestvagoy","2015",11140
"1120",1860,"Vestvagoy","2016",11198
"1121",1860,"Vestvagoy","2017",11294
"1122",1860,"Vestvagoy","2018",11397
"1123",1865,"Vagan","1986",9503
"1124",1865,"Vagan","1987",9440
"1125",1865,"Vagan","1988",9325
"1126",1865,"Vagan","1989",9347
"1127",1865,"Vagan","1990",9353
"1128",1865,"Vagan","1991",9342
"1129",1865,"Vagan","1992",9336
"1130",1865,"Vagan","1993",9352
"1131",1865,"Vagan","1994",9337
"1132",1865,"Vagan","1995",9414
"1133",1865,"Vagan","1996",9381
"1134",1865,"Vagan","1997",9362
"1135",1865,"Vagan","1998",9247
"1136",1865,"Vagan","1999",9180
"1137",1865,"Vagan","2000",9229
"1138",1865,"Vagan","2001",9172
"1139",1865,"Vagan","2002",9094
"1140",1865,"Vagan","2003",9036
"1141",1865,"Vagan","2004",9052
"1142",1865,"Vagan","2005",9034
"1143",1865,"Vagan","2006",9021
"1144",1865,"Vagan","2007",8992
"1145",1865,"Vagan","2008",8933
"1146",1865,"Vagan","2009",8976
"1147",1865,"Vagan","2010",9023
"1148",1865,"Vagan","2011",9023
"1149",1865,"Vagan","2012",9086
"1150",1865,"Vagan","2013",9207
"1151",1865,"Vagan","2014",9223
"1152",1865,"Vagan","2015",9285
"1153",1865,"Vagan","2016",9350
"1154",1865,"Vagan","2017",9444
"1155",1865,"Vagan","2018",9611
"1156",1866,"Hadsel","1986",8763
"1157",1866,"Hadsel","1987",8709
"1158",1866,"Hadsel","1988",8713
"1159",1866,"Hadsel","1989",8686
"1160",1866,"Hadsel","1990",8706
"1161",1866,"Hadsel","1991",8608
"1162",1866,"Hadsel","1992",8663
"1163",1866,"Hadsel","1993",8629
"1164",1866,"Hadsel","1994",8717
"1165",1866,"Hadsel","1995",8639
"1166",1866,"Hadsel","1996",8547
"1167",1866,"Hadsel","1997",8540
"1168",1866,"Hadsel","1998",8433
"1169",1866,"Hadsel","1999",8342
"1170",1866,"Hadsel","2000",8321
"1171",1866,"Hadsel","2001",8200
"1172",1866,"Hadsel","2002",8131
"1173",1866,"Hadsel","2003",8051
"1174",1866,"Hadsel","2004",8039
"1175",1866,"Hadsel","2005",8039
"1176",1866,"Hadsel","2006",8001
"1177",1866,"Hadsel","2007",7907
"1178",1866,"Hadsel","2008",7970
"1179",1866,"Hadsel","2009",7950
"1180",1866,"Hadsel","2010",7981
"1181",1866,"Hadsel","2011",7924
"1182",1866,"Hadsel","2012",7937
"1183",1866,"Hadsel","2013",8050
"1184",1866,"Hadsel","2014",8112
"1185",1866,"Hadsel","2015",8057
"1186",1866,"Hadsel","2016",8082
"1187",1866,"Hadsel","2017",8009
"1188",1866,"Hadsel","2018",8042
"1189",1867,"Bo","1986",4106
"1190",1867,"Bo","1987",4042
"1191",1867,"Bo","1988",4012
"1192",1867,"Bo","1989",3931
"1193",1867,"Bo","1990",3814
"1194",1867,"Bo","1991",3763
"1195",1867,"Bo","1992",3664
"1196",1867,"Bo","1993",3642
"1197",1867,"Bo","1994",3552
"1198",1867,"Bo","1995",3530
"1199",1867,"Bo","1996",3491
"1200",1867,"Bo","1997",3463
"1201",1867,"Bo","1998",3392
"1202",1867,"Bo","1999",3332
"1203",1867,"Bo","2000",3288
"1204",1867,"Bo","2001",3239
"1205",1867,"Bo","2002",3159
"1206",1867,"Bo","2003",3100
"1207",1867,"Bo","2004",3041
"1208",1867,"Bo","2005",3003
"1209",1867,"Bo","2006",2946
"1210",1867,"Bo","2007",2899
"1211",1867,"Bo","2008",2867
"1212",1867,"Bo","2009",2838
"1213",1867,"Bo","2010",2789
"1214",1867,"Bo","2011",2790
"1215",1867,"Bo","2012",2720
"1216",1867,"Bo","2013",2654
"1217",1867,"Bo","2014",2642
"1218",1867,"Bo","2015",2642
"1219",1867,"Bo","2016",2632
"1220",1867,"Bo","2017",2624
"1221",1867,"Bo","2018",2623
"1222",1868,"Oksnes","1986",5082
"1223",1868,"Oksnes","1987",5012
"1224",1868,"Oksnes","1988",5027
"1225",1868,"Oksnes","1989",4935
"1226",1868,"Oksnes","1990",4866
"1227",1868,"Oksnes","1991",4818
"1228",1868,"Oksnes","1992",4781
"1229",1868,"Oksnes","1993",4778
"1230",1868,"Oksnes","1994",4764
"1231",1868,"Oksnes","1995",4790
"1232",1868,"Oksnes","1996",4796
"1233",1868,"Oksnes","1997",4796
"1234",1868,"Oksnes","1998",4824
"1235",1868,"Oksnes","1999",4755
"1236",1868,"Oksnes","2000",4758
"1237",1868,"Oksnes","2001",4692
"1238",1868,"Oksnes","2002",4687
"1239",1868,"Oksnes","2003",4665
"1240",1868,"Oksnes","2004",4633
"1241",1868,"Oksnes","2005",4550
"1242",1868,"Oksnes","2006",4567
"1243",1868,"Oksnes","2007",4486
"1244",1868,"Oksnes","2008",4424
"1245",1868,"Oksnes","2009",4418
"1246",1868,"Oksnes","2010",4438
"1247",1868,"Oksnes","2011",4432
"1248",1868,"Oksnes","2012",4467
"1249",1868,"Oksnes","2013",4472
"1250",1868,"Oksnes","2014",4562
"1251",1868,"Oksnes","2015",4563
"1252",1868,"Oksnes","2016",4529
"1253",1868,"Oksnes","2017",4580
"1254",1868,"Oksnes","2018",4541
"1255",1870,"Sortland","1986",8243
"1256",1870,"Sortland","1987",8188
"1257",1870,"Sortland","1988",8214
"1258",1870,"Sortland","1989",8224
"1259",1870,"Sortland","1990",8301
"1260",1870,"Sortland","1991",8335
"1261",1870,"Sortland","1992",8408
"1262",1870,"Sortland","1993",8534
"1263",1870,"Sortland","1994",8656
"1264",1870,"Sortland","1995",8784
"1265",1870,"Sortland","1996",8855
"1266",1870,"Sortland","1997",8862
"1267",1870,"Sortland","1998",8910
"1268",1870,"Sortland","1999",9094
"1269",1870,"Sortland","2000",9230
"1270",1870,"Sortland","2001",9363
"1271",1870,"Sortland","2002",9408
"1272",1870,"Sortland","2003",9476
"1273",1870,"Sortland","2004",9509
"1274",1870,"Sortland","2005",9536
"1275",1870,"Sortland","2006",9639
"1276",1870,"Sortland","2007",9703
"1277",1870,"Sortland","2008",9678
"1278",1870,"Sortland","2009",9732
"1279",1870,"Sortland","2010",9819
"1280",1870,"Sortland","2011",9856
"1281",1870,"Sortland","2012",9983
"1282",1870,"Sortland","2013",10082
"1283",1870,"Sortland","2014",10129
"1284",1870,"Sortland","2015",10166
"1285",1870,"Sortland","2016",10214
"1286",1870,"Sortland","2017",10378
"1287",1870,"Sortland","2018",10401
"1288",1871,"Andoy","1986",6894
"1289",1871,"Andoy","1987",6754
"1290",1871,"Andoy","1988",6715
"1291",1871,"Andoy","1989",6599
"1292",1871,"Andoy","1990",6574
"1293",1871,"Andoy","1991",6487
"1294",1871,"Andoy","1992",6406
"1295",1871,"Andoy","1993",6324
"1296",1871,"Andoy","1994",6270
"1297",1871,"Andoy","1995",6211
"1298",1871,"Andoy","1996",6088
"1299",1871,"Andoy","1997",5968
"1300",1871,"Andoy","1998",5854
"1301",1871,"Andoy","1999",5765
"1302",1871,"Andoy","2000",5744
"1303",1871,"Andoy","2001",5605
"1304",1871,"Andoy","2002",5549
"1305",1871,"Andoy","2003",5477
"1306",1871,"Andoy","2004",5430
"1307",1871,"Andoy","2005",5341
"1308",1871,"Andoy","2006",5245
"1309",1871,"Andoy","2007",5152
"1310",1871,"Andoy","2008",5078
"1311",1871,"Andoy","2009",5034
"1312",1871,"Andoy","2010",5002
"1313",1871,"Andoy","2011",5033
"1314",1871,"Andoy","2012",5032
"1315",1871,"Andoy","2013",5024
"1316",1871,"Andoy","2014",4993
"1317",1871,"Andoy","2015",4991
"1318",1871,"Andoy","2016",4980
"1319",1871,"Andoy","2017",4908
"1320",1871,"Andoy","2018",4902
"1321",1874,"Moskenes","1986",1534
"1322",1874,"Moskenes","1987",1512
"1323",1874,"Moskenes","1988",1498
"1324",1874,"Moskenes","1989",1459
"1325",1874,"Moskenes","1990",1445
"1326",1874,"Moskenes","1991",1444
"1327",1874,"Moskenes","1992",1434
"1328",1874,"Moskenes","1993",1412
"1329",1874,"Moskenes","1994",1434
"1330",1874,"Moskenes","1995",1419
"1331",1874,"Moskenes","1996",1410
"1332",1874,"Moskenes","1997",1398
"1333",1874,"Moskenes","1998",1353
"1334",1874,"Moskenes","1999",1355
"1335",1874,"Moskenes","2000",1352
"1336",1874,"Moskenes","2001",1304
"1337",1874,"Moskenes","2002",1282
"1338",1874,"Moskenes","2003",1248
"1339",1874,"Moskenes","2004",1212
"1340",1874,"Moskenes","2005",1201
"1341",1874,"Moskenes","2006",1183
"1342",1874,"Moskenes","2007",1156
"1343",1874,"Moskenes","2008",1128
"1344",1874,"Moskenes","2009",1116
"1345",1874,"Moskenes","2010",1130
"1346",1874,"Moskenes","2011",1120
"1347",1874,"Moskenes","2012",1116
"1348",1874,"Moskenes","2013",1118
"1349",1874,"Moskenes","2014",1108
"1350",1874,"Moskenes","2015",1070
"1351",1874,"Moskenes","2016",1062
"1352",1874,"Moskenes","2017",1073
"1353",1874,"Moskenes","2018",1068
"1354",1902,"Tromso","1986",48091
"1355",1902,"Tromso","1987",48838
"1356",1902,"Tromso","1988",49459
"1357",1902,"Tromso","1989",50228
"1358",1902,"Tromso","1990",50548
"1359",1902,"Tromso","1991",51328
"1360",1902,"Tromso","1992",52504
"1361",1902,"Tromso","1993",53456
"1362",1902,"Tromso","1994",54614
"1363",1902,"Tromso","1995",55676
"1364",1902,"Tromso","1996",56646
"1365",1902,"Tromso","1997",57384
"1366",1902,"Tromso","1998",57485
"1367",1902,"Tromso","1999",58121
"1368",1902,"Tromso","2000",59145
"1369",1902,"Tromso","2001",60086
"1370",1902,"Tromso","2002",60524
"1371",1902,"Tromso","2003",61182
"1372",1902,"Tromso","2004",61897
"1373",1902,"Tromso","2005",62558
"1374",1902,"Tromso","2006",63596
"1375",1902,"Tromso","2007",64492
"1376",1902,"Tromso","2008",65286
"1377",1902,"Tromso","2009",66513
"1378",1902,"Tromso","2010",67305
"1379",1902,"Tromso","2011",68239
"1380",1902,"Tromso","2012",69116
"1381",1902,"Tromso","2013",70358
"1382",1902,"Tromso","2014",71590
"1383",1902,"Tromso","2015",72681
"1384",1902,"Tromso","2016",73480
"1385",1902,"Tromso","2017",74541
"1386",1902,"Tromso","2018",75638
"1387",1903,"Harstad","1986",22753
"1388",1903,"Harstad","1987",22891
"1389",1903,"Harstad","1988",23038
"1390",1903,"Harstad","1989",23088
"1391",1903,"Harstad","1990",23107
"1392",1903,"Harstad","1991",23074
"1393",1903,"Harstad","1992",23288
"1394",1903,"Harstad","1993",23340
"1395",1903,"Harstad","1994",23417
"1396",1903,"Harstad","1995",23607
"1397",1903,"Harstad","1996",23629
"1398",1903,"Harstad","1997",23618
"1399",1903,"Harstad","1998",23571
"1400",1903,"Harstad","1999",23641
"1401",1903,"Harstad","2000",23627
"1402",1903,"Harstad","2001",23624
"1403",1903,"Harstad","2002",23646
"1404",1903,"Harstad","2003",23694
"1405",1903,"Harstad","2004",23692
"1406",1903,"Harstad","2005",23643
"1407",1903,"Harstad","2006",23765
"1408",1903,"Harstad","2007",23784
"1409",1903,"Harstad","2008",23617
"1410",1903,"Harstad","2009",23629
"1411",1903,"Harstad","2010",23739
"1412",1903,"Harstad","2011",23899
"1413",1903,"Harstad","2012",24095
"1414",1903,"Harstad","2013",24291
"1415",1903,"Harstad","2014",24441
"1416",1903,"Harstad","2015",24676
"1417",1903,"Harstad","2016",24695
"1418",1903,"Harstad","2017",24845
"1419",1903,"Harstad","2018",24820
"1420",1911,"Kvaefjord","1986",3723
"1421",1911,"Kvaefjord","1987",3691
"1422",1911,"Kvaefjord","1988",3630
"1423",1911,"Kvaefjord","1989",3601
"1424",1911,"Kvaefjord","1990",3527
"1425",1911,"Kvaefjord","1991",3500
"1426",1911,"Kvaefjord","1992",3477
"1427",1911,"Kvaefjord","1993",3424
"1428",1911,"Kvaefjord","1994",3506
"1429",1911,"Kvaefjord","1995",3416
"1430",1911,"Kvaefjord","1996",3381
"1431",1911,"Kvaefjord","1997",3377
"1432",1911,"Kvaefjord","1998",3352
"1433",1911,"Kvaefjord","1999",3314
"1434",1911,"Kvaefjord","2000",3287
"1435",1911,"Kvaefjord","2001",3225
"1436",1911,"Kvaefjord","2002",3151
"1437",1911,"Kvaefjord","2003",3102
"1438",1911,"Kvaefjord","2004",3072
"1439",1911,"Kvaefjord","2005",3072
"1440",1911,"Kvaefjord","2006",3067
"1441",1911,"Kvaefjord","2007",3048
"1442",1911,"Kvaefjord","2008",3036
"1443",1911,"Kvaefjord","2009",3032
"1444",1911,"Kvaefjord","2010",3049
"1445",1911,"Kvaefjord","2011",3050
"1446",1911,"Kvaefjord","2012",3025
"1447",1911,"Kvaefjord","2013",3082
"1448",1911,"Kvaefjord","2014",3107
"1449",1911,"Kvaefjord","2015",3076
"1450",1911,"Kvaefjord","2016",3029
"1451",1911,"Kvaefjord","2017",2986
"1452",1911,"Kvaefjord","2018",2928
"1453",1913,"Skanland","1986",3510
"1454",1913,"Skanland","1987",3534
"1455",1913,"Skanland","1988",3521
"1456",1913,"Skanland","1989",3431
"1457",1913,"Skanland","1990",3409
"1458",1913,"Skanland","1991",3379
"1459",1913,"Skanland","1992",3337
"1460",1913,"Skanland","1993",3310
"1461",1913,"Skanland","1994",3395
"1462",1913,"Skanland","1995",3303
"1463",1913,"Skanland","1996",3259
"1464",1913,"Skanland","1997",3206
"1465",1913,"Skanland","1998",3136
"1466",1913,"Skanland","1999",3140
"1467",1913,"Skanland","2000",3109
"1468",1913,"Skanland","2001",3096
"1469",1913,"Skanland","2002",3064
"1470",1913,"Skanland","2003",3040
"1471",1913,"Skanland","2004",3005
"1472",1913,"Skanland","2005",2954
"1473",1913,"Skanland","2006",2918
"1474",1913,"Skanland","2007",2883
"1475",1913,"Skanland","2008",2862
"1476",1913,"Skanland","2009",2841
"1477",1913,"Skanland","2010",2855
"1478",1913,"Skanland","2011",2896
"1479",1913,"Skanland","2012",2972
"1480",1913,"Skanland","2013",2940
"1481",1913,"Skanland","2014",2951
"1482",1913,"Skanland","2015",2988
"1483",1913,"Skanland","2016",3041
"1484",1913,"Skanland","2017",3048
"1485",1913,"Skanland","2018",2994
"1486",1917,"Ibestad","1986",2445
"1487",1917,"Ibestad","1987",2384
"1488",1917,"Ibestad","1988",2328
"1489",1917,"Ibestad","1989",2270
"1490",1917,"Ibestad","1990",2229
"1491",1917,"Ibestad","1991",2196
"1492",1917,"Ibestad","1992",2146
"1493",1917,"Ibestad","1993",2144
"1494",1917,"Ibestad","1994",2106
"1495",1917,"Ibestad","1995",2056
"1496",1917,"Ibestad","1996",2039
"1497",1917,"Ibestad","1997",1956
"1498",1917,"Ibestad","1998",1899
"1499",1917,"Ibestad","1999",1808
"1500",1917,"Ibestad","2000",1763
"1501",1917,"Ibestad","2001",1724
"1502",1917,"Ibestad","2002",1715
"1503",1917,"Ibestad","2003",1689
"1504",1917,"Ibestad","2004",1696
"1505",1917,"Ibestad","2005",1649
"1506",1917,"Ibestad","2006",1630
"1507",1917,"Ibestad","2007",1574
"1508",1917,"Ibestad","2008",1511
"1509",1917,"Ibestad","2009",1440
"1510",1917,"Ibestad","2010",1408
"1511",1917,"Ibestad","2011",1419
"1512",1917,"Ibestad","2012",1410
"1513",1917,"Ibestad","2013",1421
"1514",1917,"Ibestad","2014",1436
"1515",1917,"Ibestad","2015",1410
"1516",1917,"Ibestad","2016",1403
"1517",1917,"Ibestad","2017",1394
"1518",1917,"Ibestad","2018",1380
"1519",1919,"Gratangen","1986",1612
"1520",1919,"Gratangen","1987",1549
"1521",1919,"Gratangen","1988",1540
"1522",1919,"Gratangen","1989",1491
"1523",1919,"Gratangen","1990",1483
"1524",1919,"Gratangen","1991",1470
"1525",1919,"Gratangen","1992",1468
"1526",1919,"Gratangen","1993",1448
"1527",1919,"Gratangen","1994",1477
"1528",1919,"Gratangen","1995",1416
"1529",1919,"Gratangen","1996",1403
"1530",1919,"Gratangen","1997",1380
"1531",1919,"Gratangen","1998",1340
"1532",1919,"Gratangen","1999",1329
"1533",1919,"Gratangen","2000",1345
"1534",1919,"Gratangen","2001",1307
"1535",1919,"Gratangen","2002",1316
"1536",1919,"Gratangen","2003",1302
"1537",1919,"Gratangen","2004",1282
"1538",1919,"Gratangen","2005",1268
"1539",1919,"Gratangen","2006",1245
"1540",1919,"Gratangen","2007",1226
"1541",1919,"Gratangen","2008",1168
"1542",1919,"Gratangen","2009",1151
"1543",1919,"Gratangen","2010",1150
"1544",1919,"Gratangen","2011",1115
"1545",1919,"Gratangen","2012",1136
"1546",1919,"Gratangen","2013",1119
"1547",1919,"Gratangen","2014",1135
"1548",1919,"Gratangen","2015",1137
"1549",1919,"Gratangen","2016",1137
"1550",1919,"Gratangen","2017",1121
"1551",1919,"Gratangen","2018",1117
"1552",1920,"Lavangen","1986",1192
"1553",1920,"Lavangen","1987",1161
"1554",1920,"Lavangen","1988",1173
"1555",1920,"Lavangen","1989",1151
"1556",1920,"Lavangen","1990",1149
"1557",1920,"Lavangen","1991",1145
"1558",1920,"Lavangen","1992",1132
"1559",1920,"Lavangen","1993",1133
"1560",1920,"Lavangen","1994",1123
"1561",1920,"Lavangen","1995",1117
"1562",1920,"Lavangen","1996",1123
"1563",1920,"Lavangen","1997",1090
"1564",1920,"Lavangen","1998",1060
"1565",1920,"Lavangen","1999",1070
"1566",1920,"Lavangen","2000",1052
"1567",1920,"Lavangen","2001",1031
"1568",1920,"Lavangen","2002",1050
"1569",1920,"Lavangen","2003",1069
"1570",1920,"Lavangen","2004",1063
"1571",1920,"Lavangen","2005",1029
"1572",1920,"Lavangen","2006",1035
"1573",1920,"Lavangen","2007",1011
"1574",1920,"Lavangen","2008",1010
"1575",1920,"Lavangen","2009",1023
"1576",1920,"Lavangen","2010",1012
"1577",1920,"Lavangen","2011",1003
"1578",1920,"Lavangen","2012",1016
"1579",1920,"Lavangen","2013",1012
"1580",1920,"Lavangen","2014",1014
"1581",1920,"Lavangen","2015",1008
"1582",1920,"Lavangen","2016",1051
"1583",1920,"Lavangen","2017",1076
"1584",1920,"Lavangen","2018",1061
"1585",1923,"Salangen","1986",2526
"1586",1923,"Salangen","1987",2524
"1587",1923,"Salangen","1988",2542
"1588",1923,"Salangen","1989",2502
"1589",1923,"Salangen","1990",2586
"1590",1923,"Salangen","1991",2549
"1591",1923,"Salangen","1992",2631
"1592",1923,"Salangen","1993",2536
"1593",1923,"Salangen","1994",2575
"1594",1923,"Salangen","1995",2505
"1595",1923,"Salangen","1996",2461
"1596",1923,"Salangen","1997",2450
"1597",1923,"Salangen","1998",2385
"1598",1923,"Salangen","1999",2384
"1599",1923,"Salangen","2000",2346
"1600",1923,"Salangen","2001",2358
"1601",1923,"Salangen","2002",2303
"1602",1923,"Salangen","2003",2260
"1603",1923,"Salangen","2004",2265
"1604",1923,"Salangen","2005",2244
"1605",1923,"Salangen","2006",2263
"1606",1923,"Salangen","2007",2232
"1607",1923,"Salangen","2008",2169
"1608",1923,"Salangen","2009",2203
"1609",1923,"Salangen","2010",2211
"1610",1923,"Salangen","2011",2179
"1611",1923,"Salangen","2012",2214
"1612",1923,"Salangen","2013",2220
"1613",1923,"Salangen","2014",2223
"1614",1923,"Salangen","2015",2219
"1615",1923,"Salangen","2016",2230
"1616",1923,"Salangen","2017",2220
"1617",1923,"Salangen","2018",2226
"1618",1924,"Malselv","1986",7499
"1619",1924,"Malselv","1987",7394
"1620",1924,"Malselv","1988",7413
"1621",1924,"Malselv","1989",7428
"1622",1924,"Malselv","1990",7420
"1623",1924,"Malselv","1991",7379
"1624",1924,"Malselv","1992",7407
"1625",1924,"Malselv","1993",7342
"1626",1924,"Malselv","1994",7214
"1627",1924,"Malselv","1995",7202
"1628",1924,"Malselv","1996",7173
"1629",1924,"Malselv","1997",7170
"1630",1924,"Malselv","1998",7073
"1631",1924,"Malselv","1999",7037
"1632",1924,"Malselv","2000",7054
"1633",1924,"Malselv","2001",7011
"1634",1924,"Malselv","2002",6856
"1635",1924,"Malselv","2003",6845
"1636",1924,"Malselv","2004",6739
"1637",1924,"Malselv","2005",6658
"1638",1924,"Malselv","2006",6578
"1639",1924,"Malselv","2007",6590
"1640",1924,"Malselv","2008",6603
"1641",1924,"Malselv","2009",6490
"1642",1924,"Malselv","2010",6510
"1643",1924,"Malselv","2011",6563
"1644",1924,"Malselv","2012",6599
"1645",1924,"Malselv","2013",6630
"1646",1924,"Malselv","2014",6634
"1647",1924,"Malselv","2015",6693
"1648",1924,"Malselv","2016",6741
"1649",1924,"Malselv","2017",6781
"1650",1924,"Malselv","2018",6798
"1651",1925,"Sorreisa","1986",3472
"1652",1925,"Sorreisa","1987",3414
"1653",1925,"Sorreisa","1988",3411
"1654",1925,"Sorreisa","1989",3447
"1655",1925,"Sorreisa","1990",3438
"1656",1925,"Sorreisa","1991",3384
"1657",1925,"Sorreisa","1992",3394
"1658",1925,"Sorreisa","1993",3442
"1659",1925,"Sorreisa","1994",3478
"1660",1925,"Sorreisa","1995",3473
"1661",1925,"Sorreisa","1996",3438
"1662",1925,"Sorreisa","1997",3391
"1663",1925,"Sorreisa","1998",3353
"1664",1925,"Sorreisa","1999",3301
"1665",1925,"Sorreisa","2000",3294
"1666",1925,"Sorreisa","2001",3277
"1667",1925,"Sorreisa","2002",3298
"1668",1925,"Sorreisa","2003",3312
"1669",1925,"Sorreisa","2004",3326
"1670",1925,"Sorreisa","2005",3330
"1671",1925,"Sorreisa","2006",3322
"1672",1925,"Sorreisa","2007",3315
"1673",1925,"Sorreisa","2008",3312
"1674",1925,"Sorreisa","2009",3360
"1675",1925,"Sorreisa","2010",3366
"1676",1925,"Sorreisa","2011",3371
"1677",1925,"Sorreisa","2012",3381
"1678",1925,"Sorreisa","2013",3407
"1679",1925,"Sorreisa","2014",3450
"1680",1925,"Sorreisa","2015",3451
"1681",1925,"Sorreisa","2016",3452
"1682",1925,"Sorreisa","2017",3496
"1683",1925,"Sorreisa","2018",3494
"1684",1926,"Dyroy","1986",1706
"1685",1926,"Dyroy","1987",1686
"1686",1926,"Dyroy","1988",1656
"1687",1926,"Dyroy","1989",1616
"1688",1926,"Dyroy","1990",1587
"1689",1926,"Dyroy","1991",1581
"1690",1926,"Dyroy","1992",1536
"1691",1926,"Dyroy","1993",1512
"1692",1926,"Dyroy","1994",1494
"1693",1926,"Dyroy","1995",1468
"1694",1926,"Dyroy","1996",1437
"1695",1926,"Dyroy","1997",1427
"1696",1926,"Dyroy","1998",1401
"1697",1926,"Dyroy","1999",1365
"1698",1926,"Dyroy","2000",1337
"1699",1926,"Dyroy","2001",1318
"1700",1926,"Dyroy","2002",1309
"1701",1926,"Dyroy","2003",1317
"1702",1926,"Dyroy","2004",1303
"1703",1926,"Dyroy","2005",1288
"1704",1926,"Dyroy","2006",1295
"1705",1926,"Dyroy","2007",1265
"1706",1926,"Dyroy","2008",1232
"1707",1926,"Dyroy","2009",1216
"1708",1926,"Dyroy","2010",1233
"1709",1926,"Dyroy","2011",1205
"1710",1926,"Dyroy","2012",1188
"1711",1926,"Dyroy","2013",1190
"1712",1926,"Dyroy","2014",1171
"1713",1926,"Dyroy","2015",1154
"1714",1926,"Dyroy","2016",1158
"1715",1926,"Dyroy","2017",1138
"1716",1926,"Dyroy","2018",1165
"1717",1927,"Tranoy","1986",2137
"1718",1927,"Tranoy","1987",2111
"1719",1927,"Tranoy","1988",2077
"1720",1927,"Tranoy","1989",2044
"1721",1927,"Tranoy","1990",1992
"1722",1927,"Tranoy","1991",1931
"1723",1927,"Tranoy","1992",1903
"1724",1927,"Tranoy","1993",1885
"1725",1927,"Tranoy","1994",1882
"1726",1927,"Tranoy","1995",1806
"1727",1927,"Tranoy","1996",1769
"1728",1927,"Tranoy","1997",1758
"1729",1927,"Tranoy","1998",1712
"1730",1927,"Tranoy","1999",1673
"1731",1927,"Tranoy","2000",1695
"1732",1927,"Tranoy","2001",1706
"1733",1927,"Tranoy","2002",1684
"1734",1927,"Tranoy","2003",1704
"1735",1927,"Tranoy","2004",1662
"1736",1927,"Tranoy","2005",1632
"1737",1927,"Tranoy","2006",1598
"1738",1927,"Tranoy","2007",1570
"1739",1927,"Tranoy","2008",1579
"1740",1927,"Tranoy","2009",1537
"1741",1927,"Tranoy","2010",1552
"1742",1927,"Tranoy","2011",1538
"1743",1927,"Tranoy","2012",1524
"1744",1927,"Tranoy","2013",1514
"1745",1927,"Tranoy","2014",1510
"1746",1927,"Tranoy","2015",1544
"1747",1927,"Tranoy","2016",1543
"1748",1927,"Tranoy","2017",1540
"1749",1927,"Tranoy","2018",1536
"1750",1928,"Torsken","1986",1438
"1751",1928,"Torsken","1987",1412
"1752",1928,"Torsken","1988",1381
"1753",1928,"Torsken","1989",1357
"1754",1928,"Torsken","1990",1310
"1755",1928,"Torsken","1991",1280
"1756",1928,"Torsken","1992",1260
"1757",1928,"Torsken","1993",1254
"1758",1928,"Torsken","1994",1245
"1759",1928,"Torsken","1995",1236
"1760",1928,"Torsken","1996",1241
"1761",1928,"Torsken","1997",1231
"1762",1928,"Torsken","1998",1201
"1763",1928,"Torsken","1999",1170
"1764",1928,"Torsken","2000",1166
"1765",1928,"Torsken","2001",1130
"1766",1928,"Torsken","2002",1129
"1767",1928,"Torsken","2003",1119
"1768",1928,"Torsken","2004",1087
"1769",1928,"Torsken","2005",1033
"1770",1928,"Torsken","2006",1005
"1771",1928,"Torsken","2007",978
"1772",1928,"Torsken","2008",937
"1773",1928,"Torsken","2009",916
"1774",1928,"Torsken","2010",899
"1775",1928,"Torsken","2011",911
"1776",1928,"Torsken","2012",892
"1777",1928,"Torsken","2013",880
"1778",1928,"Torsken","2014",878
"1779",1928,"Torsken","2015",884
"1780",1928,"Torsken","2016",913
"1781",1928,"Torsken","2017",921
"1782",1928,"Torsken","2018",943
"1783",1929,"Berg","1986",1317
"1784",1929,"Berg","1987",1284
"1785",1929,"Berg","1988",1255
"1786",1929,"Berg","1989",1235
"1787",1929,"Berg","1990",1224
"1788",1929,"Berg","1991",1241
"1789",1929,"Berg","1992",1216
"1790",1929,"Berg","1993",1234
"1791",1929,"Berg","1994",1217
"1792",1929,"Berg","1995",1221
"1793",1929,"Berg","1996",1185
"1794",1929,"Berg","1997",1133
"1795",1929,"Berg","1998",1145
"1796",1929,"Berg","1999",1120
"1797",1929,"Berg","2000",1111
"1798",1929,"Berg","2001",1094
"1799",1929,"Berg","2002",1061
"1800",1929,"Berg","2003",1042
"1801",1929,"Berg","2004",1043
"1802",1929,"Berg","2005",1014
"1803",1929,"Berg","2006",996
"1804",1929,"Berg","2007",962
"1805",1929,"Berg","2008",937
"1806",1929,"Berg","2009",942
"1807",1929,"Berg","2010",926
"1808",1929,"Berg","2011",907
"1809",1929,"Berg","2012",887
"1810",1929,"Berg","2013",924
"1811",1929,"Berg","2014",918
"1812",1929,"Berg","2015",905
"1813",1929,"Berg","2016",915
"1814",1929,"Berg","2017",914
"1815",1929,"Berg","2018",902
"1816",1931,"Lenvik","1986",11176
"1817",1931,"Lenvik","1987",11113
"1818",1931,"Lenvik","1988",11021
"1819",1931,"Lenvik","1989",10972
"1820",1931,"Lenvik","1990",10899
"1821",1931,"Lenvik","1991",10843
"1822",1931,"Lenvik","1992",10805
"1823",1931,"Lenvik","1993",10851
"1824",1931,"Lenvik","1994",10838
"1825",1931,"Lenvik","1995",10923
"1826",1931,"Lenvik","1996",10953
"1827",1931,"Lenvik","1997",11051
"1828",1931,"Lenvik","1998",11029
"1829",1931,"Lenvik","1999",10983
"1830",1931,"Lenvik","2000",11039
"1831",1931,"Lenvik","2001",11139
"1832",1931,"Lenvik","2002",11080
"1833",1931,"Lenvik","2003",11049
"1834",1931,"Lenvik","2004",11107
"1835",1931,"Lenvik","2005",11035
"1836",1931,"Lenvik","2006",11051
"1837",1931,"Lenvik","2007",11027
"1838",1931,"Lenvik","2008",11160
"1839",1931,"Lenvik","2009",11207
"1840",1931,"Lenvik","2010",11243
"1841",1931,"Lenvik","2011",11294
"1842",1931,"Lenvik","2012",11345
"1843",1931,"Lenvik","2013",11455
"1844",1931,"Lenvik","2014",11557
"1845",1931,"Lenvik","2015",11535
"1846",1931,"Lenvik","2016",11618
"1847",1931,"Lenvik","2017",11697
"1848",1931,"Lenvik","2018",11644
"1849",1933,"Balsfjord","1986",6717
"1850",1933,"Balsfjord","1987",6657
"1851",1933,"Balsfjord","1988",6532
"1852",1933,"Balsfjord","1989",6450
"1853",1933,"Balsfjord","1990",6378
"1854",1933,"Balsfjord","1991",6319
"1855",1933,"Balsfjord","1992",6248
"1856",1933,"Balsfjord","1993",6181
"1857",1933,"Balsfjord","1994",6118
"1858",1933,"Balsfjord","1995",6085
"1859",1933,"Balsfjord","1996",5976
"1860",1933,"Balsfjord","1997",5910
"1861",1933,"Balsfjord","1998",5848
"1862",1933,"Balsfjord","1999",5814
"1863",1933,"Balsfjord","2000",5749
"1864",1933,"Balsfjord","2001",5742
"1865",1933,"Balsfjord","2002",5642
"1866",1933,"Balsfjord","2003",5638
"1867",1933,"Balsfjord","2004",5611
"1868",1933,"Balsfjord","2005",5560
"1869",1933,"Balsfjord","2006",5569
"1870",1933,"Balsfjord","2007",5569
"1871",1933,"Balsfjord","2008",5529
"1872",1933,"Balsfjord","2009",5497
"1873",1933,"Balsfjord","2010",5515
"1874",1933,"Balsfjord","2011",5517
"1875",1933,"Balsfjord","2012",5502
"1876",1933,"Balsfjord","2013",5562
"1877",1933,"Balsfjord","2014",5593
"1878",1933,"Balsfjord","2015",5720
"1879",1933,"Balsfjord","2016",5701
"1880",1933,"Balsfjord","2017",5685
"1881",1933,"Balsfjord","2018",5653
"1882",1936,"Karlsoy","1986",2965
"1883",1936,"Karlsoy","1987",2881
"1884",1936,"Karlsoy","1988",2836
"1885",1936,"Karlsoy","1989",2820
"1886",1936,"Karlsoy","1990",2774
"1887",1936,"Karlsoy","1991",2717
"1888",1936,"Karlsoy","1992",2694
"1889",1936,"Karlsoy","1993",2701
"1890",1936,"Karlsoy","1994",2601
"1891",1936,"Karlsoy","1995",2611
"1892",1936,"Karlsoy","1996",2599
"1893",1936,"Karlsoy","1997",2553
"1894",1936,"Karlsoy","1998",2531
"1895",1936,"Karlsoy","1999",2462
"1896",1936,"Karlsoy","2000",2496
"1897",1936,"Karlsoy","2001",2465
"1898",1936,"Karlsoy","2002",2464
"1899",1936,"Karlsoy","2003",2463
"1900",1936,"Karlsoy","2004",2406
"1901",1936,"Karlsoy","2005",2372
"1902",1936,"Karlsoy","2006",2369
"1903",1936,"Karlsoy","2007",2344
"1904",1936,"Karlsoy","2008",2404
"1905",1936,"Karlsoy","2009",2383
"1906",1936,"Karlsoy","2010",2371
"1907",1936,"Karlsoy","2011",2357
"1908",1936,"Karlsoy","2012",2355
"1909",1936,"Karlsoy","2013",2317
"1910",1936,"Karlsoy","2014",2334
"1911",1936,"Karlsoy","2015",2289
"1912",1936,"Karlsoy","2016",2282
"1913",1936,"Karlsoy","2017",2273
"1914",1936,"Karlsoy","2018",2263
"1915",1938,"Lyngen","1986",3735
"1916",1938,"Lyngen","1987",3675
"1917",1938,"Lyngen","1988",3600
"1918",1938,"Lyngen","1989",3573
"1919",1938,"Lyngen","1990",3595
"1920",1938,"Lyngen","1991",3602
"1921",1938,"Lyngen","1992",3527
"1922",1938,"Lyngen","1993",3505
"1923",1938,"Lyngen","1994",3499
"1924",1938,"Lyngen","1995",3479
"1925",1938,"Lyngen","1996",3435
"1926",1938,"Lyngen","1997",3395
"1927",1938,"Lyngen","1998",3342
"1928",1938,"Lyngen","1999",3245
"1929",1938,"Lyngen","2000",3225
"1930",1938,"Lyngen","2001",3193
"1931",1938,"Lyngen","2002",3183
"1932",1938,"Lyngen","2003",3176
"1933",1938,"Lyngen","2004",3167
"1934",1938,"Lyngen","2005",3158
"1935",1938,"Lyngen","2006",3161
"1936",1938,"Lyngen","2007",3199
"1937",1938,"Lyngen","2008",3208
"1938",1938,"Lyngen","2009",3166
"1939",1938,"Lyngen","2010",3152
"1940",1938,"Lyngen","2011",3086
"1941",1938,"Lyngen","2012",3028
"1942",1938,"Lyngen","2013",3013
"1943",1938,"Lyngen","2014",2992
"1944",1938,"Lyngen","2015",2922
"1945",1938,"Lyngen","2016",2861
"1946",1938,"Lyngen","2017",2876
"1947",1938,"Lyngen","2018",2877
"1948",1939,"Storfjord","1986",1917
"1949",1939,"Storfjord","1987",1850
"1950",1939,"Storfjord","1988",1855
"1951",1939,"Storfjord","1989",1850
"1952",1939,"Storfjord","1990",1836
"1953",1939,"Storfjord","1991",1889
"1954",1939,"Storfjord","1992",1879
"1955",1939,"Storfjord","1993",1905
"1956",1939,"Storfjord","1994",1918
"1957",1939,"Storfjord","1995",1939
"1958",1939,"Storfjord","1996",1918
"1959",1939,"Storfjord","1997",1912
"1960",1939,"Storfjord","1998",1866
"1961",1939,"Storfjord","1999",1863
"1962",1939,"Storfjord","2000",1872
"1963",1939,"Storfjord","2001",1856
"1964",1939,"Storfjord","2002",1860
"1965",1939,"Storfjord","2003",1879
"1966",1939,"Storfjord","2004",1912
"1967",1939,"Storfjord","2005",1934
"1968",1939,"Storfjord","2006",1932
"1969",1939,"Storfjord","2007",1911
"1970",1939,"Storfjord","2008",1893
"1971",1939,"Storfjord","2009",1869
"1972",1939,"Storfjord","2010",1888
"1973",1939,"Storfjord","2011",1894
"1974",1939,"Storfjord","2012",1909
"1975",1939,"Storfjord","2013",1942
"1976",1939,"Storfjord","2014",1941
"1977",1939,"Storfjord","2015",1898
"1978",1939,"Storfjord","2016",1865
"1979",1939,"Storfjord","2017",1890
"1980",1939,"Storfjord","2018",1856
"1981",1940,"Kafjord","1986",2944
"1982",1940,"Kafjord","1987",2904
"1983",1940,"Kafjord","1988",2867
"1984",1940,"Kafjord","1989",2832
"1985",1940,"Kafjord","1990",2819
"1986",1940,"Kafjord","1991",2759
"1987",1940,"Kafjord","1992",2773
"1988",1940,"Kafjord","1993",2746
"1989",1940,"Kafjord","1994",2708
"1990",1940,"Kafjord","1995",2677
"1991",1940,"Kafjord","1996",2623
"1992",1940,"Kafjord","1997",2536
"1993",1940,"Kafjord","1998",2484
"1994",1940,"Kafjord","1999",2429
"1995",1940,"Kafjord","2000",2369
"1996",1940,"Kafjord","2001",2311
"1997",1940,"Kafjord","2002",2344
"1998",1940,"Kafjord","2003",2359
"1999",1940,"Kafjord","2004",2332
"2000",1940,"Kafjord","2005",2288
"2001",1940,"Kafjord","2006",2261
"2002",1940,"Kafjord","2007",2220
"2003",1940,"Kafjord","2008",2248
"2004",1940,"Kafjord","2009",2236
"2005",1940,"Kafjord","2010",2207
"2006",1940,"Kafjord","2011",2185
"2007",1940,"Kafjord","2012",2210
"2008",1940,"Kafjord","2013",2208
"2009",1940,"Kafjord","2014",2221
"2010",1940,"Kafjord","2015",2182
"2011",1940,"Kafjord","2016",2150
"2012",1940,"Kafjord","2017",2132
"2013",1940,"Kafjord","2018",2132
"2014",1941,"Skjervoy","1986",3320
"2015",1941,"Skjervoy","1987",3197
"2016",1941,"Skjervoy","1988",3134
"2017",1941,"Skjervoy","1989",3116
"2018",1941,"Skjervoy","1990",3082
"2019",1941,"Skjervoy","1991",3031
"2020",1941,"Skjervoy","1992",3055
"2021",1941,"Skjervoy","1993",3087
"2022",1941,"Skjervoy","1994",3046
"2023",1941,"Skjervoy","1995",3081
"2024",1941,"Skjervoy","1996",3079
"2025",1941,"Skjervoy","1997",3030
"2026",1941,"Skjervoy","1998",2973
"2027",1941,"Skjervoy","1999",2914
"2028",1941,"Skjervoy","2000",2934
"2029",1941,"Skjervoy","2001",2996
"2030",1941,"Skjervoy","2002",3014
"2031",1941,"Skjervoy","2003",3021
"2032",1941,"Skjervoy","2004",3002
"2033",1941,"Skjervoy","2005",3003
"2034",1941,"Skjervoy","2006",2971
"2035",1941,"Skjervoy","2007",2966
"2036",1941,"Skjervoy","2008",2934
"2037",1941,"Skjervoy","2009",2897
"2038",1941,"Skjervoy","2010",2881
"2039",1941,"Skjervoy","2011",2885
"2040",1941,"Skjervoy","2012",2880
"2041",1941,"Skjervoy","2013",2905
"2042",1941,"Skjervoy","2014",2881
"2043",1941,"Skjervoy","2015",2895
"2044",1941,"Skjervoy","2016",2920
"2045",1941,"Skjervoy","2017",2912
"2046",1941,"Skjervoy","2018",2925
"2047",1942,"Nordreisa","1986",4768
"2048",1942,"Nordreisa","1987",4703
"2049",1942,"Nordreisa","1988",4698
"2050",1942,"Nordreisa","1989",4682
"2051",1942,"Nordreisa","1990",4697
"2052",1942,"Nordreisa","1991",4753
"2053",1942,"Nordreisa","1992",4788
"2054",1942,"Nordreisa","1993",4833
"2055",1942,"Nordreisa","1994",4864
"2056",1942,"Nordreisa","1995",4905
"2057",1942,"Nordreisa","1996",4914
"2058",1942,"Nordreisa","1997",4855
"2059",1942,"Nordreisa","1998",4816
"2060",1942,"Nordreisa","1999",4765
"2061",1942,"Nordreisa","2000",4821
"2062",1942,"Nordreisa","2001",4816
"2063",1942,"Nordreisa","2002",4739
"2064",1942,"Nordreisa","2003",4726
"2065",1942,"Nordreisa","2004",4710
"2066",1942,"Nordreisa","2005",4744
"2067",1942,"Nordreisa","2006",4772
"2068",1942,"Nordreisa","2007",4699
"2069",1942,"Nordreisa","2008",4665
"2070",1942,"Nordreisa","2009",4694
"2071",1942,"Nordreisa","2010",4757
"2072",1942,"Nordreisa","2011",4805
"2073",1942,"Nordreisa","2012",4807
"2074",1942,"Nordreisa","2013",4850
"2075",1942,"Nordreisa","2014",4854
"2076",1942,"Nordreisa","2015",4882
"2077",1942,"Nordreisa","2016",4895
"2078",1942,"Nordreisa","2017",4919
"2079",1942,"Nordreisa","2018",4944
"2080",1943,"Kvaenangen","1986",1691
"2081",1943,"Kvaenangen","1987",1697
"2082",1943,"Kvaenangen","1988",1628
"2083",1943,"Kvaenangen","1989",1610
"2084",1943,"Kvaenangen","1990",1615
"2085",1943,"Kvaenangen","1991",1638
"2086",1943,"Kvaenangen","1992",1640
"2087",1943,"Kvaenangen","1993",1638
"2088",1943,"Kvaenangen","1994",1606
"2089",1943,"Kvaenangen","1995",1602
"2090",1943,"Kvaenangen","1996",1589
"2091",1943,"Kvaenangen","1997",1550
"2092",1943,"Kvaenangen","1998",1516
"2093",1943,"Kvaenangen","1999",1458
"2094",1943,"Kvaenangen","2000",1435
"2095",1943,"Kvaenangen","2001",1427
"2096",1943,"Kvaenangen","2002",1442
"2097",1943,"Kvaenangen","2003",1418
"2098",1943,"Kvaenangen","2004",1394
"2099",1943,"Kvaenangen","2005",1401
"2100",1943,"Kvaenangen","2006",1387
"2101",1943,"Kvaenangen","2007",1351
"2102",1943,"Kvaenangen","2008",1348
"2103",1943,"Kvaenangen","2009",1330
"2104",1943,"Kvaenangen","2010",1316
"2105",1943,"Kvaenangen","2011",1294
"2106",1943,"Kvaenangen","2012",1284
"2107",1943,"Kvaenangen","2013",1245
"2108",1943,"Kvaenangen","2014",1234
"2109",1943,"Kvaenangen","2015",1226
"2110",1943,"Kvaenangen","2016",1231
"2111",1943,"Kvaenangen","2017",1233
"2112",1943,"Kvaenangen","2018",1224
"2113",2002,"Vardo","1986",3243
"2114",2002,"Vardo","1987",3129
"2115",2002,"Vardo","1988",3133
"2116",2002,"Vardo","1989",3027
"2117",2002,"Vardo","1990",3008
"2118",2002,"Vardo","1991",3008
"2119",2002,"Vardo","1992",3004
"2120",2002,"Vardo","1993",3046
"2121",2002,"Vardo","1994",3023
"2122",2002,"Vardo","1995",3010
"2123",2002,"Vardo","1996",3007
"2124",2002,"Vardo","1997",2983
"2125",2002,"Vardo","1998",2913
"2126",2002,"Vardo","1999",2799
"2127",2002,"Vardo","2000",2705
"2128",2002,"Vardo","2001",2694
"2129",2002,"Vardo","2002",2586
"2130",2002,"Vardo","2003",2496
"2131",2002,"Vardo","2004",2396
"2132",2002,"Vardo","2005",2366
"2133",2002,"Vardo","2006",2338
"2134",2002,"Vardo","2007",2286
"2135",2002,"Vardo","2008",2190
"2136",2002,"Vardo","2009",2144
"2137",2002,"Vardo","2010",2124
"2138",2002,"Vardo","2011",2111
"2139",2002,"Vardo","2012",2122
"2140",2002,"Vardo","2013",2128
"2141",2002,"Vardo","2014",2119
"2142",2002,"Vardo","2015",2128
"2143",2002,"Vardo","2016",2137
"2144",2002,"Vardo","2017",2104
"2145",2002,"Vardo","2018",2110
"2146",2003,"Vadso","1986",5958
"2147",2003,"Vadso","1987",5852
"2148",2003,"Vadso","1988",5894
"2149",2003,"Vadso","1989",5947
"2150",2003,"Vadso","1990",5967
"2151",2003,"Vadso","1991",6006
"2152",2003,"Vadso","1992",6055
"2153",2003,"Vadso","1993",6282
"2154",2003,"Vadso","1994",6391
"2155",2003,"Vadso","1995",6415
"2156",2003,"Vadso","1996",6330
"2157",2003,"Vadso","1997",6234
"2158",2003,"Vadso","1998",6164
"2159",2003,"Vadso","1999",6182
"2160",2003,"Vadso","2000",6130
"2161",2003,"Vadso","2001",6167
"2162",2003,"Vadso","2002",6120
"2163",2003,"Vadso","2003",6122
"2164",2003,"Vadso","2004",6186
"2165",2003,"Vadso","2005",6181
"2166",2003,"Vadso","2006",6114
"2167",2003,"Vadso","2007",6124
"2168",2003,"Vadso","2008",6062
"2169",2003,"Vadso","2009",6076
"2170",2003,"Vadso","2010",6101
"2171",2003,"Vadso","2011",6095
"2172",2003,"Vadso","2012",6125
"2173",2003,"Vadso","2013",6163
"2174",2003,"Vadso","2014",6223
"2175",2003,"Vadso","2015",6239
"2176",2003,"Vadso","2016",6160
"2177",2003,"Vadso","2017",6154
"2178",2003,"Vadso","2018",6033
"2179",2004,"Hammerfest","1986",9406
"2180",2004,"Hammerfest","1987",9290
"2181",2004,"Hammerfest","1988",9218
"2182",2004,"Hammerfest","1989",9249
"2183",2004,"Hammerfest","1990",9240
"2184",2004,"Hammerfest","1991",9250
"2185",2004,"Hammerfest","1992",9397
"2186",2004,"Hammerfest","1993",9460
"2187",2004,"Hammerfest","1994",9540
"2188",2004,"Hammerfest","1995",9553
"2189",2004,"Hammerfest","1996",9505
"2190",2004,"Hammerfest","1997",9360
"2191",2004,"Hammerfest","1998",9216
"2192",2004,"Hammerfest","1999",9151
"2193",2004,"Hammerfest","2000",9213
"2194",2004,"Hammerfest","2001",9166
"2195",2004,"Hammerfest","2002",9020
"2196",2004,"Hammerfest","2003",9076
"2197",2004,"Hammerfest","2004",9157
"2198",2004,"Hammerfest","2005",9261
"2199",2004,"Hammerfest","2006",9361
"2200",2004,"Hammerfest","2007",9391
"2201",2004,"Hammerfest","2008",9407
"2202",2004,"Hammerfest","2009",9493
"2203",2004,"Hammerfest","2010",9724
"2204",2004,"Hammerfest","2011",9912
"2205",2004,"Hammerfest","2012",9934
"2206",2004,"Hammerfest","2013",10072
"2207",2004,"Hammerfest","2014",10287
"2208",2004,"Hammerfest","2015",10417
"2209",2004,"Hammerfest","2016",10455
"2210",2004,"Hammerfest","2017",10527
"2211",2004,"Hammerfest","2018",10533
"2212",2012,"Alta","1986",14000
"2213",2012,"Alta","1987",14122
"2214",2012,"Alta","1988",14367
"2215",2012,"Alta","1989",14589
"2216",2012,"Alta","1990",14857
"2217",2012,"Alta","1991",15223
"2218",2012,"Alta","1992",15492
"2219",2012,"Alta","1993",15838
"2220",2012,"Alta","1994",16085
"2221",2012,"Alta","1995",16338
"2222",2012,"Alta","1996",16426
"2223",2012,"Alta","1997",16417
"2224",2012,"Alta","1998",16537
"2225",2012,"Alta","1999",16526
"2226",2012,"Alta","2000",16837
"2227",2012,"Alta","2001",17079
"2228",2012,"Alta","2002",17159
"2229",2012,"Alta","2003",17359
"2230",2012,"Alta","2004",17440
"2231",2012,"Alta","2005",17628
"2232",2012,"Alta","2006",17889
"2233",2012,"Alta","2007",18090
"2234",2012,"Alta","2008",18272
"2235",2012,"Alta","2009",18488
"2236",2012,"Alta","2010",18680
"2237",2012,"Alta","2011",19071
"2238",2012,"Alta","2012",19282
"2239",2012,"Alta","2013",19646
"2240",2012,"Alta","2014",19822
"2241",2012,"Alta","2015",19898
"2242",2012,"Alta","2016",20097
"2243",2012,"Alta","2017",20446
"2244",2012,"Alta","2018",20635
"2245",2014,"Loppa","1986",1922
"2246",2014,"Loppa","1987",1866
"2247",2014,"Loppa","1988",1769
"2248",2014,"Loppa","1989",1703
"2249",2014,"Loppa","1990",1687
"2250",2014,"Loppa","1991",1655
"2251",2014,"Loppa","1992",1629
"2252",2014,"Loppa","1993",1599
"2253",2014,"Loppa","1994",1549
"2254",2014,"Loppa","1995",1552
"2255",2014,"Loppa","1996",1517
"2256",2014,"Loppa","1997",1486
"2257",2014,"Loppa","1998",1448
"2258",2014,"Loppa","1999",1443
"2259",2014,"Loppa","2000",1426
"2260",2014,"Loppa","2001",1421
"2261",2014,"Loppa","2002",1398
"2262",2014,"Loppa","2003",1329
"2263",2014,"Loppa","2004",1294
"2264",2014,"Loppa","2005",1266
"2265",2014,"Loppa","2006",1213
"2266",2014,"Loppa","2007",1150
"2267",2014,"Loppa","2008",1106
"2268",2014,"Loppa","2009",1087
"2269",2014,"Loppa","2010",1087
"2270",2014,"Loppa","2011",1078
"2271",2014,"Loppa","2012",1087
"2272",2014,"Loppa","2013",1070
"2273",2014,"Loppa","2014",1027
"2274",2014,"Loppa","2015",989
"2275",2014,"Loppa","2016",951
"2276",2014,"Loppa","2017",968
"2277",2014,"Loppa","2018",941
"2278",2015,"Hasvik","1986",1537
"2279",2015,"Hasvik","1987",1459
"2280",2015,"Hasvik","1988",1412
"2281",2015,"Hasvik","1989",1375
"2282",2015,"Hasvik","1990",1337
"2283",2015,"Hasvik","1991",1361
"2284",2015,"Hasvik","1992",1426
"2285",2015,"Hasvik","1993",1403
"2286",2015,"Hasvik","1994",1351
"2287",2015,"Hasvik","1995",1334
"2288",2015,"Hasvik","1996",1316
"2289",2015,"Hasvik","1997",1265
"2290",2015,"Hasvik","1998",1245
"2291",2015,"Hasvik","1999",1237
"2292",2015,"Hasvik","2000",1200
"2293",2015,"Hasvik","2001",1204
"2294",2015,"Hasvik","2002",1184
"2295",2015,"Hasvik","2003",1107
"2296",2015,"Hasvik","2004",1095
"2297",2015,"Hasvik","2005",1049
"2298",2015,"Hasvik","2006",1033
"2299",2015,"Hasvik","2007",1005
"2300",2015,"Hasvik","2008",998
"2301",2015,"Hasvik","2009",970
"2302",2015,"Hasvik","2010",934
"2303",2015,"Hasvik","2011",972
"2304",2015,"Hasvik","2012",995
"2305",2015,"Hasvik","2013",1023
"2306",2015,"Hasvik","2014",1037
"2307",2015,"Hasvik","2015",1041
"2308",2015,"Hasvik","2016",1054
"2309",2015,"Hasvik","2017",1037
"2310",2015,"Hasvik","2018",1022
"2311",2017,"Kvalsund","1986",1505
"2312",2017,"Kvalsund","1987",1491
"2313",2017,"Kvalsund","1988",1439
"2314",2017,"Kvalsund","1989",1397
"2315",2017,"Kvalsund","1990",1394
"2316",2017,"Kvalsund","1991",1360
"2317",2017,"Kvalsund","1992",1327
"2318",2017,"Kvalsund","1993",1287
"2319",2017,"Kvalsund","1994",1282
"2320",2017,"Kvalsund","1995",1266
"2321",2017,"Kvalsund","1996",1237
"2322",2017,"Kvalsund","1997",1192
"2323",2017,"Kvalsund","1998",1148
"2324",2017,"Kvalsund","1999",1088
"2325",2017,"Kvalsund","2000",1106
"2326",2017,"Kvalsund","2001",1110
"2327",2017,"Kvalsund","2002",1091
"2328",2017,"Kvalsund","2003",1097
"2329",2017,"Kvalsund","2004",1093
"2330",2017,"Kvalsund","2005",1080
"2331",2017,"Kvalsund","2006",1070
"2332",2017,"Kvalsund","2007",1092
"2333",2017,"Kvalsund","2008",1101
"2334",2017,"Kvalsund","2009",1044
"2335",2017,"Kvalsund","2010",1026
"2336",2017,"Kvalsund","2011",998
"2337",2017,"Kvalsund","2012",1010
"2338",2017,"Kvalsund","2013",1036
"2339",2017,"Kvalsund","2014",1051
"2340",2017,"Kvalsund","2015",1049
"2341",2017,"Kvalsund","2016",1035
"2342",2017,"Kvalsund","2017",1027
"2343",2017,"Kvalsund","2018",1027
"2344",2018,"Masoy","1986",2018
"2345",2018,"Masoy","1987",1968
"2346",2018,"Masoy","1988",1897
"2347",2018,"Masoy","1989",1859
"2348",2018,"Masoy","1990",1839
"2349",2018,"Masoy","1991",1819
"2350",2018,"Masoy","1992",1816
"2351",2018,"Masoy","1993",1806
"2352",2018,"Masoy","1994",1778
"2353",2018,"Masoy","1995",1720
"2354",2018,"Masoy","1996",1661
"2355",2018,"Masoy","1997",1611
"2356",2018,"Masoy","1998",1541
"2357",2018,"Masoy","1999",1497
"2358",2018,"Masoy","2000",1477
"2359",2018,"Masoy","2001",1469
"2360",2018,"Masoy","2002",1433
"2361",2018,"Masoy","2003",1425
"2362",2018,"Masoy","2004",1399
"2363",2018,"Masoy","2005",1393
"2364",2018,"Masoy","2006",1376
"2365",2018,"Masoy","2007",1319
"2366",2018,"Masoy","2008",1333
"2367",2018,"Masoy","2009",1309
"2368",2018,"Masoy","2010",1267
"2369",2018,"Masoy","2011",1228
"2370",2018,"Masoy","2012",1243
"2371",2018,"Masoy","2013",1240
"2372",2018,"Masoy","2014",1241
"2373",2018,"Masoy","2015",1241
"2374",2018,"Masoy","2016",1215
"2375",2018,"Masoy","2017",1204
"2376",2018,"Masoy","2018",1231
"2377",2019,"Nordkapp","1986",4393
"2378",2019,"Nordkapp","1987",4214
"2379",2019,"Nordkapp","1988",4127
"2380",2019,"Nordkapp","1989",4061
"2381",2019,"Nordkapp","1990",3975
"2382",2019,"Nordkapp","1991",3986
"2383",2019,"Nordkapp","1992",3994
"2384",2019,"Nordkapp","1993",3962
"2385",2019,"Nordkapp","1994",3970
"2386",2019,"Nordkapp","1995",3914
"2387",2019,"Nordkapp","1996",3852
"2388",2019,"Nordkapp","1997",3771
"2389",2019,"Nordkapp","1998",3606
"2390",2019,"Nordkapp","1999",3554
"2391",2019,"Nordkapp","2000",3517
"2392",2019,"Nordkapp","2001",3505
"2393",2019,"Nordkapp","2002",3513
"2394",2019,"Nordkapp","2003",3497
"2395",2019,"Nordkapp","2004",3468
"2396",2019,"Nordkapp","2005",3415
"2397",2019,"Nordkapp","2006",3330
"2398",2019,"Nordkapp","2007",3274
"2399",2019,"Nordkapp","2008",3219
"2400",2019,"Nordkapp","2009",3180
"2401",2019,"Nordkapp","2010",3185
"2402",2019,"Nordkapp","2011",3224
"2403",2019,"Nordkapp","2012",3228
"2404",2019,"Nordkapp","2013",3205
"2405",2019,"Nordkapp","2014",3213
"2406",2019,"Nordkapp","2015",3278
"2407",2019,"Nordkapp","2016",3276
"2408",2019,"Nordkapp","2017",3291
"2409",2019,"Nordkapp","2018",3239
"2410",2020,"Porsanger","1986",4389
"2411",2020,"Porsanger","1987",4404
"2412",2020,"Porsanger","1988",4386
"2413",2020,"Porsanger","1989",4443
"2414",2020,"Porsanger","1990",4475
"2415",2020,"Porsanger","1991",4514
"2416",2020,"Porsanger","1992",4511
"2417",2020,"Porsanger","1993",4535
"2418",2020,"Porsanger","1994",4493
"2419",2020,"Porsanger","1995",4461
"2420",2020,"Porsanger","1996",4461
"2421",2020,"Porsanger","1997",4471
"2422",2020,"Porsanger","1998",4422
"2423",2020,"Porsanger","1999",4397
"2424",2020,"Porsanger","2000",4451
"2425",2020,"Porsanger","2001",4358
"2426",2020,"Porsanger","2002",4349
"2427",2020,"Porsanger","2003",4294
"2428",2020,"Porsanger","2004",4329
"2429",2020,"Porsanger","2005",4299
"2430",2020,"Porsanger","2006",4222
"2431",2020,"Porsanger","2007",4141
"2432",2020,"Porsanger","2008",4059
"2433",2020,"Porsanger","2009",4000
"2434",2020,"Porsanger","2010",3991
"2435",2020,"Porsanger","2011",3980
"2436",2020,"Porsanger","2012",3946
"2437",2020,"Porsanger","2013",3968
"2438",2020,"Porsanger","2014",3963
"2439",2020,"Porsanger","2015",3925
"2440",2020,"Porsanger","2016",3978
"2441",2020,"Porsanger","2017",3971
"2442",2020,"Porsanger","2018",3964
"2443",2022,"Lebesby","1986",1811
"2444",2022,"Lebesby","1987",1794
"2445",2022,"Lebesby","1988",1736
"2446",2022,"Lebesby","1989",1761
"2447",2022,"Lebesby","1990",1754
"2448",2022,"Lebesby","1991",1695
"2449",2022,"Lebesby","1992",1652
"2450",2022,"Lebesby","1993",1630
"2451",2022,"Lebesby","1994",1598
"2452",2022,"Lebesby","1995",1578
"2453",2022,"Lebesby","1996",1568
"2454",2022,"Lebesby","1997",1576
"2455",2022,"Lebesby","1998",1538
"2456",2022,"Lebesby","1999",1483
"2457",2022,"Lebesby","2000",1463
"2458",2022,"Lebesby","2001",1524
"2459",2022,"Lebesby","2002",1511
"2460",2022,"Lebesby","2003",1500
"2461",2022,"Lebesby","2004",1473
"2462",2022,"Lebesby","2005",1430
"2463",2022,"Lebesby","2006",1391
"2464",2022,"Lebesby","2007",1357
"2465",2022,"Lebesby","2008",1304
"2466",2022,"Lebesby","2009",1332
"2467",2022,"Lebesby","2010",1342
"2468",2022,"Lebesby","2011",1336
"2469",2022,"Lebesby","2012",1356
"2470",2022,"Lebesby","2013",1339
"2471",2022,"Lebesby","2014",1341
"2472",2022,"Lebesby","2015",1343
"2473",2022,"Lebesby","2016",1318
"2474",2022,"Lebesby","2017",1330
"2475",2022,"Lebesby","2018",1349
"2476",2023,"Gamvik","1986",1523
"2477",2023,"Gamvik","1987",1479
"2478",2023,"Gamvik","1988",1458
"2479",2023,"Gamvik","1989",1450
"2480",2023,"Gamvik","1990",1424
"2481",2023,"Gamvik","1991",1398
"2482",2023,"Gamvik","1992",1388
"2483",2023,"Gamvik","1993",1423
"2484",2023,"Gamvik","1994",1461
"2485",2023,"Gamvik","1995",1455
"2486",2023,"Gamvik","1996",1410
"2487",2023,"Gamvik","1997",1326
"2488",2023,"Gamvik","1998",1337
"2489",2023,"Gamvik","1999",1283
"2490",2023,"Gamvik","2000",1288
"2491",2023,"Gamvik","2001",1269
"2492",2023,"Gamvik","2002",1234
"2493",2023,"Gamvik","2003",1205
"2494",2023,"Gamvik","2004",1134
"2495",2023,"Gamvik","2005",1114
"2496",2023,"Gamvik","2006",1076
"2497",2023,"Gamvik","2007",1046
"2498",2023,"Gamvik","2008",1040
"2499",2023,"Gamvik","2009",1025
"2500",2023,"Gamvik","2010",1009
"2501",2023,"Gamvik","2011",991
"2502",2023,"Gamvik","2012",1008
"2503",2023,"Gamvik","2013",1063
"2504",2023,"Gamvik","2014",1098
"2505",2023,"Gamvik","2015",1116
"2506",2023,"Gamvik","2016",1139
"2507",2023,"Gamvik","2017",1137
"2508",2023,"Gamvik","2018",1153
"2509",2024,"Berlevag","1986",1533
"2510",2024,"Berlevag","1987",1469
"2511",2024,"Berlevag","1988",1412
"2512",2024,"Berlevag","1989",1374
"2513",2024,"Berlevag","1990",1367
"2514",2024,"Berlevag","1991",1340
"2515",2024,"Berlevag","1992",1344
"2516",2024,"Berlevag","1993",1320
"2517",2024,"Berlevag","1994",1292
"2518",2024,"Berlevag","1995",1324
"2519",2024,"Berlevag","1996",1332
"2520",2024,"Berlevag","1997",1264
"2521",2024,"Berlevag","1998",1261
"2522",2024,"Berlevag","1999",1252
"2523",2024,"Berlevag","2000",1236
"2524",2024,"Berlevag","2001",1212
"2525",2024,"Berlevag","2002",1210
"2526",2024,"Berlevag","2003",1193
"2527",2024,"Berlevag","2004",1158
"2528",2024,"Berlevag","2005",1133
"2529",2024,"Berlevag","2006",1104
"2530",2024,"Berlevag","2007",1086
"2531",2024,"Berlevag","2008",1077
"2532",2024,"Berlevag","2009",1061
"2533",2024,"Berlevag","2010",1044
"2534",2024,"Berlevag","2011",1031
"2535",2024,"Berlevag","2012",1015
"2536",2024,"Berlevag","2013",1025
"2537",2024,"Berlevag","2014",1057
"2538",2024,"Berlevag","2015",1020
"2539",2024,"Berlevag","2016",1000
"2540",2024,"Berlevag","2017",991
"2541",2024,"Berlevag","2018",983
"2542",2025,"Tana","1986",3309
"2543",2025,"Tana","1987",3289
"2544",2025,"Tana","1988",3215
"2545",2025,"Tana","1989",3201
"2546",2025,"Tana","1990",3195
"2547",2025,"Tana","1991",3232
"2548",2025,"Tana","1992",3268
"2549",2025,"Tana","1993",3299
"2550",2025,"Tana","1994",3274
"2551",2025,"Tana","1995",3272
"2552",2025,"Tana","1996",3198
"2553",2025,"Tana","1997",3142
"2554",2025,"Tana","1998",3137
"2555",2025,"Tana","1999",3056
"2556",2025,"Tana","2000",3074
"2557",2025,"Tana","2001",3044
"2558",2025,"Tana","2002",3039
"2559",2025,"Tana","2003",3068
"2560",2025,"Tana","2004",3004
"2561",2025,"Tana","2005",3037
"2562",2025,"Tana","2006",3006
"2563",2025,"Tana","2007",2979
"2564",2025,"Tana","2008",2954
"2565",2025,"Tana","2009",2951
"2566",2025,"Tana","2010",2912
"2567",2025,"Tana","2011",2897
"2568",2025,"Tana","2012",2896
"2569",2025,"Tana","2013",2900
"2570",2025,"Tana","2014",2883
"2571",2025,"Tana","2015",2909
"2572",2025,"Tana","2016",2922
"2573",2025,"Tana","2017",2911
"2574",2025,"Tana","2018",2922
"2575",2027,"Nesseby","1986",1006
"2576",2027,"Nesseby","1987",999
"2577",2027,"Nesseby","1988",1008
"2578",2027,"Nesseby","1989",1030
"2579",2027,"Nesseby","1990",1037
"2580",2027,"Nesseby","1991",1056
"2581",2027,"Nesseby","1992",1056
"2582",2027,"Nesseby","1993",1059
"2583",2027,"Nesseby","1994",1072
"2584",2027,"Nesseby","1995",1048
"2585",2027,"Nesseby","1996",1058
"2586",2027,"Nesseby","1997",1041
"2587",2027,"Nesseby","1998",1035
"2588",2027,"Nesseby","1999",1021
"2589",2027,"Nesseby","2000",965
"2590",2027,"Nesseby","2001",963
"2591",2027,"Nesseby","2002",966
"2592",2027,"Nesseby","2003",929
"2593",2027,"Nesseby","2004",927
"2594",2027,"Nesseby","2005",901
"2595",2027,"Nesseby","2006",892
"2596",2027,"Nesseby","2007",884
"2597",2027,"Nesseby","2008",856
"2598",2027,"Nesseby","2009",878
"2599",2027,"Nesseby","2010",884
"2600",2027,"Nesseby","2011",893
"2601",2027,"Nesseby","2012",901
"2602",2027,"Nesseby","2013",882
"2603",2027,"Nesseby","2014",919
"2604",2027,"Nesseby","2015",934
"2605",2027,"Nesseby","2016",959
"2606",2027,"Nesseby","2017",951
"2607",2027,"Nesseby","2018",944
"2608",2028,"Batsfjord","1986",2643
"2609",2028,"Batsfjord","1987",2550
"2610",2028,"Batsfjord","1988",2461
"2611",2028,"Batsfjord","1989",2401
"2612",2028,"Batsfjord","1990",2346
"2613",2028,"Batsfjord","1991",2341
"2614",2028,"Batsfjord","1992",2321
"2615",2028,"Batsfjord","1993",2370
"2616",2028,"Batsfjord","1994",2474
"2617",2028,"Batsfjord","1995",2547
"2618",2028,"Batsfjord","1996",2622
"2619",2028,"Batsfjord","1997",2550
"2620",2028,"Batsfjord","1998",2544
"2621",2028,"Batsfjord","1999",2454
"2622",2028,"Batsfjord","2000",2470
"2623",2028,"Batsfjord","2001",2451
"2624",2028,"Batsfjord","2002",2407
"2625",2028,"Batsfjord","2003",2404
"2626",2028,"Batsfjord","2004",2290
"2627",2028,"Batsfjord","2005",2185
"2628",2028,"Batsfjord","2006",2171
"2629",2028,"Batsfjord","2007",2113
"2630",2028,"Batsfjord","2008",2090
"2631",2028,"Batsfjord","2009",2074
"2632",2028,"Batsfjord","2010",2070
"2633",2028,"Batsfjord","2011",2071
"2634",2028,"Batsfjord","2012",2089
"2635",2028,"Batsfjord","2013",2162
"2636",2028,"Batsfjord","2014",2207
"2637",2028,"Batsfjord","2015",2235
"2638",2028,"Batsfjord","2016",2211
"2639",2028,"Batsfjord","2017",2267
"2640",2028,"Batsfjord","2018",2263
"2641",2030,"Sor-Varanger","1986",9853
"2642",2030,"Sor-Varanger","1987",9745
"2643",2030,"Sor-Varanger","1988",9564
"2644",2030,"Sor-Varanger","1989",9579
"2645",2030,"Sor-Varanger","1990",9641
"2646",2030,"Sor-Varanger","1991",9693
"2647",2030,"Sor-Varanger","1992",9758
"2648",2030,"Sor-Varanger","1993",9819
"2649",2030,"Sor-Varanger","1994",9930
"2650",2030,"Sor-Varanger","1995",9913
"2651",2030,"Sor-Varanger","1996",10010
"2652",2030,"Sor-Varanger","1997",9843
"2653",2030,"Sor-Varanger","1998",9790
"2654",2030,"Sor-Varanger","1999",9646
"2655",2030,"Sor-Varanger","2000",9532
"2656",2030,"Sor-Varanger","2001",9498
"2657",2030,"Sor-Varanger","2002",9608
"2658",2030,"Sor-Varanger","2003",9547
"2659",2030,"Sor-Varanger","2004",9500
"2660",2030,"Sor-Varanger","2005",9463
"2661",2030,"Sor-Varanger","2006",9464
"2662",2030,"Sor-Varanger","2007",9490
"2663",2030,"Sor-Varanger","2008",9518
"2664",2030,"Sor-Varanger","2009",9623
"2665",2030,"Sor-Varanger","2010",9738
"2666",2030,"Sor-Varanger","2011",9826
"2667",2030,"Sor-Varanger","2012",9860
"2668",2030,"Sor-Varanger","2013",9968
"2669",2030,"Sor-Varanger","2014",10090
"2670",2030,"Sor-Varanger","2015",10221
"2671",2030,"Sor-Varanger","2016",10227
"2672",2030,"Sor-Varanger","2017",10199
"2673",2030,"Sor-Varanger","2018",10171
