"","Year","Municip_number","Municip_name_new","fihs_score"
"1",1994,1804,"Bodo",99.8884607815738
"2",1994,1805,"Narvik",99.9769671518463
"3",1994,1811,"Bindal",84.8633113484066
"4",1994,1812,"Somna",97.7397790151124
"5",1994,1813,"Bronnoy",96.0892022532472
"6",1994,1815,"Vega",91.7715859871906
"7",1994,1816,"Vevelstad",95.838578851885
"8",1994,1818,"Heroy",92.2730054792843
"9",1994,1820,"Alstahaug",97.2231864957221
"10",1994,1822,"Leirfjord",87.1547132419805
"11",1994,1824,"Vefsn",80.4222379585541
"12",1994,1827,"Donna",91.8826138228541
"13",1994,1828,"Nesna",89.0379872295383
"14",1994,1832,"Hemnes",96.6836339757644
"15",1994,1833,"Rana",72.1698616096924
"16",1994,1834,"Luroy",92.4440160576221
"17",1994,1835,"Traena",94.727545986352
"18",1994,1836,"Rodoy",93.3742079156083
"19",1994,1837,"Meloy",94.4693013702003
"20",1994,1838,"Gildeskal",84.9228169925185
"21",1994,1840,"Saltdal",98.8255588652294
"22",1994,1841,"Fauske",69.7501641453004
"23",1994,1842,"Bodo",89.6686268488139
"24",1994,1845,"Sorfold",84.3338607796551
"25",1994,1848,"Steigen",96.3712965816341
"26",1994,1849,"Hamaroy",100
"27",1994,1850,"Tysfjord",98.8709782079688
"28",1994,1851,"Lodingen",96.6296817658066
"29",1994,1852,"Tjeldsund",100
"30",1994,1853,"Evenes",99.9979239452912
"31",1994,1854,"Ballangen",99.99967827765
"32",1994,1856,"Rost",96.6507647300538
"33",1994,1857,"Vaeroy",97.3048094245377
"34",1994,1859,"Flakstad",97.8868421933456
"35",1994,1860,"Vestvagoy",97.8126511149103
"36",1994,1865,"Vagan",98.8836847180526
"37",1994,1866,"Hadsel",90.034513528246
"38",1994,1867,"Bo",89.6083862185629
"39",1994,1868,"Oksnes",94.3455748323256
"40",1994,1870,"Sortland",99.935349567105
"41",1994,1871,"Andoy",94.7444527571693
"42",1994,1874,"Moskenes",95.9056360029805
"43",1994,1901,"Harstad",83.3501352756348
"44",1994,1902,"Tromso",86.3637943248242
"45",1994,1911,"Kvaefjord",95.6948752370663
"46",1994,1913,"Skanland",100
"47",1994,1915,"Harstad",78.041208492046
"48",1994,1917,"Ibestad",100
"49",1994,1919,"Gratangen",87.4888073592372
"50",1994,1920,"Lavangen",8.16691176470588
"51",1994,1924,"Malselv",100
"52",1994,1926,"Dyroy",92.8487413549349
"53",1994,1927,"Tranoy",95.9097857077687
"54",1994,1928,"Torsken",95.4023958736938
"55",1994,1929,"Berg",97.2147318468273
"56",1994,1931,"Lenvik",94.7979843714671
"57",1994,1933,"Balsfjord",100
"58",1994,1936,"Karlsoy",98.6307963035614
"59",1994,1938,"Lyngen",91.0149625064275
"60",1994,1939,"Storfjord",100
"61",1994,1940,"Kafjord",89.0771770275587
"62",1994,1941,"Skjervoy",96.0886841071006
"63",1994,1942,"Nordreisa",96.0505965916048
"64",1994,1943,"Kvaenangen",87.9069434632717
"65",1994,2002,"Vardo",99.1323088143745
"66",1994,2003,"Vadso",73.1157119916592
"67",1994,2004,"Hammerfest",92.8700353114726
"68",1994,2012,"Alta",99.6765773370765
"69",1994,2014,"Loppa",97.1755494116224
"70",1994,2015,"Hasvik",90.6508049482157
"71",1994,2017,"Kvalsund",98.3474610280874
"72",1994,2018,"Masoy",96.6176025591225
"73",1994,2019,"Nordkapp",96.0364472107186
"74",1994,2020,"Porsanger",99.7472314117045
"75",1994,2022,"Lebesby",97.7760048902962
"76",1994,2023,"Gamvik",99.2804490266387
"77",1994,2024,"Berlevag",95.7897021389565
"78",1994,2025,"Tana",55.337912364609
"79",1994,2027,"Nesseby",100
"80",1994,2028,"Batsfjord",96.8372682617299
"81",1994,2030,"Sor-Varanger",99.4906850680825
"82",1995,1804,"Bodo",99.9042204678092
"83",1995,1805,"Narvik",98.9231846100433
"84",1995,1811,"Bindal",94.9736581979847
"85",1995,1812,"Somna",96.6121163459904
"86",1995,1813,"Bronnoy",93.1590251897616
"87",1995,1815,"Vega",93.9889852641937
"88",1995,1816,"Vevelstad",98.1762627877238
"89",1995,1818,"Heroy",91.2381201212624
"90",1995,1820,"Alstahaug",97.9625732233111
"91",1995,1822,"Leirfjord",97.927154821756
"92",1995,1824,"Vefsn",78.1006276809551
"93",1995,1827,"Donna",93.2407873198908
"94",1995,1828,"Nesna",90.9334968052309
"95",1995,1832,"Hemnes",98.1993579788644
"96",1995,1833,"Rana",73.259453125
"97",1995,1834,"Luroy",91.1076050299179
"98",1995,1835,"Traena",96.8228898247198
"99",1995,1836,"Rodoy",87.7351438733844
"100",1995,1837,"Meloy",93.3513966876742
"101",1995,1838,"Gildeskal",76.8326751322725
"102",1995,1840,"Saltdal",97.7513617564164
"103",1995,1841,"Fauske",81.536353955879
"104",1995,1842,"Bodo",92.363774945229
"105",1995,1845,"Sorfold",94.8780400854353
"106",1995,1848,"Steigen",97.0622557860451
"107",1995,1849,"Hamaroy",100
"108",1995,1850,"Tysfjord",99.1062735946597
"109",1995,1851,"Lodingen",96.3973510157478
"110",1995,1852,"Tjeldsund",99.9939961488799
"111",1995,1853,"Evenes",99.7268358217831
"112",1995,1854,"Ballangen",100
"113",1995,1856,"Rost",95.8319358898853
"114",1995,1857,"Vaeroy",98.4656656720321
"115",1995,1859,"Flakstad",97.3938437896057
"116",1995,1860,"Vestvagoy",96.2122046788371
"117",1995,1865,"Vagan",98.7276420445446
"118",1995,1866,"Hadsel",86.2340244536064
"119",1995,1867,"Bo",95.8468560142243
"120",1995,1868,"Oksnes",96.8523454979469
"121",1995,1870,"Sortland",99.9982243846999
"122",1995,1871,"Andoy",96.7937502688282
"123",1995,1874,"Moskenes",94.6476228742513
"124",1995,1901,"Harstad",90.546414428495
"125",1995,1902,"Tromso",97.1840267374914
"126",1995,1911,"Kvaefjord",95.6683746343907
"127",1995,1915,"Harstad",90.546414428495
"128",1995,1919,"Gratangen",95.8866603648596
"129",1995,1924,"Malselv",100
"130",1995,1926,"Dyroy",95.6576873053041
"131",1995,1927,"Tranoy",88.2814531626371
"132",1995,1928,"Torsken",97.321831705323
"133",1995,1929,"Berg",98.5899493286323
"134",1995,1931,"Lenvik",94.7912212441461
"135",1995,1936,"Karlsoy",96.9069737799961
"136",1995,1938,"Lyngen",97.6387349839098
"137",1995,1939,"Storfjord",100
"138",1995,1940,"Kafjord",96.6516190767471
"139",1995,1941,"Skjervoy",97.4790225978551
"140",1995,1942,"Nordreisa",93.0642387213683
"141",1995,1943,"Kvaenangen",89.6821609830995
"142",1995,2002,"Vardo",99.0404364103257
"143",1995,2003,"Vadso",90.3162498812732
"144",1995,2004,"Hammerfest",98.0786898399779
"145",1995,2012,"Alta",98.7661876807615
"146",1995,2014,"Loppa",93.7561358001911
"147",1995,2015,"Hasvik",95.8978307308115
"148",1995,2017,"Kvalsund",98.3252600477509
"149",1995,2018,"Masoy",97.5175012209103
"150",1995,2019,"Nordkapp",97.1835841900993
"151",1995,2020,"Porsanger",99.1004532719001
"152",1995,2022,"Lebesby",98.5554558190749
"153",1995,2023,"Gamvik",99.2411910522723
"154",1995,2024,"Berlevag",98.2993279698193
"155",1995,2025,"Tana",99.9951391570193
"156",1995,2027,"Nesseby",90.4864842328684
"157",1995,2028,"Batsfjord",97.4661387500824
"158",1995,2030,"Sor-Varanger",99.1551417410463
"159",1996,1804,"Bodo",100
"160",1996,1805,"Narvik",100
"161",1996,1811,"Bindal",100
"162",1996,1812,"Somna",100
"163",1996,1813,"Bronnoy",100
"164",1996,1815,"Vega",100
"165",1996,1816,"Vevelstad",100
"166",1996,1818,"Heroy",100
"167",1996,1820,"Alstahaug",100
"168",1996,1822,"Leirfjord",100
"169",1996,1827,"Donna",100
"170",1996,1828,"Nesna",100
"171",1996,1832,"Hemnes",100
"172",1996,1833,"Rana",100
"173",1996,1834,"Luroy",100
"174",1996,1835,"Traena",100
"175",1996,1836,"Rodoy",100
"176",1996,1837,"Meloy",100
"177",1996,1838,"Gildeskal",100
"178",1996,1840,"Saltdal",100
"179",1996,1841,"Fauske",100
"180",1996,1842,"Bodo",100
"181",1996,1845,"Sorfold",100
"182",1996,1848,"Steigen",100
"183",1996,1849,"Hamaroy",100
"184",1996,1850,"Tysfjord",100
"185",1996,1851,"Lodingen",100
"186",1996,1852,"Tjeldsund",100
"187",1996,1853,"Evenes",100
"188",1996,1854,"Ballangen",100
"189",1996,1856,"Rost",100
"190",1996,1857,"Vaeroy",100
"191",1996,1859,"Flakstad",100
"192",1996,1860,"Vestvagoy",100
"193",1996,1865,"Vagan",100
"194",1996,1866,"Hadsel",100
"195",1996,1867,"Bo",100
"196",1996,1868,"Oksnes",100
"197",1996,1870,"Sortland",100
"198",1996,1871,"Andoy",100
"199",1996,1874,"Moskenes",100
"200",1996,1901,"Harstad",100
"201",1996,1902,"Tromso",100
"202",1996,1911,"Kvaefjord",100
"203",1996,1915,"Harstad",100
"204",1996,1917,"Ibestad",100
"205",1996,1919,"Gratangen",100
"206",1996,1920,"Lavangen",100
"207",1996,1924,"Malselv",100
"208",1996,1925,"Sorreisa",100
"209",1996,1926,"Dyroy",100
"210",1996,1927,"Tranoy",100
"211",1996,1928,"Torsken",100
"212",1996,1929,"Berg",100
"213",1996,1931,"Lenvik",100
"214",1996,1933,"Balsfjord",100
"215",1996,1936,"Karlsoy",100
"216",1996,1938,"Lyngen",100
"217",1996,1939,"Storfjord",100
"218",1996,1940,"Kafjord",100
"219",1996,1941,"Skjervoy",100
"220",1996,1942,"Nordreisa",100
"221",1996,1943,"Kvaenangen",100
"222",1996,2002,"Vardo",100
"223",1996,2003,"Vadso",100
"224",1996,2004,"Hammerfest",100
"225",1996,2012,"Alta",100
"226",1996,2014,"Loppa",100
"227",1996,2015,"Hasvik",100
"228",1996,2017,"Kvalsund",100
"229",1996,2018,"Masoy",100
"230",1996,2019,"Nordkapp",100
"231",1996,2020,"Porsanger",100
"232",1996,2022,"Lebesby",100
"233",1996,2023,"Gamvik",100
"234",1996,2024,"Berlevag",100
"235",1996,2025,"Tana",100
"236",1996,2028,"Batsfjord",100
"237",1996,2030,"Sor-Varanger",100
"238",1997,1804,"Bodo",100
"239",1997,1805,"Narvik",100
"240",1997,1811,"Bindal",100
"241",1997,1812,"Somna",100
"242",1997,1813,"Bronnoy",100
"243",1997,1815,"Vega",100
"244",1997,1816,"Vevelstad",100
"245",1997,1818,"Heroy",100
"246",1997,1820,"Alstahaug",100
"247",1997,1822,"Leirfjord",100
"248",1997,1827,"Donna",100
"249",1997,1828,"Nesna",100
"250",1997,1832,"Hemnes",100
"251",1997,1833,"Rana",100
"252",1997,1834,"Luroy",100
"253",1997,1835,"Traena",100
"254",1997,1836,"Rodoy",100
"255",1997,1837,"Meloy",100
"256",1997,1838,"Gildeskal",100
"257",1997,1840,"Saltdal",100
"258",1997,1841,"Fauske",100
"259",1997,1842,"Bodo",100
"260",1997,1845,"Sorfold",100
"261",1997,1848,"Steigen",100
"262",1997,1849,"Hamaroy",100
"263",1997,1850,"Tysfjord",100
"264",1997,1851,"Lodingen",100
"265",1997,1852,"Tjeldsund",100
"266",1997,1853,"Evenes",100
"267",1997,1854,"Ballangen",100
"268",1997,1856,"Rost",100
"269",1997,1857,"Vaeroy",100
"270",1997,1859,"Flakstad",100
"271",1997,1860,"Vestvagoy",100
"272",1997,1865,"Vagan",100
"273",1997,1866,"Hadsel",100
"274",1997,1867,"Bo",100
"275",1997,1868,"Oksnes",100
"276",1997,1870,"Sortland",100
"277",1997,1871,"Andoy",100
"278",1997,1874,"Moskenes",100
"279",1997,1901,"Harstad",100
"280",1997,1902,"Tromso",100
"281",1997,1911,"Kvaefjord",100
"282",1997,1915,"Harstad",100
"283",1997,1919,"Gratangen",100
"284",1997,1920,"Lavangen",100
"285",1997,1924,"Malselv",100
"286",1997,1925,"Sorreisa",100
"287",1997,1926,"Dyroy",100
"288",1997,1927,"Tranoy",100
"289",1997,1928,"Torsken",100
"290",1997,1929,"Berg",100
"291",1997,1931,"Lenvik",100
"292",1997,1933,"Balsfjord",100
"293",1997,1936,"Karlsoy",100
"294",1997,1938,"Lyngen",100
"295",1997,1939,"Storfjord",100
"296",1997,1940,"Kafjord",100
"297",1997,1941,"Skjervoy",100
"298",1997,1942,"Nordreisa",100
"299",1997,1943,"Kvaenangen",100
"300",1997,2002,"Vardo",100
"301",1997,2003,"Vadso",100
"302",1997,2004,"Hammerfest",100
"303",1997,2012,"Alta",100
"304",1997,2014,"Loppa",100
"305",1997,2015,"Hasvik",100
"306",1997,2017,"Kvalsund",100
"307",1997,2018,"Masoy",100
"308",1997,2019,"Nordkapp",100
"309",1997,2020,"Porsanger",100
"310",1997,2022,"Lebesby",100
"311",1997,2023,"Gamvik",100
"312",1997,2024,"Berlevag",100
"313",1997,2025,"Tana",100
"314",1997,2028,"Batsfjord",100
"315",1997,2030,"Sor-Varanger",100
"316",1998,1804,"Bodo",99.9263910197014
"317",1998,1805,"Narvik",99.9742239842711
"318",1998,1811,"Bindal",76.9744262795841
"319",1998,1812,"Somna",81.4730303030303
"320",1998,1813,"Bronnoy",80.8674550324642
"321",1998,1815,"Vega",83.4733550368866
"322",1998,1816,"Vevelstad",83.6776419428947
"323",1998,1818,"Heroy",81.4191066051639
"324",1998,1820,"Alstahaug",98.0568040365267
"325",1998,1822,"Leirfjord",80.3541925941038
"326",1998,1827,"Donna",82.0703371711291
"327",1998,1828,"Nesna",72.6834684892934
"328",1998,1832,"Hemnes",75.4750142097174
"329",1998,1833,"Rana",82.3113440281195
"330",1998,1834,"Luroy",80.581196915887
"331",1998,1835,"Traena",97.7867144565998
"332",1998,1836,"Rodoy",89.1629021903552
"333",1998,1837,"Meloy",83.7552060451704
"334",1998,1838,"Gildeskal",78.8585513514598
"335",1998,1840,"Saltdal",77.113743315508
"336",1998,1841,"Fauske",74.1601284184742
"337",1998,1842,"Bodo",82.1389014662983
"338",1998,1845,"Sorfold",84.0744316912981
"339",1998,1848,"Steigen",93.5688943724234
"340",1998,1849,"Hamaroy",100
"341",1998,1850,"Tysfjord",98.0913161667738
"342",1998,1851,"Lodingen",97.1820317973492
"343",1998,1852,"Tjeldsund",99.9934251507388
"344",1998,1853,"Evenes",100
"345",1998,1854,"Ballangen",100
"346",1998,1856,"Rost",81.0169946451603
"347",1998,1857,"Vaeroy",78.7072896214493
"348",1998,1859,"Flakstad",74.0667105548221
"349",1998,1860,"Vestvagoy",74.4438183289925
"350",1998,1865,"Vagan",84.0667914328926
"351",1998,1866,"Hadsel",79.3238615568543
"352",1998,1867,"Bo",89.1601962740174
"353",1998,1868,"Oksnes",78.0588466749344
"354",1998,1870,"Sortland",99.9973363439821
"355",1998,1871,"Andoy",77.0869566090937
"356",1998,1874,"Moskenes",75.3353916888306
"357",1998,1901,"Harstad",81.6728151904928
"358",1998,1902,"Tromso",95.8586668439194
"359",1998,1911,"Kvaefjord",76.3775194292776
"360",1998,1913,"Skanland",72.2095454545454
"361",1998,1915,"Harstad",81.6728151904928
"362",1998,1919,"Gratangen",83.0810097219445
"363",1998,1920,"Lavangen",72.2095454545454
"364",1998,1924,"Malselv",87.4440717415115
"365",1998,1926,"Dyroy",85.9469529552575
"366",1998,1927,"Tranoy",76.2287702995207
"367",1998,1928,"Torsken",85.8895635447466
"368",1998,1929,"Berg",79.6232821537057
"369",1998,1931,"Lenvik",78.1181344269942
"370",1998,1936,"Karlsoy",79.0471774919491
"371",1998,1938,"Lyngen",83.5052805764639
"372",1998,1939,"Storfjord",72.2095454545454
"373",1998,1940,"Kafjord",74.212213945975
"374",1998,1941,"Skjervoy",79.855886380757
"375",1998,1942,"Nordreisa",78.606390283106
"376",1998,1943,"Kvaenangen",83.4530238388737
"377",1998,2002,"Vardo",78.2873096892539
"378",1998,2003,"Vadso",83.1644303591269
"379",1998,2004,"Hammerfest",77.4318394492055
"380",1998,2012,"Alta",72.6790963793679
"381",1998,2014,"Loppa",78.6756390764871
"382",1998,2015,"Hasvik",80.7734224739321
"383",1998,2017,"Kvalsund",73.7480509183364
"384",1998,2018,"Masoy",76.3565940659417
"385",1998,2019,"Nordkapp",77.7105678647055
"386",1998,2020,"Porsanger",74.0698173311402
"387",1998,2022,"Lebesby",78.6825968622891
"388",1998,2023,"Gamvik",84.7643863502408
"389",1998,2024,"Berlevag",81.9888811290533
"390",1998,2025,"Tana",81.8033601991076
"391",1998,2028,"Batsfjord",81.2669164472316
"392",1998,2030,"Sor-Varanger",80.9315572143611
"393",1999,1804,"Bodo",99.6586655771998
"394",1999,1805,"Narvik",48.3574572251397
"395",1999,1811,"Bindal",40.5157312688415
"396",1999,1813,"Bronnoy",51.5951242467341
"397",1999,1815,"Vega",54.3351874277175
"398",1999,1816,"Vevelstad",48.1387640449438
"399",1999,1818,"Heroy",51.5053581917503
"400",1999,1820,"Alstahaug",49.991563794202
"401",1999,1822,"Leirfjord",35.1459843432879
"402",1999,1827,"Donna",58.1987449304717
"403",1999,1828,"Nesna",30.1497215368347
"404",1999,1832,"Hemnes",40.8817720256471
"405",1999,1833,"Rana",54.3152375508333
"406",1999,1834,"Luroy",87.5125310683447
"407",1999,1835,"Traena",98.1360568817882
"408",1999,1836,"Rodoy",69.1632235787564
"409",1999,1837,"Meloy",53.7799521085351
"410",1999,1838,"Gildeskal",53.7506068225963
"411",1999,1840,"Saltdal",43.9394736842105
"412",1999,1841,"Fauske",37.5544700397465
"413",1999,1842,"Bodo",55.2631145271258
"414",1999,1845,"Sorfold",60.397626720954
"415",1999,1848,"Steigen",70.8924903951551
"416",1999,1850,"Tysfjord",45.0917358527897
"417",1999,1851,"Lodingen",96.9414023868634
"418",1999,1852,"Tjeldsund",52.4081914893617
"419",1999,1853,"Evenes",30.5062277580071
"420",1999,1856,"Rost",61.5459095376934
"421",1999,1857,"Vaeroy",56.64647902937
"422",1999,1859,"Flakstad",37.3962480470342
"423",1999,1860,"Vestvagoy",39.8643312334567
"424",1999,1865,"Vagan",66.6752129392136
"425",1999,1866,"Hadsel",46.5790549455821
"426",1999,1867,"Bo",84.2531412348066
"427",1999,1868,"Oksnes",49.7689424596868
"428",1999,1870,"Sortland",99.9974011045241
"429",1999,1871,"Andoy",47.1334909614617
"430",1999,1874,"Moskenes",45.0083692565636
"431",1999,1901,"Harstad",64.0711269041246
"432",1999,1902,"Tromso",93.2346866777482
"433",1999,1911,"Kvaefjord",39.8998542518145
"434",1999,1915,"Harstad",28.99
"435",1999,1917,"Ibestad",28.99
"436",1999,1927,"Tranoy",42.4589192251485
"437",1999,1928,"Torsken",72.292142801157
"438",1999,1929,"Berg",82.6038879443889
"439",1999,1931,"Lenvik",51.640016836464
"440",1999,1936,"Karlsoy",50.6266213200506
"441",1999,1938,"Lyngen",44.6075184469244
"442",1999,1940,"Kafjord",28.99
"443",1999,1941,"Skjervoy",40.0415884565982
"444",1999,1942,"Nordreisa",44.0182900708581
"445",1999,1943,"Kvaenangen",62.9149498007281
"446",1999,2002,"Vardo",41.819649132822
"447",1999,2003,"Vadso",34.0809849614962
"448",1999,2004,"Hammerfest",43.2444452791887
"449",1999,2012,"Alta",34.3716455911058
"450",1999,2014,"Loppa",40.9479671314369
"451",1999,2015,"Hasvik",39.290417825207
"452",1999,2017,"Kvalsund",32.6399087241232
"453",1999,2018,"Masoy",36.7724933610353
"454",1999,2019,"Nordkapp",38.4523082098664
"455",1999,2020,"Porsanger",32.7088502411521
"456",1999,2022,"Lebesby",38.0114942828021
"457",1999,2023,"Gamvik",42.0599559812828
"458",1999,2024,"Berlevag",46.0546153820762
"459",1999,2025,"Tana",53.2298156772974
"460",1999,2028,"Batsfjord",52.4465683589182
"461",1999,2030,"Sor-Varanger",77.6810009777561
"462",2000,1804,"Bodo",93.0777296595076
"463",2000,1811,"Bindal",22.0709449171799
"464",2000,1813,"Bronnoy",31.4549351788196
"465",2000,1818,"Heroy",41.0012498133918
"466",2000,1827,"Donna",35.9060234490453
"467",2000,1833,"Rana",35.8321257637422
"468",2000,1834,"Luroy",50.8649689270481
"469",2000,1835,"Traena",65.9666017617977
"470",2000,1836,"Rodoy",51.6616952746873
"471",2000,1837,"Meloy",43.9739915719993
"472",2000,1838,"Gildeskal",40.7992613409242
"473",2000,1842,"Bodo",46.4165038331455
"474",2000,1845,"Sorfold",44.7410615604771
"475",2000,1848,"Steigen",35.1197201246256
"476",2000,1850,"Tysfjord",20.0070663209768
"477",2000,1851,"Lodingen",100
"478",2000,1856,"Rost",19.8121854058517
"479",2000,1857,"Vaeroy",24.2022251438157
"480",2000,1859,"Flakstad",24.3218645391149
"481",2000,1860,"Vestvagoy",26.5616593945004
"482",2000,1865,"Vagan",25.7445880100298
"483",2000,1866,"Hadsel",34.8584527417584
"484",2000,1867,"Bo",53.0884025454654
"485",2000,1868,"Oksnes",33.3284133006435
"486",2000,1870,"Sortland",97.784635588843
"487",2000,1871,"Andoy",33.2999874045421
"488",2000,1874,"Moskenes",30.4735778992113
"489",2000,1901,"Harstad",80.2966427655482
"490",2000,1902,"Tromso",51.9474254644486
"491",2000,1911,"Kvaefjord",32.1332411676382
"492",2000,1928,"Torsken",32.6325757517883
"493",2000,1929,"Berg",39.3058990478977
"494",2000,1931,"Lenvik",43.6624244077243
"495",2000,1933,"Balsfjord",20.0028678048407
"496",2000,1936,"Karlsoy",45.1294017198408
"497",2000,1938,"Lyngen",34.5048255018406
"498",2000,1940,"Kafjord",35.3806936554568
"499",2000,1941,"Skjervoy",33.1671511552831
"500",2000,1942,"Nordreisa",25.7386137334443
"501",2000,1943,"Kvaenangen",36.9254934218266
"502",2000,2002,"Vardo",24.5542774743732
"503",2000,2003,"Vadso",99.5139319259785
"504",2000,2004,"Hammerfest",27.8569425437576
"505",2000,2012,"Alta",8.91727272727272
"506",2000,2014,"Loppa",27.1866832413779
"507",2000,2015,"Hasvik",27.6412039240553
"508",2000,2017,"Kvalsund",15.2335585884088
"509",2000,2018,"Masoy",22.1506503462797
"510",2000,2019,"Nordkapp",26.5210248652163
"511",2000,2020,"Porsanger",14.7503330703296
"512",2000,2022,"Lebesby",21.1794471149307
"513",2000,2023,"Gamvik",21.3598955868682
"514",2000,2024,"Berlevag",23.0030459455443
"515",2000,2025,"Tana",20.7611431263957
"516",2000,2027,"Nesseby",19.9309439918194
"517",2000,2028,"Batsfjord",38.9607682409203
"518",2000,2030,"Sor-Varanger",39.5801998678933
"519",2001,1804,"Bodo",97.9932243590183
"520",2001,1811,"Bindal",69.2806174867923
"521",2001,1813,"Bronnoy",71.4792814711334
"522",2001,1818,"Heroy",77.3680316441839
"523",2001,1822,"Leirfjord",65.6209090909091
"524",2001,1827,"Donna",74.4130654155871
"525",2001,1833,"Rana",79.876995190855
"526",2001,1834,"Luroy",76.222486689901
"527",2001,1835,"Traena",89.9417060096475
"528",2001,1836,"Rodoy",81.7283596224353
"529",2001,1837,"Meloy",78.1736692448808
"530",2001,1838,"Gildeskal",77.515700032363
"531",2001,1845,"Sorfold",79.5358408490144
"532",2001,1848,"Steigen",80.2339765622937
"533",2001,1851,"Lodingen",100
"534",2001,1856,"Rost",70.2529984142439
"535",2001,1857,"Vaeroy",70.0673723263508
"536",2001,1859,"Flakstad",70.3256130523813
"537",2001,1860,"Vestvagoy",72.7887368417465
"538",2001,1865,"Vagan",73.7384330446868
"539",2001,1866,"Hadsel",75.5926339724515
"540",2001,1867,"Bo",80.6061645564167
"541",2001,1868,"Oksnes",75.9952933402474
"542",2001,1870,"Sortland",66.2635089209856
"543",2001,1871,"Andoy",75.1415263180458
"544",2001,1874,"Moskenes",73.2922870822641
"545",2001,1901,"Harstad",90.5106039401093
"546",2001,1902,"Tromso",84.9865621050078
"547",2001,1911,"Kvaefjord",74.0163641657617
"548",2001,1927,"Tranoy",80.6870636686564
"549",2001,1928,"Torsken",74.3769722732119
"550",2001,1929,"Berg",76.6077223680596
"551",2001,1931,"Lenvik",77.3192547373252
"552",2001,1933,"Balsfjord",69.1726610852637
"553",2001,1936,"Karlsoy",75.8708588999261
"554",2001,1940,"Kafjord",76.4129784714194
"555",2001,1941,"Skjervoy",76.2322386269739
"556",2001,1942,"Nordreisa",73.8468902677727
"557",2001,1943,"Kvaenangen",73.1467713323868
"558",2001,2002,"Vardo",72.0142413604669
"559",2001,2003,"Vadso",98.6518807148819
"560",2001,2004,"Hammerfest",73.3199275648948
"561",2001,2014,"Loppa",74.4794434976062
"562",2001,2015,"Hasvik",71.2947317094031
"563",2001,2017,"Kvalsund",66.5343999662346
"564",2001,2018,"Masoy",71.0054785660885
"565",2001,2019,"Nordkapp",75.7443823006372
"566",2001,2020,"Porsanger",67.8131081958162
"567",2001,2022,"Lebesby",70.2286962273779
"568",2001,2023,"Gamvik",70.5717975379178
"569",2001,2024,"Berlevag",72.8969196555972
"570",2001,2025,"Tana",70.1062615756996
"571",2001,2027,"Nesseby",65.6209090909091
"572",2001,2028,"Batsfjord",73.0318489902469
"573",2001,2030,"Sor-Varanger",75.2668651678895
"574",2002,1804,"Bodo",100
"575",2002,1813,"Bronnoy",100
"576",2002,1818,"Heroy",100
"577",2002,1822,"Leirfjord",100
"578",2002,1827,"Donna",100
"579",2002,1833,"Rana",100
"580",2002,1834,"Luroy",100
"581",2002,1835,"Traena",100
"582",2002,1836,"Rodoy",100
"583",2002,1837,"Meloy",100
"584",2002,1838,"Gildeskal",100
"585",2002,1845,"Sorfold",100
"586",2002,1848,"Steigen",100
"587",2002,1850,"Tysfjord",100
"588",2002,1851,"Lodingen",100
"589",2002,1856,"Rost",100
"590",2002,1857,"Vaeroy",100
"591",2002,1859,"Flakstad",100
"592",2002,1860,"Vestvagoy",100
"593",2002,1865,"Vagan",100
"594",2002,1866,"Hadsel",100
"595",2002,1867,"Bo",100
"596",2002,1868,"Oksnes",100
"597",2002,1870,"Sortland",100
"598",2002,1871,"Andoy",100
"599",2002,1874,"Moskenes",100
"600",2002,1901,"Harstad",100
"601",2002,1902,"Tromso",100
"602",2002,1911,"Kvaefjord",100
"603",2002,1915,"Harstad",100
"604",2002,1927,"Tranoy",100
"605",2002,1928,"Torsken",100
"606",2002,1929,"Berg",100
"607",2002,1931,"Lenvik",100
"608",2002,1933,"Balsfjord",100
"609",2002,1936,"Karlsoy",100
"610",2002,1940,"Kafjord",100
"611",2002,1941,"Skjervoy",100
"612",2002,1942,"Nordreisa",100
"613",2002,1943,"Kvaenangen",100
"614",2002,2002,"Vardo",100
"615",2002,2003,"Vadso",100
"616",2002,2004,"Hammerfest",100
"617",2002,2012,"Alta",100
"618",2002,2014,"Loppa",100
"619",2002,2015,"Hasvik",100
"620",2002,2017,"Kvalsund",100
"621",2002,2018,"Masoy",100
"622",2002,2019,"Nordkapp",100
"623",2002,2020,"Porsanger",100
"624",2002,2022,"Lebesby",100
"625",2002,2023,"Gamvik",100
"626",2002,2024,"Berlevag",100
"627",2002,2025,"Tana",100
"628",2002,2027,"Nesseby",100
"629",2002,2028,"Batsfjord",100
"630",2002,2030,"Sor-Varanger",100
"631",2003,1804,"Bodo",100
"632",2003,1811,"Bindal",100
"633",2003,1813,"Bronnoy",100
"634",2003,1815,"Vega",100
"635",2003,1818,"Heroy",100
"636",2003,1827,"Donna",100
"637",2003,1833,"Rana",100
"638",2003,1834,"Luroy",100
"639",2003,1835,"Traena",100
"640",2003,1836,"Rodoy",100
"641",2003,1837,"Meloy",100
"642",2003,1838,"Gildeskal",100
"643",2003,1845,"Sorfold",100
"644",2003,1848,"Steigen",100
"645",2003,1850,"Tysfjord",100
"646",2003,1851,"Lodingen",100
"647",2003,1856,"Rost",100
"648",2003,1857,"Vaeroy",100
"649",2003,1859,"Flakstad",100
"650",2003,1860,"Vestvagoy",100
"651",2003,1865,"Vagan",100
"652",2003,1866,"Hadsel",100
"653",2003,1867,"Bo",100
"654",2003,1868,"Oksnes",100
"655",2003,1870,"Sortland",100
"656",2003,1871,"Andoy",100
"657",2003,1874,"Moskenes",100
"658",2003,1901,"Harstad",100
"659",2003,1902,"Tromso",100
"660",2003,1911,"Kvaefjord",100
"661",2003,1915,"Harstad",100
"662",2003,1928,"Torsken",100
"663",2003,1929,"Berg",100
"664",2003,1931,"Lenvik",100
"665",2003,1933,"Balsfjord",100
"666",2003,1936,"Karlsoy",100
"667",2003,1940,"Kafjord",100
"668",2003,1941,"Skjervoy",100
"669",2003,1942,"Nordreisa",100
"670",2003,1943,"Kvaenangen",100
"671",2003,2002,"Vardo",100
"672",2003,2004,"Hammerfest",100
"673",2003,2012,"Alta",100
"674",2003,2014,"Loppa",100
"675",2003,2015,"Hasvik",100
"676",2003,2017,"Kvalsund",100
"677",2003,2018,"Masoy",100
"678",2003,2019,"Nordkapp",100
"679",2003,2020,"Porsanger",100
"680",2003,2022,"Lebesby",100
"681",2003,2023,"Gamvik",100
"682",2003,2024,"Berlevag",100
"683",2003,2027,"Nesseby",100
"684",2003,2028,"Batsfjord",100
"685",2003,2030,"Sor-Varanger",100
"686",2004,1804,"Bodo",100
"687",2004,1813,"Bronnoy",100
"688",2004,1815,"Vega",100
"689",2004,1818,"Heroy",100
"690",2004,1827,"Donna",100
"691",2004,1834,"Luroy",100
"692",2004,1835,"Traena",100
"693",2004,1836,"Rodoy",100
"694",2004,1837,"Meloy",100
"695",2004,1838,"Gildeskal",100
"696",2004,1841,"Fauske",100
"697",2004,1845,"Sorfold",100
"698",2004,1848,"Steigen",100
"699",2004,1850,"Tysfjord",100
"700",2004,1851,"Lodingen",100
"701",2004,1856,"Rost",100
"702",2004,1857,"Vaeroy",100
"703",2004,1859,"Flakstad",100
"704",2004,1860,"Vestvagoy",100
"705",2004,1865,"Vagan",100
"706",2004,1866,"Hadsel",100
"707",2004,1867,"Bo",100
"708",2004,1868,"Oksnes",100
"709",2004,1870,"Sortland",100
"710",2004,1871,"Andoy",100
"711",2004,1874,"Moskenes",100
"712",2004,1901,"Harstad",100
"713",2004,1902,"Tromso",100
"714",2004,1911,"Kvaefjord",100
"715",2004,1915,"Harstad",100
"716",2004,1928,"Torsken",100
"717",2004,1929,"Berg",100
"718",2004,1931,"Lenvik",100
"719",2004,1933,"Balsfjord",100
"720",2004,1936,"Karlsoy",100
"721",2004,1939,"Storfjord",100
"722",2004,1940,"Kafjord",100
"723",2004,1941,"Skjervoy",100
"724",2004,1942,"Nordreisa",100
"725",2004,1943,"Kvaenangen",100
"726",2004,2002,"Vardo",100
"727",2004,2003,"Vadso",100
"728",2004,2004,"Hammerfest",100
"729",2004,2012,"Alta",100
"730",2004,2014,"Loppa",100
"731",2004,2015,"Hasvik",100
"732",2004,2017,"Kvalsund",100
"733",2004,2018,"Masoy",100
"734",2004,2019,"Nordkapp",100
"735",2004,2020,"Porsanger",100
"736",2004,2022,"Lebesby",100
"737",2004,2023,"Gamvik",100
"738",2004,2024,"Berlevag",100
"739",2004,2027,"Nesseby",100
"740",2004,2028,"Batsfjord",100
"741",2004,2030,"Sor-Varanger",100
"742",2005,1804,"Bodo",100
"743",2005,1805,"Narvik",100
"744",2005,1811,"Bindal",100
"745",2005,1812,"Somna",100
"746",2005,1813,"Bronnoy",100
"747",2005,1815,"Vega",100
"748",2005,1818,"Heroy",100
"749",2005,1820,"Alstahaug",100
"750",2005,1822,"Leirfjord",100
"751",2005,1824,"Vefsn",100
"752",2005,1827,"Donna",100
"753",2005,1828,"Nesna",100
"754",2005,1832,"Hemnes",100
"755",2005,1834,"Luroy",100
"756",2005,1835,"Traena",100
"757",2005,1836,"Rodoy",100
"758",2005,1837,"Meloy",100
"759",2005,1838,"Gildeskal",100
"760",2005,1840,"Saltdal",100
"761",2005,1841,"Fauske",100
"762",2005,1845,"Sorfold",100
"763",2005,1848,"Steigen",100
"764",2005,1850,"Tysfjord",100
"765",2005,1851,"Lodingen",100
"766",2005,1856,"Rost",100
"767",2005,1857,"Vaeroy",100
"768",2005,1859,"Flakstad",100
"769",2005,1860,"Vestvagoy",100
"770",2005,1865,"Vagan",100
"771",2005,1866,"Hadsel",100
"772",2005,1867,"Bo",100
"773",2005,1868,"Oksnes",100
"774",2005,1870,"Sortland",100
"775",2005,1871,"Andoy",100
"776",2005,1874,"Moskenes",100
"777",2005,1901,"Harstad",100
"778",2005,1902,"Tromso",97.6350338997356
"779",2005,1911,"Kvaefjord",100
"780",2005,1915,"Harstad",100
"781",2005,1917,"Ibestad",100
"782",2005,1919,"Gratangen",100
"783",2005,1920,"Lavangen",100
"784",2005,1928,"Torsken",100
"785",2005,1929,"Berg",100
"786",2005,1931,"Lenvik",100
"787",2005,1933,"Balsfjord",100
"788",2005,1936,"Karlsoy",100
"789",2005,1938,"Lyngen",100
"790",2005,1939,"Storfjord",100
"791",2005,1940,"Kafjord",100
"792",2005,1941,"Skjervoy",100
"793",2005,1942,"Nordreisa",100
"794",2005,1943,"Kvaenangen",100
"795",2005,2002,"Vardo",100
"796",2005,2003,"Vadso",100
"797",2005,2004,"Hammerfest",100
"798",2005,2012,"Alta",100
"799",2005,2014,"Loppa",100
"800",2005,2015,"Hasvik",100
"801",2005,2017,"Kvalsund",100
"802",2005,2018,"Masoy",100
"803",2005,2019,"Nordkapp",100
"804",2005,2020,"Porsanger",100
"805",2005,2022,"Lebesby",100
"806",2005,2023,"Gamvik",100
"807",2005,2024,"Berlevag",100
"808",2005,2027,"Nesseby",100
"809",2005,2028,"Batsfjord",100
"810",2005,2030,"Sor-Varanger",100
"811",2006,1804,"Bodo",100
"812",2006,1805,"Narvik",100
"813",2006,1811,"Bindal",100
"814",2006,1812,"Somna",100
"815",2006,1813,"Bronnoy",100
"816",2006,1815,"Vega",100
"817",2006,1818,"Heroy",100
"818",2006,1820,"Alstahaug",100
"819",2006,1822,"Leirfjord",100
"820",2006,1824,"Vefsn",100
"821",2006,1827,"Donna",100
"822",2006,1828,"Nesna",100
"823",2006,1832,"Hemnes",100
"824",2006,1834,"Luroy",100
"825",2006,1835,"Traena",100
"826",2006,1836,"Rodoy",100
"827",2006,1837,"Meloy",100
"828",2006,1838,"Gildeskal",100
"829",2006,1840,"Saltdal",100
"830",2006,1841,"Fauske",100
"831",2006,1845,"Sorfold",100
"832",2006,1848,"Steigen",100
"833",2006,1850,"Tysfjord",100
"834",2006,1851,"Lodingen",100
"835",2006,1854,"Ballangen",100
"836",2006,1856,"Rost",100
"837",2006,1857,"Vaeroy",100
"838",2006,1859,"Flakstad",100
"839",2006,1860,"Vestvagoy",100
"840",2006,1865,"Vagan",100
"841",2006,1866,"Hadsel",100
"842",2006,1867,"Bo",100
"843",2006,1868,"Oksnes",100
"844",2006,1870,"Sortland",100
"845",2006,1871,"Andoy",100
"846",2006,1874,"Moskenes",100
"847",2006,1901,"Harstad",100
"848",2006,1902,"Tromso",100
"849",2006,1911,"Kvaefjord",100
"850",2006,1915,"Harstad",100
"851",2006,1920,"Lavangen",100
"852",2006,1923,"Salangen",100
"853",2006,1925,"Sorreisa",100
"854",2006,1928,"Torsken",100
"855",2006,1929,"Berg",100
"856",2006,1931,"Lenvik",100
"857",2006,1933,"Balsfjord",100
"858",2006,1936,"Karlsoy",100
"859",2006,1940,"Kafjord",100
"860",2006,1941,"Skjervoy",100
"861",2006,1942,"Nordreisa",100
"862",2006,1943,"Kvaenangen",100
"863",2006,2002,"Vardo",100
"864",2006,2003,"Vadso",100
"865",2006,2004,"Hammerfest",100
"866",2006,2011,"Guovdageaidnu-Kautokeino ",100
"867",2006,2012,"Alta",100
"868",2006,2014,"Loppa",100
"869",2006,2015,"Hasvik",100
"870",2006,2017,"Kvalsund",100
"871",2006,2018,"Masoy",100
"872",2006,2019,"Nordkapp",100
"873",2006,2020,"Porsanger",100
"874",2006,2022,"Lebesby",100
"875",2006,2023,"Gamvik",100
"876",2006,2024,"Berlevag",100
"877",2006,2027,"Nesseby",100
"878",2006,2028,"Batsfjord",100
"879",2006,2030,"Sor-Varanger",100
"880",2007,1804,"Bodo",100
"881",2007,1805,"Narvik",100
"882",2007,1811,"Bindal",100
"883",2007,1812,"Somna",100
"884",2007,1813,"Bronnoy",100
"885",2007,1815,"Vega",100
"886",2007,1818,"Heroy",100
"887",2007,1820,"Alstahaug",100
"888",2007,1822,"Leirfjord",100
"889",2007,1824,"Vefsn",100
"890",2007,1827,"Donna",100
"891",2007,1828,"Nesna",100
"892",2007,1832,"Hemnes",100
"893",2007,1833,"Rana",100
"894",2007,1834,"Luroy",100
"895",2007,1835,"Traena",100
"896",2007,1836,"Rodoy",100
"897",2007,1837,"Meloy",100
"898",2007,1838,"Gildeskal",100
"899",2007,1840,"Saltdal",100
"900",2007,1841,"Fauske",100
"901",2007,1845,"Sorfold",100
"902",2007,1848,"Steigen",100
"903",2007,1849,"Hamaroy",100
"904",2007,1850,"Tysfjord",100
"905",2007,1851,"Lodingen",100
"906",2007,1854,"Ballangen",100
"907",2007,1856,"Rost",100
"908",2007,1857,"Vaeroy",100
"909",2007,1859,"Flakstad",100
"910",2007,1860,"Vestvagoy",100
"911",2007,1865,"Vagan",100
"912",2007,1866,"Hadsel",100
"913",2007,1867,"Bo",100
"914",2007,1868,"Oksnes",100
"915",2007,1870,"Sortland",100
"916",2007,1871,"Andoy",100
"917",2007,1874,"Moskenes",100
"918",2007,1901,"Harstad",100
"919",2007,1902,"Tromso",100
"920",2007,1911,"Kvaefjord",100
"921",2007,1915,"Harstad",100
"922",2007,1920,"Lavangen",100
"923",2007,1925,"Sorreisa",100
"924",2007,1928,"Torsken",100
"925",2007,1929,"Berg",100
"926",2007,1931,"Lenvik",100
"927",2007,1933,"Balsfjord",100
"928",2007,1936,"Karlsoy",100
"929",2007,1940,"Kafjord",100
"930",2007,1941,"Skjervoy",100
"931",2007,1942,"Nordreisa",100
"932",2007,1943,"Kvaenangen",100
"933",2007,2002,"Vardo",100
"934",2007,2003,"Vadso",100
"935",2007,2004,"Hammerfest",100
"936",2007,2012,"Alta",100
"937",2007,2014,"Loppa",100
"938",2007,2015,"Hasvik",100
"939",2007,2017,"Kvalsund",100
"940",2007,2018,"Masoy",100
"941",2007,2019,"Nordkapp",100
"942",2007,2020,"Porsanger",100
"943",2007,2022,"Lebesby",100
"944",2007,2023,"Gamvik",100
"945",2007,2024,"Berlevag",100
"946",2007,2027,"Nesseby",100
"947",2007,2028,"Batsfjord",100
"948",2007,2030,"Sor-Varanger",100
"949",2008,1804,"Bodo",100
"950",2008,1805,"Narvik",100
"951",2008,1811,"Bindal",100
"952",2008,1813,"Bronnoy",100
"953",2008,1815,"Vega",100
"954",2008,1818,"Heroy",100
"955",2008,1820,"Alstahaug",100
"956",2008,1824,"Vefsn",100
"957",2008,1827,"Donna",100
"958",2008,1828,"Nesna",100
"959",2008,1832,"Hemnes",100
"960",2008,1833,"Rana",100
"961",2008,1834,"Luroy",100
"962",2008,1835,"Traena",96.4561398312439
"963",2008,1836,"Rodoy",100
"964",2008,1837,"Meloy",100
"965",2008,1838,"Gildeskal",100
"966",2008,1841,"Fauske",100
"967",2008,1845,"Sorfold",100
"968",2008,1848,"Steigen",100
"969",2008,1850,"Tysfjord",100
"970",2008,1851,"Lodingen",71.4245717171547
"971",2008,1854,"Ballangen",100
"972",2008,1856,"Rost",100
"973",2008,1857,"Vaeroy",100
"974",2008,1859,"Flakstad",100
"975",2008,1860,"Vestvagoy",100
"976",2008,1865,"Vagan",100
"977",2008,1866,"Hadsel",100
"978",2008,1867,"Bo",100
"979",2008,1868,"Oksnes",100
"980",2008,1870,"Sortland",100
"981",2008,1871,"Andoy",100
"982",2008,1874,"Moskenes",100
"983",2008,1901,"Harstad",100
"984",2008,1902,"Tromso",100
"985",2008,1911,"Kvaefjord",100
"986",2008,1915,"Harstad",100
"987",2008,1917,"Ibestad",100
"988",2008,1925,"Sorreisa",100
"989",2008,1928,"Torsken",100
"990",2008,1929,"Berg",100
"991",2008,1931,"Lenvik",100
"992",2008,1933,"Balsfjord",100
"993",2008,1936,"Karlsoy",100
"994",2008,1938,"Lyngen",100
"995",2008,1940,"Kafjord",100
"996",2008,1941,"Skjervoy",100
"997",2008,1942,"Nordreisa",100
"998",2008,1943,"Kvaenangen",100
"999",2008,2002,"Vardo",100
"1000",2008,2004,"Hammerfest",100
"1001",2008,2012,"Alta",100
"1002",2008,2014,"Loppa",100
"1003",2008,2015,"Hasvik",100
"1004",2008,2018,"Masoy",100
"1005",2008,2019,"Nordkapp",100
"1006",2008,2020,"Porsanger",100
"1007",2008,2022,"Lebesby",100
"1008",2008,2023,"Gamvik",100
"1009",2008,2024,"Berlevag",100
"1010",2008,2027,"Nesseby",100
"1011",2008,2028,"Batsfjord",100
"1012",2008,2030,"Sor-Varanger",100
"1013",2009,1804,"Bodo",100
"1014",2009,1805,"Narvik",100
"1015",2009,1811,"Bindal",100
"1016",2009,1812,"Somna",100
"1017",2009,1813,"Bronnoy",100
"1018",2009,1815,"Vega",100
"1019",2009,1818,"Heroy",100
"1020",2009,1820,"Alstahaug",100
"1021",2009,1824,"Vefsn",100
"1022",2009,1827,"Donna",100
"1023",2009,1828,"Nesna",100
"1024",2009,1832,"Hemnes",100
"1025",2009,1833,"Rana",100
"1026",2009,1834,"Luroy",100
"1027",2009,1835,"Traena",100
"1028",2009,1836,"Rodoy",100
"1029",2009,1837,"Meloy",100
"1030",2009,1838,"Gildeskal",100
"1031",2009,1841,"Fauske",100
"1032",2009,1845,"Sorfold",100
"1033",2009,1848,"Steigen",100
"1034",2009,1849,"Hamaroy",100
"1035",2009,1850,"Tysfjord",100
"1036",2009,1851,"Lodingen",100
"1037",2009,1856,"Rost",100
"1038",2009,1857,"Vaeroy",100
"1039",2009,1859,"Flakstad",100
"1040",2009,1860,"Vestvagoy",100
"1041",2009,1865,"Vagan",100
"1042",2009,1866,"Hadsel",100
"1043",2009,1867,"Bo",100
"1044",2009,1868,"Oksnes",100
"1045",2009,1870,"Sortland",100
"1046",2009,1871,"Andoy",100
"1047",2009,1874,"Moskenes",100
"1048",2009,1901,"Harstad",100
"1049",2009,1902,"Tromso",100
"1050",2009,1911,"Kvaefjord",100
"1051",2009,1913,"Skanland",100
"1052",2009,1915,"Harstad",100
"1053",2009,1917,"Ibestad",100
"1054",2009,1925,"Sorreisa",100
"1055",2009,1928,"Torsken",100
"1056",2009,1929,"Berg",100
"1057",2009,1931,"Lenvik",100
"1058",2009,1933,"Balsfjord",100
"1059",2009,1936,"Karlsoy",100
"1060",2009,1940,"Kafjord",100
"1061",2009,1941,"Skjervoy",100
"1062",2009,1942,"Nordreisa",100
"1063",2009,1943,"Kvaenangen",100
"1064",2009,2002,"Vardo",100
"1065",2009,2003,"Vadso",100
"1066",2009,2004,"Hammerfest",100
"1067",2009,2011,"Guovdageaidnu-Kautokeino ",100
"1068",2009,2012,"Alta",100
"1069",2009,2014,"Loppa",100
"1070",2009,2015,"Hasvik",100
"1071",2009,2018,"Masoy",100
"1072",2009,2019,"Nordkapp",100
"1073",2009,2020,"Porsanger",100
"1074",2009,2022,"Lebesby",100
"1075",2009,2023,"Gamvik",100
"1076",2009,2024,"Berlevag",100
"1077",2009,2027,"Nesseby",100
"1078",2009,2028,"Batsfjord",100
"1079",2009,2030,"Sor-Varanger",100
"1080",2010,1804,"Bodo",100
"1081",2010,1805,"Narvik",100
"1082",2010,1811,"Bindal",100
"1083",2010,1812,"Somna",100
"1084",2010,1813,"Bronnoy",100
"1085",2010,1818,"Heroy",100
"1086",2010,1820,"Alstahaug",100
"1087",2010,1827,"Donna",100
"1088",2010,1828,"Nesna",100
"1089",2010,1832,"Hemnes",100
"1090",2010,1833,"Rana",100
"1091",2010,1834,"Luroy",100
"1092",2010,1835,"Traena",100
"1093",2010,1836,"Rodoy",100
"1094",2010,1837,"Meloy",100
"1095",2010,1838,"Gildeskal",100
"1096",2010,1841,"Fauske",100
"1097",2010,1845,"Sorfold",100
"1098",2010,1848,"Steigen",100
"1099",2010,1849,"Hamaroy",100
"1100",2010,1850,"Tysfjord",100
"1101",2010,1851,"Lodingen",100
"1102",2010,1854,"Ballangen",100
"1103",2010,1856,"Rost",100
"1104",2010,1857,"Vaeroy",100
"1105",2010,1859,"Flakstad",100
"1106",2010,1860,"Vestvagoy",100
"1107",2010,1865,"Vagan",100
"1108",2010,1866,"Hadsel",100
"1109",2010,1867,"Bo",100
"1110",2010,1868,"Oksnes",100
"1111",2010,1870,"Sortland",100
"1112",2010,1871,"Andoy",100
"1113",2010,1874,"Moskenes",100
"1114",2010,1901,"Harstad",100
"1115",2010,1902,"Tromso",100
"1116",2010,1911,"Kvaefjord",100
"1117",2010,1913,"Skanland",100
"1118",2010,1915,"Harstad",100
"1119",2010,1917,"Ibestad",100
"1120",2010,1919,"Gratangen",100
"1121",2010,1928,"Torsken",100
"1122",2010,1929,"Berg",100
"1123",2010,1931,"Lenvik",100
"1124",2010,1933,"Balsfjord",100
"1125",2010,1936,"Karlsoy",100
"1126",2010,1938,"Lyngen",100
"1127",2010,1939,"Storfjord",100
"1128",2010,1940,"Kafjord",100
"1129",2010,1941,"Skjervoy",100
"1130",2010,1942,"Nordreisa",100
"1131",2010,1943,"Kvaenangen",100
"1132",2010,2002,"Vardo",100
"1133",2010,2003,"Vadso",100
"1134",2010,2004,"Hammerfest",100
"1135",2010,2012,"Alta",100
"1136",2010,2014,"Loppa",100
"1137",2010,2015,"Hasvik",100
"1138",2010,2018,"Masoy",100
"1139",2010,2019,"Nordkapp",100
"1140",2010,2020,"Porsanger",100
"1141",2010,2022,"Lebesby",100
"1142",2010,2023,"Gamvik",100
"1143",2010,2024,"Berlevag",100
"1144",2010,2027,"Nesseby",100
"1145",2010,2028,"Batsfjord",100
"1146",2010,2030,"Sor-Varanger",100
"1147",2011,1804,"Bodo",100
"1148",2011,1805,"Narvik",100
"1149",2011,1811,"Bindal",100
"1150",2011,1812,"Somna",100
"1151",2011,1813,"Bronnoy",100
"1152",2011,1815,"Vega",100
"1153",2011,1816,"Vevelstad",100
"1154",2011,1818,"Heroy",100
"1155",2011,1820,"Alstahaug",100
"1156",2011,1827,"Donna",100
"1157",2011,1828,"Nesna",100
"1158",2011,1832,"Hemnes",100
"1159",2011,1833,"Rana",100
"1160",2011,1834,"Luroy",100
"1161",2011,1835,"Traena",100
"1162",2011,1836,"Rodoy",100
"1163",2011,1837,"Meloy",100
"1164",2011,1838,"Gildeskal",100
"1165",2011,1841,"Fauske",100
"1166",2011,1845,"Sorfold",100
"1167",2011,1848,"Steigen",100
"1168",2011,1849,"Hamaroy",100
"1169",2011,1850,"Tysfjord",100
"1170",2011,1851,"Lodingen",100
"1171",2011,1854,"Ballangen",100
"1172",2011,1856,"Rost",100
"1173",2011,1857,"Vaeroy",100
"1174",2011,1859,"Flakstad",100
"1175",2011,1860,"Vestvagoy",100
"1176",2011,1865,"Vagan",100
"1177",2011,1866,"Hadsel",100
"1178",2011,1867,"Bo",100
"1179",2011,1868,"Oksnes",100
"1180",2011,1870,"Sortland",100
"1181",2011,1871,"Andoy",100
"1182",2011,1874,"Moskenes",100
"1183",2011,1901,"Harstad",100
"1184",2011,1902,"Tromso",100
"1185",2011,1911,"Kvaefjord",100
"1186",2011,1913,"Skanland",100
"1187",2011,1915,"Harstad",100
"1188",2011,1917,"Ibestad",100
"1189",2011,1919,"Gratangen",100
"1190",2011,1920,"Lavangen",100
"1191",2011,1928,"Torsken",100
"1192",2011,1929,"Berg",100
"1193",2011,1931,"Lenvik",100
"1194",2011,1933,"Balsfjord",100
"1195",2011,1936,"Karlsoy",100
"1196",2011,1938,"Lyngen",100
"1197",2011,1940,"Kafjord",100
"1198",2011,1941,"Skjervoy",100
"1199",2011,1942,"Nordreisa",100
"1200",2011,1943,"Kvaenangen",100
"1201",2011,2002,"Vardo",100
"1202",2011,2003,"Vadso",100
"1203",2011,2004,"Hammerfest",100
"1204",2011,2012,"Alta",100
"1205",2011,2014,"Loppa",100
"1206",2011,2015,"Hasvik",100
"1207",2011,2018,"Masoy",100
"1208",2011,2019,"Nordkapp",100
"1209",2011,2020,"Porsanger",100
"1210",2011,2022,"Lebesby",100
"1211",2011,2023,"Gamvik",100
"1212",2011,2024,"Berlevag",100
"1213",2011,2027,"Nesseby",100
"1214",2011,2028,"Batsfjord",100
"1215",2011,2030,"Sor-Varanger",100
"1216",2012,1804,"Bodo",100
"1217",2012,1805,"Narvik",100
"1218",2012,1811,"Bindal",100
"1219",2012,1812,"Somna",100
"1220",2012,1813,"Bronnoy",100
"1221",2012,1815,"Vega",100
"1222",2012,1816,"Vevelstad",100
"1223",2012,1818,"Heroy",100
"1224",2012,1827,"Donna",100
"1225",2012,1828,"Nesna",100
"1226",2012,1833,"Rana",100
"1227",2012,1834,"Luroy",100
"1228",2012,1835,"Traena",100
"1229",2012,1836,"Rodoy",100
"1230",2012,1837,"Meloy",100
"1231",2012,1838,"Gildeskal",100
"1232",2012,1840,"Saltdal",100
"1233",2012,1841,"Fauske",100
"1234",2012,1845,"Sorfold",100
"1235",2012,1848,"Steigen",100
"1236",2012,1849,"Hamaroy",100
"1237",2012,1850,"Tysfjord",100
"1238",2012,1851,"Lodingen",100
"1239",2012,1853,"Evenes",100
"1240",2012,1856,"Rost",100
"1241",2012,1857,"Vaeroy",100
"1242",2012,1859,"Flakstad",100
"1243",2012,1860,"Vestvagoy",100
"1244",2012,1865,"Vagan",100
"1245",2012,1866,"Hadsel",100
"1246",2012,1867,"Bo",100
"1247",2012,1868,"Oksnes",100
"1248",2012,1870,"Sortland",100
"1249",2012,1871,"Andoy",100
"1250",2012,1874,"Moskenes",100
"1251",2012,1901,"Harstad",100
"1252",2012,1902,"Tromso",100
"1253",2012,1911,"Kvaefjord",100
"1254",2012,1913,"Skanland",100
"1255",2012,1915,"Harstad",100
"1256",2012,1917,"Ibestad",100
"1257",2012,1928,"Torsken",100
"1258",2012,1929,"Berg",100
"1259",2012,1931,"Lenvik",100
"1260",2012,1933,"Balsfjord",100
"1261",2012,1936,"Karlsoy",100
"1262",2012,1938,"Lyngen",100
"1263",2012,1940,"Kafjord",100
"1264",2012,1941,"Skjervoy",100
"1265",2012,1942,"Nordreisa",100
"1266",2012,1943,"Kvaenangen",100
"1267",2012,2002,"Vardo",100
"1268",2012,2003,"Vadso",100
"1269",2012,2004,"Hammerfest",100
"1270",2012,2012,"Alta",100
"1271",2012,2014,"Loppa",100
"1272",2012,2015,"Hasvik",100
"1273",2012,2018,"Masoy",100
"1274",2012,2019,"Nordkapp",100
"1275",2012,2020,"Porsanger",100
"1276",2012,2022,"Lebesby",100
"1277",2012,2023,"Gamvik",100
"1278",2012,2024,"Berlevag",100
"1279",2012,2027,"Nesseby",100
"1280",2012,2028,"Batsfjord",100
"1281",2012,2030,"Sor-Varanger",100
"1282",2013,1804,"Bodo",100
"1283",2013,1805,"Narvik",100
"1284",2013,1811,"Bindal",100
"1285",2013,1813,"Bronnoy",100
"1286",2013,1815,"Vega",100
"1287",2013,1816,"Vevelstad",100
"1288",2013,1818,"Heroy",100
"1289",2013,1820,"Alstahaug",100
"1290",2013,1822,"Leirfjord",100
"1291",2013,1827,"Donna",100
"1292",2013,1828,"Nesna",100
"1293",2013,1832,"Hemnes",100
"1294",2013,1833,"Rana",100
"1295",2013,1834,"Luroy",100
"1296",2013,1835,"Traena",100
"1297",2013,1836,"Rodoy",100
"1298",2013,1837,"Meloy",100
"1299",2013,1838,"Gildeskal",100
"1300",2013,1840,"Saltdal",100
"1301",2013,1841,"Fauske",100
"1302",2013,1845,"Sorfold",100
"1303",2013,1848,"Steigen",100
"1304",2013,1849,"Hamaroy",100
"1305",2013,1850,"Tysfjord",100
"1306",2013,1851,"Lodingen",100
"1307",2013,1856,"Rost",100
"1308",2013,1857,"Vaeroy",100
"1309",2013,1859,"Flakstad",100
"1310",2013,1860,"Vestvagoy",100
"1311",2013,1865,"Vagan",100
"1312",2013,1866,"Hadsel",100
"1313",2013,1867,"Bo",100
"1314",2013,1868,"Oksnes",100
"1315",2013,1870,"Sortland",100
"1316",2013,1871,"Andoy",100
"1317",2013,1874,"Moskenes",100
"1318",2013,1902,"Tromso",100
"1319",2013,1903,"Harstad",100
"1320",2013,1911,"Kvaefjord",100
"1321",2013,1913,"Skanland",100
"1322",2013,1917,"Ibestad",100
"1323",2013,1919,"Gratangen",100
"1324",2013,1928,"Torsken",100
"1325",2013,1929,"Berg",100
"1326",2013,1931,"Lenvik",100
"1327",2013,1933,"Balsfjord",100
"1328",2013,1936,"Karlsoy",100
"1329",2013,1938,"Lyngen",100
"1330",2013,1940,"Kafjord",100
"1331",2013,1941,"Skjervoy",100
"1332",2013,1942,"Nordreisa",100
"1333",2013,1943,"Kvaenangen",100
"1334",2013,2002,"Vardo",100
"1335",2013,2003,"Vadso",100
"1336",2013,2004,"Hammerfest",100
"1337",2013,2012,"Alta",100
"1338",2013,2014,"Loppa",100
"1339",2013,2015,"Hasvik",100
"1340",2013,2017,"Kvalsund",100
"1341",2013,2018,"Masoy",100
"1342",2013,2019,"Nordkapp",100
"1343",2013,2022,"Lebesby",100
"1344",2013,2023,"Gamvik",100
"1345",2013,2024,"Berlevag",100
"1346",2013,2025,"Tana",100
"1347",2013,2027,"Nesseby",100
"1348",2013,2028,"Batsfjord",100
"1349",2013,2030,"Sor-Varanger",100
"1350",2014,1804,"Bodo",100
"1351",2014,1805,"Narvik",100
"1352",2014,1811,"Bindal",100
"1353",2014,1812,"Somna",100
"1354",2014,1813,"Bronnoy",100
"1355",2014,1815,"Vega",100
"1356",2014,1816,"Vevelstad",100
"1357",2014,1818,"Heroy",100
"1358",2014,1822,"Leirfjord",100
"1359",2014,1824,"Vefsn",100
"1360",2014,1827,"Donna",100
"1361",2014,1828,"Nesna",100
"1362",2014,1832,"Hemnes",100
"1363",2014,1833,"Rana",100
"1364",2014,1834,"Luroy",100
"1365",2014,1835,"Traena",100
"1366",2014,1836,"Rodoy",100
"1367",2014,1837,"Meloy",100
"1368",2014,1838,"Gildeskal",100
"1369",2014,1841,"Fauske",100
"1370",2014,1845,"Sorfold",100
"1371",2014,1848,"Steigen",100
"1372",2014,1849,"Hamaroy",100
"1373",2014,1850,"Tysfjord",100
"1374",2014,1851,"Lodingen",100
"1375",2014,1856,"Rost",100
"1376",2014,1857,"Vaeroy",100
"1377",2014,1859,"Flakstad",100
"1378",2014,1860,"Vestvagoy",100
"1379",2014,1865,"Vagan",100
"1380",2014,1866,"Hadsel",100
"1381",2014,1867,"Bo",100
"1382",2014,1868,"Oksnes",100
"1383",2014,1870,"Sortland",100
"1384",2014,1871,"Andoy",100
"1385",2014,1874,"Moskenes",100
"1386",2014,1902,"Tromso",99.968037100633
"1387",2014,1903,"Harstad",100
"1388",2014,1911,"Kvaefjord",100
"1389",2014,1913,"Skanland",100
"1390",2014,1917,"Ibestad",100
"1391",2014,1919,"Gratangen",100
"1392",2014,1928,"Torsken",100
"1393",2014,1929,"Berg",99.9739213954441
"1394",2014,1931,"Lenvik",100
"1395",2014,1936,"Karlsoy",100
"1396",2014,1938,"Lyngen",100
"1397",2014,1940,"Kafjord",100
"1398",2014,1941,"Skjervoy",100
"1399",2014,1942,"Nordreisa",100
"1400",2014,1943,"Kvaenangen",100
"1401",2014,2002,"Vardo",100
"1402",2014,2003,"Vadso",100
"1403",2014,2004,"Hammerfest",100
"1404",2014,2012,"Alta",100
"1405",2014,2014,"Loppa",100
"1406",2014,2015,"Hasvik",100
"1407",2014,2018,"Masoy",100
"1408",2014,2019,"Nordkapp",100
"1409",2014,2020,"Porsanger",100
"1410",2014,2022,"Lebesby",100
"1411",2014,2023,"Gamvik",100
"1412",2014,2024,"Berlevag",100
"1413",2014,2025,"Tana",100
"1414",2014,2027,"Nesseby",100
"1415",2014,2028,"Batsfjord",100
"1416",2014,2030,"Sor-Varanger",100
"1417",2015,1804,"Bodo",100
"1418",2015,1805,"Narvik",100
"1419",2015,1811,"Bindal",100
"1420",2015,1812,"Somna",100
"1421",2015,1813,"Bronnoy",100
"1422",2015,1815,"Vega",100
"1423",2015,1818,"Heroy",100
"1424",2015,1824,"Vefsn",100
"1425",2015,1827,"Donna",100
"1426",2015,1828,"Nesna",100
"1427",2015,1832,"Hemnes",100
"1428",2015,1834,"Luroy",100
"1429",2015,1835,"Traena",100
"1430",2015,1836,"Rodoy",100
"1431",2015,1837,"Meloy",100
"1432",2015,1838,"Gildeskal",100
"1433",2015,1840,"Saltdal",100
"1434",2015,1841,"Fauske",100
"1435",2015,1845,"Sorfold",100
"1436",2015,1848,"Steigen",100
"1437",2015,1850,"Tysfjord",100
"1438",2015,1851,"Lodingen",100
"1439",2015,1856,"Rost",100
"1440",2015,1857,"Vaeroy",100
"1441",2015,1859,"Flakstad",100
"1442",2015,1860,"Vestvagoy",100
"1443",2015,1865,"Vagan",100
"1444",2015,1866,"Hadsel",100
"1445",2015,1867,"Bo",100
"1446",2015,1868,"Oksnes",100
"1447",2015,1870,"Sortland",100
"1448",2015,1871,"Andoy",100
"1449",2015,1874,"Moskenes",100
"1450",2015,1902,"Tromso",100
"1451",2015,1903,"Harstad",100
"1452",2015,1911,"Kvaefjord",100
"1453",2015,1913,"Skanland",100
"1454",2015,1917,"Ibestad",100
"1455",2015,1919,"Gratangen",100
"1456",2015,1928,"Torsken",100
"1457",2015,1929,"Berg",100
"1458",2015,1931,"Lenvik",100
"1459",2015,1936,"Karlsoy",100
"1460",2015,1938,"Lyngen",100
"1461",2015,1940,"Kafjord",100
"1462",2015,1941,"Skjervoy",100
"1463",2015,1942,"Nordreisa",100
"1464",2015,1943,"Kvaenangen",100
"1465",2015,2002,"Vardo",100
"1466",2015,2003,"Vadso",100
"1467",2015,2004,"Hammerfest",100
"1468",2015,2012,"Alta",100
"1469",2015,2015,"Hasvik",100
"1470",2015,2018,"Masoy",100
"1471",2015,2019,"Nordkapp",100
"1472",2015,2020,"Porsanger",100
"1473",2015,2022,"Lebesby",100
"1474",2015,2023,"Gamvik",100
"1475",2015,2024,"Berlevag",100
"1476",2015,2025,"Tana",100
"1477",2015,2027,"Nesseby",100
"1478",2015,2028,"Batsfjord",100
"1479",2015,2030,"Sor-Varanger",100
"1480",2016,1804,"Bodo",100
"1481",2016,1811,"Bindal",100
"1482",2016,1813,"Bronnoy",100
"1483",2016,1815,"Vega",100
"1484",2016,1818,"Heroy",100
"1485",2016,1827,"Donna",100
"1486",2016,1828,"Nesna",100
"1487",2016,1833,"Rana",100
"1488",2016,1834,"Luroy",100
"1489",2016,1835,"Traena",100
"1490",2016,1836,"Rodoy",100
"1491",2016,1837,"Meloy",100
"1492",2016,1838,"Gildeskal",100
"1493",2016,1840,"Saltdal",100
"1494",2016,1845,"Sorfold",100
"1495",2016,1848,"Steigen",100
"1496",2016,1850,"Tysfjord",100
"1497",2016,1851,"Lodingen",100
"1498",2016,1856,"Rost",100
"1499",2016,1857,"Vaeroy",100
"1500",2016,1859,"Flakstad",100
"1501",2016,1860,"Vestvagoy",100
"1502",2016,1865,"Vagan",100
"1503",2016,1866,"Hadsel",100
"1504",2016,1867,"Bo",100
"1505",2016,1868,"Oksnes",100
"1506",2016,1870,"Sortland",100
"1507",2016,1871,"Andoy",100
"1508",2016,1874,"Moskenes",100
"1509",2016,1902,"Tromso",100
"1510",2016,1903,"Harstad",100
"1511",2016,1911,"Kvaefjord",100
"1512",2016,1917,"Ibestad",100
"1513",2016,1928,"Torsken",100
"1514",2016,1929,"Berg",100
"1515",2016,1931,"Lenvik",100
"1516",2016,1933,"Balsfjord",100
"1517",2016,1936,"Karlsoy",100
"1518",2016,1938,"Lyngen",100
"1519",2016,1940,"Kafjord",100
"1520",2016,1941,"Skjervoy",100
"1521",2016,1942,"Nordreisa",100
"1522",2016,1943,"Kvaenangen",100
"1523",2016,2002,"Vardo",100
"1524",2016,2003,"Vadso",100
"1525",2016,2004,"Hammerfest",100
"1526",2016,2012,"Alta",100
"1527",2016,2014,"Loppa",100
"1528",2016,2015,"Hasvik",100
"1529",2016,2018,"Masoy",100
"1530",2016,2019,"Nordkapp",100
"1531",2016,2020,"Porsanger",100
"1532",2016,2022,"Lebesby",100
"1533",2016,2023,"Gamvik",100
"1534",2016,2024,"Berlevag",100
"1535",2016,2025,"Tana",100
"1536",2016,2027,"Nesseby",100
"1537",2016,2028,"Batsfjord",100
"1538",2016,2030,"Sor-Varanger",100
"1539",2017,1804,"Bodo",100
"1540",2017,1811,"Bindal",100
"1541",2017,1813,"Bronnoy",100
"1542",2017,1815,"Vega",100
"1543",2017,1818,"Heroy",100
"1544",2017,1827,"Donna",100
"1545",2017,1828,"Nesna",100
"1546",2017,1833,"Rana",100
"1547",2017,1834,"Luroy",100
"1548",2017,1835,"Traena",100
"1549",2017,1836,"Rodoy",100
"1550",2017,1837,"Meloy",100
"1551",2017,1838,"Gildeskal",100
"1552",2017,1841,"Fauske",100
"1553",2017,1845,"Sorfold",100
"1554",2017,1848,"Steigen",100
"1555",2017,1850,"Tysfjord",100
"1556",2017,1851,"Lodingen",100
"1557",2017,1856,"Rost",100
"1558",2017,1857,"Vaeroy",100
"1559",2017,1859,"Flakstad",100
"1560",2017,1860,"Vestvagoy",100
"1561",2017,1865,"Vagan",100
"1562",2017,1866,"Hadsel",100
"1563",2017,1867,"Bo",100
"1564",2017,1868,"Oksnes",100
"1565",2017,1870,"Sortland",100
"1566",2017,1871,"Andoy",100
"1567",2017,1874,"Moskenes",100
"1568",2017,1902,"Tromso",100
"1569",2017,1903,"Harstad",100
"1570",2017,1911,"Kvaefjord",100
"1571",2017,1917,"Ibestad",100
"1572",2017,1928,"Torsken",100
"1573",2017,1929,"Berg",100
"1574",2017,1931,"Lenvik",100
"1575",2017,1936,"Karlsoy",100
"1576",2017,1938,"Lyngen",100
"1577",2017,1940,"Kafjord",100
"1578",2017,1941,"Skjervoy",100
"1579",2017,1942,"Nordreisa",100
"1580",2017,1943,"Kvaenangen",100
"1581",2017,2002,"Vardo",100
"1582",2017,2003,"Vadso",100
"1583",2017,2004,"Hammerfest",100
"1584",2017,2012,"Alta",100
"1585",2017,2014,"Loppa",100
"1586",2017,2015,"Hasvik",100
"1587",2017,2018,"Masoy",100
"1588",2017,2019,"Nordkapp",100
"1589",2017,2020,"Porsanger",100
"1590",2017,2022,"Lebesby",100
"1591",2017,2023,"Gamvik",100
"1592",2017,2024,"Berlevag",100
"1593",2017,2025,"Tana",100
"1594",2017,2027,"Nesseby",100
"1595",2017,2028,"Batsfjord",100
"1596",2017,2030,"Sor-Varanger",100
