"","Year","Municip_number","Municip_name_new","fish_score"
"1",1994,"1804","Bodo",4.38896515060769
"2",1994,"1903","Harstad",39.7157395743127
"3",1995,"1804","Bodo",97.5818429373444
"4",1995,"1805","Narvik",99.8049409080212
"5",1995,"1811","Bindal",1.92540579309125
"6",1995,"1812","Somna",0.0556640978602181
"7",1995,"1813","Bronnoy",19.6207405997281
"8",1995,"1815","Vega",5.43146644253377
"9",1995,"1816","Vevelstad",0.214934880108227
"10",1995,"1818","Heroy",18.8601116576457
"11",1995,"1820","Alstahaug",7.79273595492902
"12",1995,"1822","Leirfjord",0.339213770448364
"13",1995,"1824","Vefsn",0.123551708757802
"14",1995,"1827","Donna",27.5457440775765
"15",1995,"1828","Nesna",6.63661329333315
"16",1995,"1832","Hemnes",0.547701770915035
"17",1995,"1833","Rana",0.44220825604801
"18",1995,"1834","Luroy",20.3611660495781
"19",1995,"1835","Traena",32.5319893418289
"20",1995,"1836","Rodoy",8.41663963573353
"21",1995,"1837","Meloy",17.0542672161613
"22",1995,"1838","Gildeskal",7.80744872957771
"23",1995,"1840","Saltdal",49.5046194135808
"24",1995,"1841","Fauske",5.76420808898687
"25",1995,"1845","Sorfold",15.2201018998063
"26",1995,"1848","Steigen",10.3635734856177
"27",1995,"1849","Hamaroy",34.1061588287317
"28",1995,"1850","Tysfjord",95.7083872197909
"29",1995,"1851","Lodingen",68.3076259509985
"30",1995,"1852","Tjeldsund",80.0282172705145
"31",1995,"1853","Evenes",99.7916240631807
"32",1995,"1854","Ballangen",99.9946370164472
"33",1995,"1856","Rost",86.305167358767
"34",1995,"1857","Vaeroy",70.8654185671536
"35",1995,"1859","Flakstad",94.1992859472466
"36",1995,"1860","Vestvagoy",91.5942703859092
"37",1995,"1865","Vagan",93.0661180543201
"38",1995,"1866","Hadsel",66.3523047125227
"39",1995,"1867","Bo",75.2647136419114
"40",1995,"1868","Oksnes",87.8743672719038
"41",1995,"1870","Sortland",99.949668502377
"42",1995,"1871","Andoy",89.148775524853
"43",1995,"1874","Moskenes",89.3076456431925
"44",1995,"1902","Tromso",90.0013877087507
"45",1995,"1903","Harstad",69.3932418753398
"46",1995,"1911","Kvaefjord",21.7729654152656
"47",1995,"1919","Gratangen",1.16965183993647
"48",1995,"1924","Malselv",1.65403513906899
"49",1995,"1926","Dyroy",77.995622496126
"50",1995,"1927","Tranoy",4.38816818553266
"51",1995,"1928","Torsken",72.0410689761012
"52",1995,"1929","Berg",93.8901647293291
"53",1995,"1931","Lenvik",77.2851358720844
"54",1995,"1936","Karlsoy",56.7482167371158
"55",1995,"1938","Lyngen",35.3828528275294
"56",1995,"1939","Storfjord",5.1445849656766
"57",1995,"1940","Kafjord",0.783857454464216
"58",1995,"1941","Skjervoy",89.9516263192324
"59",1995,"1942","Nordreisa",88.8465107725887
"60",1995,"1943","Kvaenangen",78.4243657207686
"61",1995,"2002","Vardo",97.5748656989964
"62",1995,"2003","Vadso",49.0268336699241
"63",1995,"2004","Hammerfest",48.2335084352503
"64",1995,"2012","Alta",18.8615519261912
"65",1995,"2014","Loppa",18.6211061800383
"66",1995,"2015","Hasvik",56.2633963966452
"67",1995,"2017","Kvalsund",85.0980300176113
"68",1995,"2018","Masoy",81.1089517707315
"69",1995,"2019","Nordkapp",88.2461801015802
"70",1995,"2020","Porsanger",11.439764783471
"71",1995,"2022","Lebesby",69.2100423666244
"72",1995,"2023","Gamvik",76.2911065394746
"73",1995,"2024","Berlevag",81.3079443237193
"74",1995,"2025","Tana",6.17131061434733
"75",1995,"2027","Nesseby",0.337687255404356
"76",1995,"2028","Batsfjord",94.9005728268859
"77",1995,"2030","Sor-Varanger",8.56871293320489
"78",1996,"1804","Bodo",98.6319860378537
"79",1996,"1805","Narvik",99.6806992671013
"80",1996,"1811","Bindal",2.16632634948188
"81",1996,"1812","Somna",0.0700408165815899
"82",1996,"1813","Bronnoy",9.87824496134109
"83",1996,"1815","Vega",4.87126319129139
"84",1996,"1816","Vevelstad",0.142179860485168
"85",1996,"1818","Heroy",20.0893807686392
"86",1996,"1820","Alstahaug",6.53520812173328
"87",1996,"1822","Leirfjord",0.361811520017162
"88",1996,"1827","Donna",28.2745076164959
"89",1996,"1828","Nesna",5.60401530090443
"90",1996,"1832","Hemnes",0.528214683041929
"91",1996,"1833","Rana",2.34806751436882
"92",1996,"1834","Luroy",25.5390016390273
"93",1996,"1835","Traena",42.0321051720894
"94",1996,"1836","Rodoy",10.3901277187899
"95",1996,"1837","Meloy",16.9525942347312
"96",1996,"1838","Gildeskal",12.8872079767254
"97",1996,"1840","Saltdal",35.7598534542035
"98",1996,"1841","Fauske",8.58806189641664
"99",1996,"1845","Sorfold",26.8059964294177
"100",1996,"1848","Steigen",13.4222634288401
"101",1996,"1849","Hamaroy",79.1766675199928
"102",1996,"1850","Tysfjord",97.3115392999194
"103",1996,"1851","Lodingen",76.1390298896709
"104",1996,"1852","Tjeldsund",39.0436125947127
"105",1996,"1853","Evenes",75.4906364812709
"106",1996,"1854","Ballangen",100
"107",1996,"1856","Rost",73.1078171007906
"108",1996,"1857","Vaeroy",72.3453779838364
"109",1996,"1859","Flakstad",100
"110",1996,"1860","Vestvagoy",96.6707861700076
"111",1996,"1865","Vagan",98.171329162387
"112",1996,"1866","Hadsel",96.468133294385
"113",1996,"1867","Bo",84.3624039149002
"114",1996,"1868","Oksnes",90.1158945161935
"115",1996,"1870","Sortland",99.9762818267193
"116",1996,"1871","Andoy",100
"117",1996,"1874","Moskenes",99.9212245843326
"118",1996,"1902","Tromso",100
"119",1996,"1903","Harstad",69.4353245947328
"120",1996,"1911","Kvaefjord",85.7085961066718
"121",1996,"1917","Ibestad",0.0306554945069383
"122",1996,"1919","Gratangen",2.42175522792846
"123",1996,"1920","Lavangen",1.69880441855098
"124",1996,"1924","Malselv",1.40378556257112
"125",1996,"1926","Dyroy",94.6980066091264
"126",1996,"1927","Tranoy",8.45166763484841
"127",1996,"1928","Torsken",78.4055680697804
"128",1996,"1929","Berg",100
"129",1996,"1931","Lenvik",95.4667742949117
"130",1996,"1933","Balsfjord",0.285311810167223
"131",1996,"1936","Karlsoy",63.9523729789793
"132",1996,"1938","Lyngen",27.0168911674884
"133",1996,"1939","Storfjord",31.0614596044037
"134",1996,"1940","Kafjord",0.862220325677168
"135",1996,"1941","Skjervoy",100
"136",1996,"1942","Nordreisa",99.6254492103175
"137",1996,"1943","Kvaenangen",98.4910095841905
"138",1996,"2002","Vardo",98.0252158209526
"139",1996,"2003","Vadso",67.4537478069783
"140",1996,"2004","Hammerfest",99.3853242612474
"141",1996,"2012","Alta",20.7650205773176
"142",1996,"2014","Loppa",22.3515223768662
"143",1996,"2015","Hasvik",60.5516167085044
"144",1996,"2017","Kvalsund",95.4060464664976
"145",1996,"2018","Masoy",78.1360916456069
"146",1996,"2019","Nordkapp",100
"147",1996,"2020","Porsanger",12.1511339598762
"148",1996,"2022","Lebesby",80.4624193875901
"149",1996,"2023","Gamvik",66.3599711392169
"150",1996,"2024","Berlevag",90.1704742861362
"151",1996,"2025","Tana",54.1547161080354
"152",1996,"2028","Batsfjord",100
"153",1996,"2030","Sor-Varanger",11.9961663047755
"154",1997,"1804","Bodo",99.0785218266293
"155",1997,"1805","Narvik",99.8012190017386
"156",1997,"1811","Bindal",1.87057053682497
"157",1997,"1812","Somna",0.0566871441949287
"158",1997,"1813","Bronnoy",6.55994477246691
"159",1997,"1815","Vega",4.19224705687192
"160",1997,"1816","Vevelstad",0.186237957906106
"161",1997,"1818","Heroy",15.9608640075575
"162",1997,"1820","Alstahaug",3.40647841437043
"163",1997,"1822","Leirfjord",0.335603451283182
"164",1997,"1827","Donna",23.804627416027
"165",1997,"1828","Nesna",2.40666105512305
"166",1997,"1832","Hemnes",0.724368944017749
"167",1997,"1833","Rana",3.61411132765903
"168",1997,"1834","Luroy",26.7045593088141
"169",1997,"1835","Traena",48.7834894933015
"170",1997,"1836","Rodoy",12.8991515117171
"171",1997,"1837","Meloy",19.0432534425654
"172",1997,"1838","Gildeskal",9.17307741303467
"173",1997,"1840","Saltdal",17.1847655768089
"174",1997,"1841","Fauske",11.5402855668067
"175",1997,"1845","Sorfold",39.5198994504053
"176",1997,"1848","Steigen",14.0628218555456
"177",1997,"1849","Hamaroy",77.968377477819
"178",1997,"1850","Tysfjord",96.9030184257259
"179",1997,"1851","Lodingen",92.1118568808218
"180",1997,"1852","Tjeldsund",55.6983933433157
"181",1997,"1853","Evenes",99.933058255834
"182",1997,"1854","Ballangen",100
"183",1997,"1856","Rost",69.3766757679202
"184",1997,"1857","Vaeroy",72.9065415071758
"185",1997,"1859","Flakstad",98.4350340032779
"186",1997,"1860","Vestvagoy",97.0418764172031
"187",1997,"1865","Vagan",97.728125738068
"188",1997,"1866","Hadsel",89.6372894743706
"189",1997,"1867","Bo",70.0208999526243
"190",1997,"1868","Oksnes",89.3848805574385
"191",1997,"1870","Sortland",99.9705250402617
"192",1997,"1871","Andoy",97.9489986119578
"193",1997,"1874","Moskenes",99.2415626974443
"194",1997,"1902","Tromso",100
"195",1997,"1903","Harstad",83.0546839650036
"196",1997,"1911","Kvaefjord",45.9429804730495
"197",1997,"1919","Gratangen",2.33837561498959
"198",1997,"1920","Lavangen",0.733161861266719
"199",1997,"1924","Malselv",0.226552248950064
"200",1997,"1925","Sorreisa",3.76486259569624
"201",1997,"1926","Dyroy",75.3659822151671
"202",1997,"1927","Tranoy",7.01183078858761
"203",1997,"1928","Torsken",77.7125483962363
"204",1997,"1929","Berg",79.3605466832548
"205",1997,"1931","Lenvik",95.4065404753877
"206",1997,"1933","Balsfjord",19.4182505009082
"207",1997,"1936","Karlsoy",66.5361690004178
"208",1997,"1938","Lyngen",10.7994141072582
"209",1997,"1939","Storfjord",29.1699622930735
"210",1997,"1940","Kafjord",0.891099833815661
"211",1997,"1941","Skjervoy",100
"212",1997,"1942","Nordreisa",99.0191997520854
"213",1997,"1943","Kvaenangen",78.6861921953349
"214",1997,"2002","Vardo",98.1096530994298
"215",1997,"2003","Vadso",57.8980115370489
"216",1997,"2004","Hammerfest",100
"217",1997,"2012","Alta",9.56965976795305
"218",1997,"2014","Loppa",29.2781412326768
"219",1997,"2015","Hasvik",61.8676607913188
"220",1997,"2017","Kvalsund",96.20296632545
"221",1997,"2018","Masoy",81.945073768529
"222",1997,"2019","Nordkapp",100
"223",1997,"2020","Porsanger",12.8468628687662
"224",1997,"2022","Lebesby",80.4999519004453
"225",1997,"2023","Gamvik",64.4291254852231
"226",1997,"2024","Berlevag",96.2897528941948
"227",1997,"2025","Tana",52.89296800736
"228",1997,"2028","Batsfjord",100
"229",1997,"2030","Sor-Varanger",19.7864405533887
"230",1998,"1804","Bodo",99.0187146768517
"231",1998,"1805","Narvik",0.716155682518588
"232",1998,"1811","Bindal",1.79182288837397
"233",1998,"1812","Somna",0.100828875172621
"234",1998,"1813","Bronnoy",5.73003876154151
"235",1998,"1815","Vega",4.38819096842115
"236",1998,"1816","Vevelstad",0.210270925426492
"237",1998,"1818","Heroy",9.90714316767052
"238",1998,"1820","Alstahaug",2.10729952103918
"239",1998,"1822","Leirfjord",0.313845267094201
"240",1998,"1827","Donna",23.1036177983826
"241",1998,"1828","Nesna",1.21032632016287
"242",1998,"1832","Hemnes",0.582844579703712
"243",1998,"1833","Rana",2.98521648433244
"244",1998,"1834","Luroy",23.471885283143
"245",1998,"1835","Traena",57.1489836646758
"246",1998,"1836","Rodoy",12.3034459388494
"247",1998,"1837","Meloy",14.6533550570708
"248",1998,"1838","Gildeskal",5.43283806231637
"249",1998,"1840","Saltdal",1.34599472082267
"250",1998,"1841","Fauske",10.6204316333352
"251",1998,"1845","Sorfold",47.8338595945323
"252",1998,"1848","Steigen",14.1807883322958
"253",1998,"1850","Tysfjord",79.9738428935993
"254",1998,"1851","Lodingen",62.6656754182858
"255",1998,"1852","Tjeldsund",0.428291386238207
"256",1998,"1854","Ballangen",60.6323243389033
"257",1998,"1856","Rost",38.0849235158909
"258",1998,"1857","Vaeroy",55.9320625591354
"259",1998,"1859","Flakstad",77.3268151716812
"260",1998,"1860","Vestvagoy",77.3557858652899
"261",1998,"1865","Vagan",78.9799474194416
"262",1998,"1866","Hadsel",73.4191461520759
"263",1998,"1867","Bo",49.5048197583564
"264",1998,"1868","Oksnes",72.408738298389
"265",1998,"1870","Sortland",99.6915460542773
"266",1998,"1871","Andoy",82.5788380889786
"267",1998,"1874","Moskenes",79.2549588374282
"268",1998,"1902","Tromso",96.5520577874476
"269",1998,"1903","Harstad",72.5863991200741
"270",1998,"1911","Kvaefjord",40.3976094753055
"271",1998,"1913","Skanland",0.101043998458717
"272",1998,"1919","Gratangen",1.78099986606698
"273",1998,"1920","Lavangen",0.334191859963407
"274",1998,"1927","Tranoy",4.66845546679485
"275",1998,"1928","Torsken",66.2724169359787
"276",1998,"1929","Berg",68.9474117457557
"277",1998,"1931","Lenvik",82.5732199294631
"278",1998,"1936","Karlsoy",62.9822580044551
"279",1998,"1938","Lyngen",19.5661002410698
"280",1998,"1939","Storfjord",20.6836639783608
"281",1998,"1940","Kafjord",58.2525597054478
"282",1998,"1941","Skjervoy",84.454675996046
"283",1998,"1942","Nordreisa",82.644323573244
"284",1998,"1943","Kvaenangen",68.989768743329
"285",1998,"2002","Vardo",79.8046848203846
"286",1998,"2003","Vadso",44.2935817875184
"287",1998,"2004","Hammerfest",82.2933434394985
"288",1998,"2012","Alta",5.44714046382818
"289",1998,"2014","Loppa",33.1989117082552
"290",1998,"2015","Hasvik",47.9457186930429
"291",1998,"2017","Kvalsund",67.9101237879677
"292",1998,"2018","Masoy",72.2573428069571
"293",1998,"2019","Nordkapp",80.2163140269064
"294",1998,"2020","Porsanger",9.94427363719072
"295",1998,"2022","Lebesby",64.8082834579696
"296",1998,"2023","Gamvik",56.6736700990506
"297",1998,"2024","Berlevag",84.1736833136014
"298",1998,"2025","Tana",45.184419337093
"299",1998,"2028","Batsfjord",85.9618019642967
"300",1998,"2030","Sor-Varanger",23.1757508906168
"301",1999,"1804","Bodo",98.6619560313801
"302",1999,"1805","Narvik",0.560551349057321
"303",1999,"1811","Bindal",1.23943882736957
"304",1999,"1813","Bronnoy",7.396066819575
"305",1999,"1815","Vega",4.54926227417511
"306",1999,"1816","Vevelstad",3.55507254127009
"307",1999,"1818","Heroy",10.4726518521022
"308",1999,"1820","Alstahaug",0.142531062519585
"309",1999,"1822","Leirfjord",4.4272491928643
"310",1999,"1827","Donna",25.6895599052301
"311",1999,"1828","Nesna",0.420168558623239
"312",1999,"1832","Hemnes",0.51357444325314
"313",1999,"1833","Rana",2.58974312701285
"314",1999,"1834","Luroy",24.2961005175318
"315",1999,"1835","Traena",71.3390840674297
"316",1999,"1836","Rodoy",14.3333752173405
"317",1999,"1837","Meloy",14.2033339565296
"318",1999,"1838","Gildeskal",5.57613551344271
"319",1999,"1840","Saltdal",0.958077656489637
"320",1999,"1841","Fauske",4.0704940929246
"321",1999,"1845","Sorfold",42.5815251068143
"322",1999,"1848","Steigen",13.2963382866589
"323",1999,"1850","Tysfjord",38.6119209495548
"324",1999,"1851","Lodingen",71.1012905611171
"325",1999,"1853","Evenes",0.551336391855856
"326",1999,"1856","Rost",20.8109589998084
"327",1999,"1857","Vaeroy",31.7376014460107
"328",1999,"1859","Flakstad",45.3714625427939
"329",1999,"1860","Vestvagoy",49.0684355053099
"330",1999,"1865","Vagan",57.1164644640561
"331",1999,"1866","Hadsel",54.6905736797648
"332",1999,"1867","Bo",42.7963179344645
"333",1999,"1868","Oksnes",55.9189510879783
"334",1999,"1870","Sortland",99.5395238438511
"335",1999,"1871","Andoy",59.9517587577982
"336",1999,"1874","Moskenes",54.4789666278783
"337",1999,"1902","Tromso",93.1925073224527
"338",1999,"1903","Harstad",57.1074515299171
"339",1999,"1911","Kvaefjord",21.683975999264
"340",1999,"1917","Ibestad",0.00724128195801299
"341",1999,"1927","Tranoy",6.44793213744221
"342",1999,"1928","Torsken",51.8456353552521
"343",1999,"1929","Berg",77.0379716895856
"344",1999,"1931","Lenvik",57.9394118559401
"345",1999,"1936","Karlsoy",57.6327256176167
"346",1999,"1938","Lyngen",15.4441553289437
"347",1999,"1940","Kafjord",6.42894053472723
"348",1999,"1941","Skjervoy",61.2288972859056
"349",1999,"1942","Nordreisa",57.8012369089839
"350",1999,"1943","Kvaenangen",65.8980574064776
"351",1999,"2002","Vardo",49.0944967592125
"352",1999,"2003","Vadso",16.5035302551924
"353",1999,"2004","Hammerfest",57.2654519698195
"354",1999,"2012","Alta",0.721478074908994
"355",1999,"2014","Loppa",38.1312056309564
"356",1999,"2015","Hasvik",42.8757870036329
"357",1999,"2017","Kvalsund",30.1122352822751
"358",1999,"2018","Masoy",45.8102042344929
"359",1999,"2019","Nordkapp",50.0519160441728
"360",1999,"2020","Porsanger",4.38814852306126
"361",1999,"2022","Lebesby",37.9097537319877
"362",1999,"2023","Gamvik",44.1723876079292
"363",1999,"2024","Berlevag",57.9701529882995
"364",1999,"2025","Tana",15.7553924205908
"365",1999,"2028","Batsfjord",60.6453619980593
"366",1999,"2030","Sor-Varanger",27.6252962723234
"367",2000,"1804","Bodo",94.7745843208382
"368",2000,"1811","Bindal",0.793680240739942
"369",2000,"1813","Bronnoy",6.28393186603307
"370",2000,"1818","Heroy",11.6638560374413
"371",2000,"1827","Donna",25.6266158514856
"372",2000,"1833","Rana",2.89782336038766
"373",2000,"1834","Luroy",12.8216104809255
"374",2000,"1835","Traena",83.9959689240622
"375",2000,"1836","Rodoy",12.9219458698356
"376",2000,"1837","Meloy",12.4961214307149
"377",2000,"1838","Gildeskal",4.34251991666731
"378",2000,"1845","Sorfold",40.5819157920357
"379",2000,"1848","Steigen",17.1577089665767
"380",2000,"1850","Tysfjord",53.2052273808858
"381",2000,"1851","Lodingen",95.9862163617512
"382",2000,"1856","Rost",19.2609768784822
"383",2000,"1857","Vaeroy",34.1678841486578
"384",2000,"1859","Flakstad",35.6001165594423
"385",2000,"1860","Vestvagoy",43.9145660756266
"386",2000,"1865","Vagan",53.9313047217563
"387",2000,"1866","Hadsel",37.1266682126288
"388",2000,"1867","Bo",44.5420103843641
"389",2000,"1868","Oksnes",50.572871980482
"390",2000,"1870","Sortland",99.9913234037542
"391",2000,"1871","Andoy",53.1525323823704
"392",2000,"1874","Moskenes",48.937400480888
"393",2000,"1902","Tromso",90.6714439067232
"394",2000,"1903","Harstad",79.8601760459875
"395",2000,"1911","Kvaefjord",18.1486041406703
"396",2000,"1928","Torsken",45.6691261686623
"397",2000,"1929","Berg",85.984467588812
"398",2000,"1931","Lenvik",47.1528213075485
"399",2000,"1933","Balsfjord",9.01870622185275
"400",2000,"1936","Karlsoy",56.0330299872388
"401",2000,"1938","Lyngen",9.68417177505956
"402",2000,"1940","Kafjord",52.8357329597874
"403",2000,"1941","Skjervoy",52.0273993411975
"404",2000,"1942","Nordreisa",46.1155091215052
"405",2000,"1943","Kvaenangen",56.1193273492467
"406",2000,"2002","Vardo",27.9926237992555
"407",2000,"2003","Vadso",3.38594320916399
"408",2000,"2004","Hammerfest",44.5872068837953
"409",2000,"2012","Alta",0.507622256302236
"410",2000,"2014","Loppa",42.3034609588715
"411",2000,"2015","Hasvik",27.4179830148581
"412",2000,"2017","Kvalsund",10.2439045469111
"413",2000,"2018","Masoy",32.6966019779663
"414",2000,"2019","Nordkapp",38.5507172779475
"415",2000,"2020","Porsanger",1.67463462617591
"416",2000,"2022","Lebesby",23.9538596460479
"417",2000,"2023","Gamvik",13.6246196278344
"418",2000,"2024","Berlevag",38.5475303727064
"419",2000,"2025","Tana",9.35364095036863
"420",2000,"2027","Nesseby",0.873416717074898
"421",2000,"2028","Batsfjord",42.5920570129112
"422",2000,"2030","Sor-Varanger",31.5853385539964
"423",2001,"1804","Bodo",98.7881376395602
"424",2001,"1811","Bindal",0.934128680234798
"425",2001,"1813","Bronnoy",6.96689932072444
"426",2001,"1818","Heroy",16.9218835421555
"427",2001,"1822","Leirfjord",18.6738078978258
"428",2001,"1827","Donna",22.1701173361303
"429",2001,"1833","Rana",3.23965278778052
"430",2001,"1834","Luroy",24.4753164621436
"431",2001,"1835","Traena",82.8330397630766
"432",2001,"1836","Rodoy",13.2482404785437
"433",2001,"1837","Meloy",14.8655934592771
"434",2001,"1838","Gildeskal",4.56722916290177
"435",2001,"1845","Sorfold",33.8711891530577
"436",2001,"1848","Steigen",20.5307555964601
"437",2001,"1851","Lodingen",100
"438",2001,"1856","Rost",61.0444417799968
"439",2001,"1857","Vaeroy",61.0385789354361
"440",2001,"1859","Flakstad",75.3421605369607
"441",2001,"1860","Vestvagoy",78.0066815992319
"442",2001,"1865","Vagan",69.1644373563124
"443",2001,"1866","Hadsel",38.9204945578161
"444",2001,"1867","Bo",41.1570333245487
"445",2001,"1868","Oksnes",78.146948738404
"446",2001,"1870","Sortland",97.6091018655514
"447",2001,"1871","Andoy",76.7175823805079
"448",2001,"1874","Moskenes",76.7219758200515
"449",2001,"1902","Tromso",96.1391345000408
"450",2001,"1903","Harstad",82.217718404525
"451",2001,"1911","Kvaefjord",25.4358367092691
"452",2001,"1927","Tranoy",7.88737945634104
"453",2001,"1928","Torsken",60.3560365544321
"454",2001,"1929","Berg",93.6339885591657
"455",2001,"1931","Lenvik",41.852308986212
"456",2001,"1933","Balsfjord",31.8955990736532
"457",2001,"1936","Karlsoy",66.2805378591002
"458",2001,"1940","Kafjord",72.1654387560897
"459",2001,"1941","Skjervoy",84.1246410377512
"460",2001,"1942","Nordreisa",77.1351911313601
"461",2001,"1943","Kvaenangen",61.7251757890154
"462",2001,"2002","Vardo",53.1825447543561
"463",2001,"2003","Vadso",98.8195463353788
"464",2001,"2004","Hammerfest",61.9786869132198
"465",2001,"2014","Loppa",64.6591961504456
"466",2001,"2015","Hasvik",42.2635153389472
"467",2001,"2017","Kvalsund",41.4179637206137
"468",2001,"2018","Masoy",74.4795139159179
"469",2001,"2019","Nordkapp",54.2889727720649
"470",2001,"2020","Porsanger",6.68902061309106
"471",2001,"2022","Lebesby",49.8085932774387
"472",2001,"2023","Gamvik",37.471424552621
"473",2001,"2024","Berlevag",72.5617924672097
"474",2001,"2025","Tana",10.2842338867114
"475",2001,"2027","Nesseby",4.89587462689696
"476",2001,"2028","Batsfjord",81.3764480208259
"477",2001,"2030","Sor-Varanger",29.6053835292458
"478",2002,"1804","Bodo",90.4540830140205
"479",2002,"1813","Bronnoy",7.48488472301732
"480",2002,"1818","Heroy",17.5610012848646
"481",2002,"1822","Leirfjord",28.4916024776794
"482",2002,"1827","Donna",18.6519744263332
"483",2002,"1833","Rana",2.36941161941829
"484",2002,"1834","Luroy",14.6756099880849
"485",2002,"1835","Traena",87.9433272585472
"486",2002,"1836","Rodoy",13.3652908125798
"487",2002,"1837","Meloy",15.1755926163171
"488",2002,"1838","Gildeskal",5.09241805647926
"489",2002,"1845","Sorfold",37.7112141208224
"490",2002,"1848","Steigen",20.2102127749198
"491",2002,"1850","Tysfjord",71.9364947748263
"492",2002,"1851","Lodingen",100
"493",2002,"1856","Rost",95.1747053197967
"494",2002,"1857","Vaeroy",78.3957357230374
"495",2002,"1859","Flakstad",100
"496",2002,"1860","Vestvagoy",100
"497",2002,"1865","Vagan",79.018698232123
"498",2002,"1866","Hadsel",41.8810268061258
"499",2002,"1867","Bo",27.7406151888364
"500",2002,"1868","Oksnes",96.7553210294213
"501",2002,"1870","Sortland",93.1037748785261
"502",2002,"1871","Andoy",95.0717551428977
"503",2002,"1874","Moskenes",92.1895012598893
"504",2002,"1902","Tromso",97.485435313334
"505",2002,"1903","Harstad",74.7163415585753
"506",2002,"1911","Kvaefjord",29.4552416611124
"507",2002,"1928","Torsken",77.1153525121806
"508",2002,"1929","Berg",99.9969294338491
"509",2002,"1931","Lenvik",52.2860535156484
"510",2002,"1933","Balsfjord",30.5734038707373
"511",2002,"1936","Karlsoy",74.7839142161879
"512",2002,"1940","Kafjord",79.268722178636
"513",2002,"1941","Skjervoy",100
"514",2002,"1942","Nordreisa",87.585709323935
"515",2002,"1943","Kvaenangen",66.4548765021041
"516",2002,"2002","Vardo",71.2717111981844
"517",2002,"2003","Vadso",99.6504959299819
"518",2002,"2004","Hammerfest",91.0384417332992
"519",2002,"2014","Loppa",75.7871019227113
"520",2002,"2015","Hasvik",65.487884554161
"521",2002,"2017","Kvalsund",90.1785824429725
"522",2002,"2018","Masoy",94.8039400585198
"523",2002,"2019","Nordkapp",78.8775546043234
"524",2002,"2020","Porsanger",7.34382010716918
"525",2002,"2022","Lebesby",60.3939382791664
"526",2002,"2023","Gamvik",57.924222910154
"527",2002,"2024","Berlevag",95.7053379328432
"528",2002,"2025","Tana",27.9958268925689
"529",2002,"2027","Nesseby",9.24658524107368
"530",2002,"2028","Batsfjord",98.3507589462559
"531",2002,"2030","Sor-Varanger",37.4446374943883
"532",2003,"1804","Bodo",98.740177572435
"533",2003,"1811","Bindal",3.67121411433145
"534",2003,"1813","Bronnoy",9.33262521270163
"535",2003,"1815","Vega",4.83869702471167
"536",2003,"1818","Heroy",17.8255722603498
"537",2003,"1827","Donna",25.2677977881908
"538",2003,"1833","Rana",0.554731884030167
"539",2003,"1834","Luroy",11.7101148492243
"540",2003,"1835","Traena",95.5978443500916
"541",2003,"1836","Rodoy",10.1900813537611
"542",2003,"1837","Meloy",15.0972734862836
"543",2003,"1838","Gildeskal",4.26399823328206
"544",2003,"1845","Sorfold",36.663305979135
"545",2003,"1848","Steigen",20.5330830239442
"546",2003,"1850","Tysfjord",76.050460577134
"547",2003,"1851","Lodingen",99.8186022240112
"548",2003,"1856","Rost",98.3286590845054
"549",2003,"1857","Vaeroy",93.7774694553823
"550",2003,"1859","Flakstad",100
"551",2003,"1860","Vestvagoy",99.9985472030452
"552",2003,"1865","Vagan",83.7352048117055
"553",2003,"1866","Hadsel",38.4219386426732
"554",2003,"1867","Bo",24.7060479987632
"555",2003,"1868","Oksnes",98.7362781291941
"556",2003,"1870","Sortland",89.3157438324703
"557",2003,"1871","Andoy",98.1523251586573
"558",2003,"1874","Moskenes",100
"559",2003,"1902","Tromso",96.3972098471297
"560",2003,"1903","Harstad",61.7937366236906
"561",2003,"1911","Kvaefjord",28.0388287050673
"562",2003,"1928","Torsken",83.1257628088767
"563",2003,"1929","Berg",99.3854640621428
"564",2003,"1931","Lenvik",74.3895432767429
"565",2003,"1933","Balsfjord",17.3666519148702
"566",2003,"1936","Karlsoy",70.882461305611
"567",2003,"1940","Kafjord",77.5491040398123
"568",2003,"1941","Skjervoy",100
"569",2003,"1942","Nordreisa",76.8537106279775
"570",2003,"1943","Kvaenangen",57.6938525391264
"571",2003,"2002","Vardo",68.0722418546175
"572",2003,"2004","Hammerfest",100
"573",2003,"2012","Alta",7.6606861572728
"574",2003,"2014","Loppa",70.8012840556807
"575",2003,"2015","Hasvik",74.1800515839008
"576",2003,"2017","Kvalsund",95.067534954177
"577",2003,"2018","Masoy",72.7458578782581
"578",2003,"2019","Nordkapp",88.0145158344954
"579",2003,"2020","Porsanger",5.97844092152362
"580",2003,"2022","Lebesby",58.9306514576341
"581",2003,"2023","Gamvik",62.5147256425434
"582",2003,"2024","Berlevag",95.8100286958539
"583",2003,"2027","Nesseby",19.4692216436827
"584",2003,"2028","Batsfjord",92.7471847766383
"585",2003,"2030","Sor-Varanger",42.1019786750662
"586",2004,"1804","Bodo",98.4815078241448
"587",2004,"1813","Bronnoy",11.31934362869
"588",2004,"1815","Vega",1.87810113436113
"589",2004,"1818","Heroy",16.7772527580102
"590",2004,"1827","Donna",27.3256773341925
"591",2004,"1834","Luroy",2.97738458321343
"592",2004,"1835","Traena",98.3312503533849
"593",2004,"1836","Rodoy",8.33937283338375
"594",2004,"1837","Meloy",14.9306672387363
"595",2004,"1838","Gildeskal",4.18996150481991
"596",2004,"1841","Fauske",11.7657127121083
"597",2004,"1845","Sorfold",41.8826779303193
"598",2004,"1848","Steigen",13.5242001818544
"599",2004,"1850","Tysfjord",73.5627361734106
"600",2004,"1851","Lodingen",99.9428575594946
"601",2004,"1856","Rost",95.6892405824275
"602",2004,"1857","Vaeroy",98.583372558187
"603",2004,"1859","Flakstad",100
"604",2004,"1860","Vestvagoy",99.7257701621376
"605",2004,"1865","Vagan",100
"606",2004,"1866","Hadsel",33.8390099248881
"607",2004,"1867","Bo",23.407608469873
"608",2004,"1868","Oksnes",100
"609",2004,"1870","Sortland",94.1604619436975
"610",2004,"1871","Andoy",100
"611",2004,"1874","Moskenes",91.7344124533365
"612",2004,"1902","Tromso",92.9953840206969
"613",2004,"1903","Harstad",38.7685810736729
"614",2004,"1911","Kvaefjord",28.406989280685
"615",2004,"1928","Torsken",79.3327571675303
"616",2004,"1929","Berg",98.0148811166513
"617",2004,"1931","Lenvik",66.9636190359465
"618",2004,"1933","Balsfjord",14.7905241851126
"619",2004,"1936","Karlsoy",69.6205445537404
"620",2004,"1939","Storfjord",10.1144181371612
"621",2004,"1940","Kafjord",77.4265036844824
"622",2004,"1941","Skjervoy",100
"623",2004,"1942","Nordreisa",66.603781892562
"624",2004,"1943","Kvaenangen",54.2712706370134
"625",2004,"2002","Vardo",60.4618982295486
"626",2004,"2003","Vadso",17.6600097069969
"627",2004,"2004","Hammerfest",100
"628",2004,"2012","Alta",9.20996752132599
"629",2004,"2014","Loppa",55.3452204559587
"630",2004,"2015","Hasvik",87.0988332314615
"631",2004,"2017","Kvalsund",95.0280256760164
"632",2004,"2018","Masoy",81.1922497581786
"633",2004,"2019","Nordkapp",95.1899068567713
"634",2004,"2020","Porsanger",5.10300811110854
"635",2004,"2022","Lebesby",59.7438159251347
"636",2004,"2023","Gamvik",68.7129180642979
"637",2004,"2024","Berlevag",91.5257289488269
"638",2004,"2027","Nesseby",34.9140776701118
"639",2004,"2028","Batsfjord",99.5615214473419
"640",2004,"2030","Sor-Varanger",48.6460696526113
"641",2005,"1804","Bodo",94.9738510546861
"642",2005,"1805","Narvik",1.26327895788215
"643",2005,"1811","Bindal",6.2768954696807
"644",2005,"1812","Somna",0.126339022294252
"645",2005,"1813","Bronnoy",12.7375159759031
"646",2005,"1815","Vega",2.61691179837097
"647",2005,"1818","Heroy",17.6163941048807
"648",2005,"1820","Alstahaug",0.139556167259099
"649",2005,"1822","Leirfjord",13.0449817381792
"650",2005,"1824","Vefsn",0.176437312561848
"651",2005,"1827","Donna",31.9365054362478
"652",2005,"1828","Nesna",0.94040507628614
"653",2005,"1832","Hemnes",1.39400269128723
"654",2005,"1834","Luroy",6.38199930229994
"655",2005,"1835","Traena",84.0151154581553
"656",2005,"1836","Rodoy",8.30932619940421
"657",2005,"1837","Meloy",14.9779898373177
"658",2005,"1838","Gildeskal",3.77655323111517
"659",2005,"1840","Saltdal",1.39994490919806
"660",2005,"1841","Fauske",12.8318171923778
"661",2005,"1845","Sorfold",39.3239231938336
"662",2005,"1848","Steigen",12.5481353867805
"663",2005,"1850","Tysfjord",69.4237789575081
"664",2005,"1851","Lodingen",99.5496087223833
"665",2005,"1856","Rost",95.3691813423461
"666",2005,"1857","Vaeroy",96.9345650744795
"667",2005,"1859","Flakstad",100
"668",2005,"1860","Vestvagoy",97.1078999247333
"669",2005,"1865","Vagan",100
"670",2005,"1866","Hadsel",42.737796006241
"671",2005,"1867","Bo",32.7966327357703
"672",2005,"1868","Oksnes",100
"673",2005,"1870","Sortland",83.9191692352028
"674",2005,"1871","Andoy",99.8511680630397
"675",2005,"1874","Moskenes",92.9684309850185
"676",2005,"1902","Tromso",67.5006703993508
"677",2005,"1903","Harstad",41.6217333072034
"678",2005,"1911","Kvaefjord",32.7118848388463
"679",2005,"1917","Ibestad",0.0811354967857342
"680",2005,"1919","Gratangen",0.541746477942826
"681",2005,"1920","Lavangen",0.361998669000442
"682",2005,"1928","Torsken",76.4303415908369
"683",2005,"1929","Berg",97.1578798038123
"684",2005,"1931","Lenvik",72.441432386914
"685",2005,"1933","Balsfjord",15.3302964128461
"686",2005,"1936","Karlsoy",68.4346936889631
"687",2005,"1938","Lyngen",0.593103496750194
"688",2005,"1939","Storfjord",3.58442580721719
"689",2005,"1940","Kafjord",76.8688223035231
"690",2005,"1941","Skjervoy",100
"691",2005,"1942","Nordreisa",45.1071589733686
"692",2005,"1943","Kvaenangen",55.8545023763383
"693",2005,"2002","Vardo",60.618656044152
"694",2005,"2003","Vadso",20.2316481148071
"695",2005,"2004","Hammerfest",100
"696",2005,"2012","Alta",9.33418046897578
"697",2005,"2014","Loppa",65.8556977850632
"698",2005,"2015","Hasvik",93.0374200335064
"699",2005,"2017","Kvalsund",73.3835707328252
"700",2005,"2018","Masoy",97.7617786177184
"701",2005,"2019","Nordkapp",94.0794057221052
"702",2005,"2020","Porsanger",5.17563520928692
"703",2005,"2022","Lebesby",58.6614338440641
"704",2005,"2023","Gamvik",71.5361106829439
"705",2005,"2024","Berlevag",89.4200671597509
"706",2005,"2027","Nesseby",35.3729247692993
"707",2005,"2028","Batsfjord",99.5490116864386
"708",2005,"2030","Sor-Varanger",48.1731774297792
"709",2006,"1804","Bodo",66.4578674992866
"710",2006,"1805","Narvik",1.19212261624303
"711",2006,"1811","Bindal",8.71267548867309
"712",2006,"1812","Somna",0.132239132052571
"713",2006,"1813","Bronnoy",12.8288054145386
"714",2006,"1815","Vega",1.9933627105768
"715",2006,"1818","Heroy",16.3539000825092
"716",2006,"1820","Alstahaug",0.114550095032005
"717",2006,"1822","Leirfjord",0.276251736753989
"718",2006,"1824","Vefsn",0.0854913114731342
"719",2006,"1827","Donna",22.5384798879297
"720",2006,"1828","Nesna",0.96771259806318
"721",2006,"1832","Hemnes",1.86269531863286
"722",2006,"1834","Luroy",10.309707243279
"723",2006,"1835","Traena",57.9672732950543
"724",2006,"1836","Rodoy",13.1566017702907
"725",2006,"1837","Meloy",10.932835705584
"726",2006,"1838","Gildeskal",3.20071909101188
"727",2006,"1840","Saltdal",0.311142188662267
"728",2006,"1841","Fauske",24.0196722354675
"729",2006,"1845","Sorfold",41.5065816117597
"730",2006,"1848","Steigen",8.56185437388178
"731",2006,"1850","Tysfjord",43.3283850893604
"732",2006,"1851","Lodingen",99.0761270196307
"733",2006,"1854","Ballangen",44.9945311487683
"734",2006,"1856","Rost",93.8359772386399
"735",2006,"1857","Vaeroy",73.5852768857388
"736",2006,"1859","Flakstad",100
"737",2006,"1860","Vestvagoy",100
"738",2006,"1865","Vagan",100
"739",2006,"1866","Hadsel",38.0122963111598
"740",2006,"1867","Bo",37.0754537674701
"741",2006,"1868","Oksnes",98.7751176618155
"742",2006,"1870","Sortland",74.5448727850189
"743",2006,"1871","Andoy",100
"744",2006,"1874","Moskenes",98.1430533456492
"745",2006,"1902","Tromso",59.2411584129635
"746",2006,"1903","Harstad",48.3186162923877
"747",2006,"1911","Kvaefjord",37.3024505811756
"748",2006,"1920","Lavangen",0.325340575937106
"749",2006,"1925","Sorreisa",5.06717007998054
"750",2006,"1928","Torsken",72.3090612375465
"751",2006,"1929","Berg",98.4807425574465
"752",2006,"1931","Lenvik",91.7226270187044
"753",2006,"1933","Balsfjord",20.212403488804
"754",2006,"1936","Karlsoy",70.9587195286737
"755",2006,"1940","Kafjord",74.1727980367695
"756",2006,"1941","Skjervoy",100
"757",2006,"1942","Nordreisa",40.3159654082053
"758",2006,"1943","Kvaenangen",46.2384508499025
"759",2006,"2002","Vardo",61.7062484922359
"760",2006,"2003","Vadso",15.5339568536435
"761",2006,"2004","Hammerfest",100
"762",2006,"2012","Alta",12.7937566037013
"763",2006,"2014","Loppa",51.2820525979245
"764",2006,"2015","Hasvik",100
"765",2006,"2018","Masoy",100
"766",2006,"2019","Nordkapp",88.2343338870993
"767",2006,"2020","Porsanger",5.63306494428616
"768",2006,"2022","Lebesby",50.6079232326996
"769",2006,"2023","Gamvik",76.7762158159973
"770",2006,"2024","Berlevag",84.8481814832455
"771",2006,"2027","Nesseby",37.7425109210118
"772",2006,"2028","Batsfjord",99.4527770683567
"773",2006,"2030","Sor-Varanger",50.6723795020439
"774",2007,"1804","Bodo",49.3298783019242
"775",2007,"1805","Narvik",1.1509702037041
"776",2007,"1811","Bindal",7.53871067128947
"777",2007,"1812","Somna",0.0364197807931937
"778",2007,"1813","Bronnoy",14.6949182510617
"779",2007,"1815","Vega",1.91110135646237
"780",2007,"1818","Heroy",15.5402641535426
"781",2007,"1820","Alstahaug",0.0487814318187996
"782",2007,"1822","Leirfjord",0.125900106053879
"783",2007,"1824","Vefsn",0.14817368830808
"784",2007,"1827","Donna",20.5508833695316
"785",2007,"1828","Nesna",0.845110903709344
"786",2007,"1832","Hemnes",1.7588229349391
"787",2007,"1833","Rana",1.14309314663357
"788",2007,"1834","Luroy",11.7409865956421
"789",2007,"1835","Traena",47.1925722378763
"790",2007,"1836","Rodoy",15.7860670139772
"791",2007,"1837","Meloy",12.6962307976323
"792",2007,"1838","Gildeskal",3.53638525681024
"793",2007,"1840","Saltdal",0.0705886860885292
"794",2007,"1841","Fauske",31.5143380385192
"795",2007,"1845","Sorfold",47.6108656318554
"796",2007,"1848","Steigen",9.14144085000229
"797",2007,"1850","Tysfjord",21.0721337228817
"798",2007,"1851","Lodingen",98.7910320206881
"799",2007,"1854","Ballangen",0.160888871899587
"800",2007,"1856","Rost",93.7800562085758
"801",2007,"1857","Vaeroy",57.5245620485413
"802",2007,"1859","Flakstad",100
"803",2007,"1860","Vestvagoy",100
"804",2007,"1865","Vagan",75.9945307649639
"805",2007,"1866","Hadsel",43.1623470146199
"806",2007,"1867","Bo",35.6026120495297
"807",2007,"1868","Oksnes",97.2706079364911
"808",2007,"1870","Sortland",46.2368011251262
"809",2007,"1871","Andoy",100
"810",2007,"1874","Moskenes",98.6375353095632
"811",2007,"1902","Tromso",58.9061418698776
"812",2007,"1903","Harstad",67.3116644362079
"813",2007,"1911","Kvaefjord",30.2726929612682
"814",2007,"1920","Lavangen",0.311593791038356
"815",2007,"1925","Sorreisa",4.51675164167597
"816",2007,"1928","Torsken",77.6727468574608
"817",2007,"1929","Berg",74.2698800873589
"818",2007,"1931","Lenvik",89.2960196886289
"819",2007,"1933","Balsfjord",18.7163921443217
"820",2007,"1936","Karlsoy",67.7724889301784
"821",2007,"1940","Kafjord",70.0548117030172
"822",2007,"1941","Skjervoy",100
"823",2007,"1942","Nordreisa",45.7411629507323
"824",2007,"1943","Kvaenangen",56.5415966795183
"825",2007,"2002","Vardo",59.5508940384182
"826",2007,"2003","Vadso",3.21529642190517
"827",2007,"2004","Hammerfest",98.0650984680865
"828",2007,"2012","Alta",20.197812652715
"829",2007,"2014","Loppa",46.7546599851998
"830",2007,"2015","Hasvik",100
"831",2007,"2017","Kvalsund",15.3304730588114
"832",2007,"2018","Masoy",99.8648648648476
"833",2007,"2019","Nordkapp",82.2009533300273
"834",2007,"2020","Porsanger",31.4891473681214
"835",2007,"2022","Lebesby",44.1561800977764
"836",2007,"2023","Gamvik",71.9159845044588
"837",2007,"2024","Berlevag",80.0158149680362
"838",2007,"2027","Nesseby",49.9088510098295
"839",2007,"2028","Batsfjord",99.5173854402626
"840",2007,"2030","Sor-Varanger",47.4136545607361
"841",2008,"1804","Bodo",49.9228546762732
"842",2008,"1805","Narvik",0.674714232640576
"843",2008,"1811","Bindal",7.54459752511239
"844",2008,"1813","Bronnoy",13.8077209062916
"845",2008,"1815","Vega",1.14649632589235
"846",2008,"1818","Heroy",13.3454307089701
"847",2008,"1820","Alstahaug",0.0634062138874454
"848",2008,"1824","Vefsn",0.161152452231836
"849",2008,"1827","Donna",20.5705225171285
"850",2008,"1828","Nesna",0.880718068236438
"851",2008,"1832","Hemnes",1.31488661620457
"852",2008,"1833","Rana",0.977571950281476
"853",2008,"1834","Luroy",9.45829956479599
"854",2008,"1835","Traena",63.9085267442865
"855",2008,"1836","Rodoy",16.7348901226544
"856",2008,"1837","Meloy",9.68571299424312
"857",2008,"1838","Gildeskal",4.36291118046814
"858",2008,"1841","Fauske",25.0357822346606
"859",2008,"1845","Sorfold",52.4946884474344
"860",2008,"1848","Steigen",13.4827111997804
"861",2008,"1850","Tysfjord",7.03024278567754
"862",2008,"1851","Lodingen",92.4857622441396
"863",2008,"1854","Ballangen",0.457550746873161
"864",2008,"1856","Rost",92.8450905546998
"865",2008,"1857","Vaeroy",73.382571527426
"866",2008,"1859","Flakstad",96.0401377180592
"867",2008,"1860","Vestvagoy",100
"868",2008,"1865","Vagan",74.1012924139965
"869",2008,"1866","Hadsel",40.0875222483086
"870",2008,"1867","Bo",33.0787152392842
"871",2008,"1868","Oksnes",95.2313955671286
"872",2008,"1870","Sortland",39.8121439272912
"873",2008,"1871","Andoy",100
"874",2008,"1874","Moskenes",99.3990155342964
"875",2008,"1902","Tromso",58.8191991876514
"876",2008,"1903","Harstad",61.5090966571853
"877",2008,"1911","Kvaefjord",27.1119421510713
"878",2008,"1917","Ibestad",0.163696792813702
"879",2008,"1925","Sorreisa",1.41447653348449
"880",2008,"1928","Torsken",80.4744931349391
"881",2008,"1929","Berg",88.1168705596875
"882",2008,"1931","Lenvik",82.8839551405167
"883",2008,"1933","Balsfjord",15.7835337274148
"884",2008,"1936","Karlsoy",50.7993075661783
"885",2008,"1938","Lyngen",1.53924317848962
"886",2008,"1940","Kafjord",61.4545596164955
"887",2008,"1941","Skjervoy",96.6408760802023
"888",2008,"1942","Nordreisa",47.4625614999238
"889",2008,"1943","Kvaenangen",42.0894640372682
"890",2008,"2002","Vardo",59.1637431065114
"891",2008,"2003","Vadso",15.5745451353893
"892",2008,"2004","Hammerfest",96.9162935795201
"893",2008,"2012","Alta",18.9823257836117
"894",2008,"2014","Loppa",16.6029789609454
"895",2008,"2015","Hasvik",100
"896",2008,"2018","Masoy",99.7889951447568
"897",2008,"2019","Nordkapp",80.4348932565736
"898",2008,"2020","Porsanger",64.1675702524463
"899",2008,"2022","Lebesby",46.5432785810768
"900",2008,"2023","Gamvik",84.2521202102921
"901",2008,"2024","Berlevag",81.7059622026078
"902",2008,"2027","Nesseby",71.4916213327163
"903",2008,"2028","Batsfjord",87.9548772447454
"904",2008,"2030","Sor-Varanger",45.9259271637824
"905",2009,"1804","Bodo",53.3286746115074
"906",2009,"1805","Narvik",0.71989789543012
"907",2009,"1811","Bindal",7.25458545465978
"908",2009,"1812","Somna",0.0120467014329199
"909",2009,"1813","Bronnoy",12.6674734478284
"910",2009,"1815","Vega",1.24188709990894
"911",2009,"1818","Heroy",11.7579826849587
"912",2009,"1820","Alstahaug",0.0645418899673534
"913",2009,"1824","Vefsn",0.137141158549378
"914",2009,"1827","Donna",30.9643206632444
"915",2009,"1828","Nesna",0.96562617206552
"916",2009,"1832","Hemnes",0.671660114190927
"917",2009,"1833","Rana",0.765613948816871
"918",2009,"1834","Luroy",7.74705463743759
"919",2009,"1835","Traena",91.1717380906626
"920",2009,"1836","Rodoy",16.6944181368885
"921",2009,"1837","Meloy",6.69335128446823
"922",2009,"1838","Gildeskal",4.70480337895093
"923",2009,"1841","Fauske",20.3240916639562
"924",2009,"1845","Sorfold",52.6773212522424
"925",2009,"1848","Steigen",16.8518978179399
"926",2009,"1849","Hamaroy",0.0443967916587727
"927",2009,"1850","Tysfjord",9.64559132489024
"928",2009,"1851","Lodingen",99.0055186977211
"929",2009,"1856","Rost",94.1629813202527
"930",2009,"1857","Vaeroy",91.2494132387004
"931",2009,"1859","Flakstad",93.114435582443
"932",2009,"1860","Vestvagoy",100
"933",2009,"1865","Vagan",84.7546508081783
"934",2009,"1866","Hadsel",44.2432694860677
"935",2009,"1867","Bo",36.3684071919561
"936",2009,"1868","Oksnes",99.4368014057066
"937",2009,"1870","Sortland",37.6746224244266
"938",2009,"1871","Andoy",100
"939",2009,"1874","Moskenes",95.805177955381
"940",2009,"1902","Tromso",66.3917660163189
"941",2009,"1903","Harstad",30.6264595470515
"942",2009,"1911","Kvaefjord",30.2413964155165
"943",2009,"1913","Skanland",0.283784299016086
"944",2009,"1917","Ibestad",0.145941805484309
"945",2009,"1928","Torsken",78.6282317786822
"946",2009,"1929","Berg",98.6362378205553
"947",2009,"1931","Lenvik",89.8617356275703
"948",2009,"1933","Balsfjord",9.6123925546759
"949",2009,"1936","Karlsoy",40.992034276484
"950",2009,"1940","Kafjord",44.5791385574409
"951",2009,"1941","Skjervoy",96.2766582406122
"952",2009,"1942","Nordreisa",47.2049831969153
"953",2009,"1943","Kvaenangen",30.3005990335152
"954",2009,"2002","Vardo",58.763958957763
"955",2009,"2003","Vadso",9.89894040377039
"956",2009,"2004","Hammerfest",100
"957",2009,"2012","Alta",20.9427417378233
"958",2009,"2014","Loppa",71.3323490862369
"959",2009,"2015","Hasvik",100
"960",2009,"2018","Masoy",99.6980699862231
"961",2009,"2019","Nordkapp",68.3587930275737
"962",2009,"2020","Porsanger",66.6609734007429
"963",2009,"2022","Lebesby",57.7396287162941
"964",2009,"2023","Gamvik",89.749389203403
"965",2009,"2024","Berlevag",92.3157159844746
"966",2009,"2027","Nesseby",81.097504788983
"967",2009,"2028","Batsfjord",83.4962893751229
"968",2009,"2030","Sor-Varanger",45.3823174248963
"969",2010,"1804","Bodo",52.4826803255868
"970",2010,"1805","Narvik",1.01202554084431
"971",2010,"1811","Bindal",7.27462734310091
"972",2010,"1812","Somna",0.0129652182577173
"973",2010,"1813","Bronnoy",11.2717647477967
"974",2010,"1818","Heroy",9.05792756509991
"975",2010,"1820","Alstahaug",0.0600021537142228
"976",2010,"1827","Donna",38.0261612746524
"977",2010,"1828","Nesna",0.83881702923459
"978",2010,"1832","Hemnes",0.0973836487403907
"979",2010,"1833","Rana",15.93498267059
"980",2010,"1834","Luroy",7.49007186922386
"981",2010,"1835","Traena",91.2186944331056
"982",2010,"1836","Rodoy",15.5517829656392
"983",2010,"1837","Meloy",10.371052601977
"984",2010,"1838","Gildeskal",3.48469110819267
"985",2010,"1841","Fauske",16.6082518668152
"986",2010,"1845","Sorfold",55.8458082342675
"987",2010,"1848","Steigen",18.7663354400396
"988",2010,"1849","Hamaroy",0.0590956825617771
"989",2010,"1850","Tysfjord",32.6085155951
"990",2010,"1851","Lodingen",99.4762955271104
"991",2010,"1854","Ballangen",0.629439076242186
"992",2010,"1856","Rost",95.2434728710944
"993",2010,"1857","Vaeroy",95.4914003930229
"994",2010,"1859","Flakstad",97.3015909411961
"995",2010,"1860","Vestvagoy",100
"996",2010,"1865","Vagan",99.4524381776019
"997",2010,"1866","Hadsel",50.8432520782397
"998",2010,"1867","Bo",44.1883650604647
"999",2010,"1868","Oksnes",98.2882716615829
"1000",2010,"1870","Sortland",36.6027852239862
"1001",2010,"1871","Andoy",100
"1002",2010,"1874","Moskenes",94.8270570326244
"1003",2010,"1902","Tromso",80.2762152235074
"1004",2010,"1903","Harstad",22.4586545647278
"1005",2010,"1911","Kvaefjord",33.2971434370839
"1006",2010,"1913","Skanland",0.633646188734144
"1007",2010,"1917","Ibestad",0.195616912141043
"1008",2010,"1919","Gratangen",0.0513219473444851
"1009",2010,"1928","Torsken",83.1909424997356
"1010",2010,"1929","Berg",96.9573528540929
"1011",2010,"1931","Lenvik",95.7636342384103
"1012",2010,"1933","Balsfjord",3.5912359060624
"1013",2010,"1936","Karlsoy",54.8099806529912
"1014",2010,"1938","Lyngen",0.905712497622785
"1015",2010,"1940","Kafjord",19.6991463497083
"1016",2010,"1941","Skjervoy",97.1262295333413
"1017",2010,"1942","Nordreisa",41.7490922477746
"1018",2010,"1943","Kvaenangen",17.3556509875055
"1019",2010,"2002","Vardo",74.1394389826019
"1020",2010,"2003","Vadso",21.4187169024922
"1021",2010,"2004","Hammerfest",100
"1022",2010,"2012","Alta",14.4390186446508
"1023",2010,"2014","Loppa",75.6039438210023
"1024",2010,"2015","Hasvik",100
"1025",2010,"2018","Masoy",99.7186460275097
"1026",2010,"2019","Nordkapp",68.7413328579436
"1027",2010,"2020","Porsanger",36.950649297112
"1028",2010,"2022","Lebesby",61.8001954441994
"1029",2010,"2023","Gamvik",93.6757768255359
"1030",2010,"2024","Berlevag",96.4346476980987
"1031",2010,"2027","Nesseby",97.2941760585938
"1032",2010,"2028","Batsfjord",93.5504031479534
"1033",2010,"2030","Sor-Varanger",35.1140373334096
"1034",2011,"1804","Bodo",33.9318002970239
"1035",2011,"1805","Narvik",0.895947753695379
"1036",2011,"1811","Bindal",6.30086762793572
"1037",2011,"1812","Somna",0.00498118739601672
"1038",2011,"1813","Bronnoy",11.3064399985672
"1039",2011,"1815","Vega",0.69627295654413
"1040",2011,"1816","Vevelstad",14.4919477381295
"1041",2011,"1818","Heroy",7.82698013976817
"1042",2011,"1820","Alstahaug",0.0412314918784573
"1043",2011,"1827","Donna",36.1098168393824
"1044",2011,"1828","Nesna",1.10536218014761
"1045",2011,"1832","Hemnes",0.180240214551219
"1046",2011,"1833","Rana",16.012001518761
"1047",2011,"1834","Luroy",9.00675776767273
"1048",2011,"1835","Traena",76.0441227632219
"1049",2011,"1836","Rodoy",14.549700643699
"1050",2011,"1837","Meloy",12.4846993585864
"1051",2011,"1838","Gildeskal",2.18897110271084
"1052",2011,"1841","Fauske",20.7429542796471
"1053",2011,"1845","Sorfold",47.32084153668
"1054",2011,"1848","Steigen",15.9911819706914
"1055",2011,"1849","Hamaroy",0.0486295722728344
"1056",2011,"1850","Tysfjord",49.1166944125845
"1057",2011,"1851","Lodingen",99.0784576393988
"1058",2011,"1856","Rost",95.4146493573592
"1059",2011,"1857","Vaeroy",92.2858029685786
"1060",2011,"1859","Flakstad",96.0678072569506
"1061",2011,"1860","Vestvagoy",96.5904107391407
"1062",2011,"1865","Vagan",99.3099247530678
"1063",2011,"1866","Hadsel",39.8252499767978
"1064",2011,"1867","Bo",50.0656896251888
"1065",2011,"1868","Oksnes",98.6914748386126
"1066",2011,"1870","Sortland",35.9768786989979
"1067",2011,"1871","Andoy",100
"1068",2011,"1874","Moskenes",88.8874801117887
"1069",2011,"1902","Tromso",86.0922158163277
"1070",2011,"1903","Harstad",28.4336528467622
"1071",2011,"1911","Kvaefjord",28.6357614040704
"1072",2011,"1913","Skanland",0.401160963804033
"1073",2011,"1917","Ibestad",0.131119505799739
"1074",2011,"1919","Gratangen",0.122123513685241
"1075",2011,"1928","Torsken",86.9435100267312
"1076",2011,"1929","Berg",95.7804312595513
"1077",2011,"1931","Lenvik",98.3561357160966
"1078",2011,"1933","Balsfjord",0.047367236748918
"1079",2011,"1936","Karlsoy",67.1832670991557
"1080",2011,"1938","Lyngen",0.236775001492736
"1081",2011,"1940","Kafjord",1.32721743648696
"1082",2011,"1941","Skjervoy",99.8078321799259
"1083",2011,"1942","Nordreisa",45.3973251080145
"1084",2011,"1943","Kvaenangen",20.695811101704
"1085",2011,"2002","Vardo",85.9884464028845
"1086",2011,"2003","Vadso",28.0694329293062
"1087",2011,"2004","Hammerfest",100
"1088",2011,"2012","Alta",14.1536246064435
"1089",2011,"2014","Loppa",74.2558724772655
"1090",2011,"2015","Hasvik",100
"1091",2011,"2018","Masoy",99.7994260487521
"1092",2011,"2019","Nordkapp",73.9399259181281
"1093",2011,"2020","Porsanger",12.1194265788712
"1094",2011,"2022","Lebesby",64.1314221839102
"1095",2011,"2023","Gamvik",89.9160222948596
"1096",2011,"2024","Berlevag",97.0126926548098
"1097",2011,"2027","Nesseby",97.2516696068577
"1098",2011,"2028","Batsfjord",94.9058590068331
"1099",2011,"2030","Sor-Varanger",31.8625085479987
"1100",2012,"1804","Bodo",24.4056363264175
"1101",2012,"1805","Narvik",0.930867627895441
"1102",2012,"1811","Bindal",4.9989209129297
"1103",2012,"1812","Somna",0.0334089072025424
"1104",2012,"1813","Bronnoy",8.4315383594542
"1105",2012,"1815","Vega",1.27128820896345
"1106",2012,"1816","Vevelstad",27.1137941900597
"1107",2012,"1818","Heroy",6.96583539948975
"1108",2012,"1827","Donna",31.2867139947966
"1109",2012,"1828","Nesna",1.09708065629968
"1110",2012,"1833","Rana",29.1400977906097
"1111",2012,"1834","Luroy",8.93085502633896
"1112",2012,"1835","Traena",55.6070379209498
"1113",2012,"1836","Rodoy",13.0732697829801
"1114",2012,"1837","Meloy",16.4547815784387
"1115",2012,"1838","Gildeskal",1.04360988266279
"1116",2012,"1840","Saltdal",0.0882358576106633
"1117",2012,"1841","Fauske",16.6604453564577
"1118",2012,"1845","Sorfold",34.341284204082
"1119",2012,"1848","Steigen",14.5249043091047
"1120",2012,"1849","Hamaroy",0.0294406370887596
"1121",2012,"1850","Tysfjord",54.3608052705735
"1122",2012,"1851","Lodingen",99.0101160968739
"1123",2012,"1856","Rost",95.4267614551872
"1124",2012,"1857","Vaeroy",95.5903486883406
"1125",2012,"1859","Flakstad",98.9057572882801
"1126",2012,"1860","Vestvagoy",88.6985676872287
"1127",2012,"1865","Vagan",88.2260605439286
"1128",2012,"1866","Hadsel",62.7237412444957
"1129",2012,"1867","Bo",79.1496612894685
"1130",2012,"1868","Oksnes",99.0783168489913
"1131",2012,"1870","Sortland",11.3195584663087
"1132",2012,"1871","Andoy",100
"1133",2012,"1874","Moskenes",95.9939687378101
"1134",2012,"1902","Tromso",91.2225972762338
"1135",2012,"1903","Harstad",40.8435146865645
"1136",2012,"1911","Kvaefjord",16.8284992285326
"1137",2012,"1913","Skanland",0.270765295160222
"1138",2012,"1917","Ibestad",0.115751157845365
"1139",2012,"1928","Torsken",89.384319979188
"1140",2012,"1929","Berg",98.6695182080577
"1141",2012,"1931","Lenvik",96.8618641231498
"1142",2012,"1933","Balsfjord",0.0116741074768326
"1143",2012,"1936","Karlsoy",69.6287571324805
"1144",2012,"1938","Lyngen",1.05050698061938
"1145",2012,"1940","Kafjord",1.14178575799853
"1146",2012,"1941","Skjervoy",99.7227820597443
"1147",2012,"1942","Nordreisa",53.0002345661899
"1148",2012,"1943","Kvaenangen",19.4788464113392
"1149",2012,"2002","Vardo",94.9315896946697
"1150",2012,"2003","Vadso",31.6428783022259
"1151",2012,"2004","Hammerfest",94.9355283554787
"1152",2012,"2012","Alta",6.4187605594607
"1153",2012,"2014","Loppa",34.8081103135687
"1154",2012,"2015","Hasvik",100
"1155",2012,"2018","Masoy",99.6445973262786
"1156",2012,"2019","Nordkapp",74.6839201702108
"1157",2012,"2020","Porsanger",22.8528483500305
"1158",2012,"2022","Lebesby",63.743767595556
"1159",2012,"2023","Gamvik",94.7081651753853
"1160",2012,"2024","Berlevag",97.0275232217159
"1161",2012,"2025","Tana",49.6060400888711
"1162",2012,"2027","Nesseby",86.4372649847462
"1163",2012,"2028","Batsfjord",99.5591569561117
"1164",2012,"2030","Sor-Varanger",34.9777940409259
"1165",2013,"1804","Bodo",9.25956498402945
"1166",2013,"1805","Narvik",0.42555640568077
"1167",2013,"1811","Bindal",4.07443663062027
"1168",2013,"1813","Bronnoy",6.90468973769572
"1169",2013,"1815","Vega",1.13013993274274
"1170",2013,"1816","Vevelstad",17.512922975344
"1171",2013,"1818","Heroy",6.09259325342888
"1172",2013,"1822","Leirfjord",0.0388225534140546
"1173",2013,"1827","Donna",29.7701361601806
"1174",2013,"1828","Nesna",2.06880789645128
"1175",2013,"1832","Hemnes",0.316920927443885
"1176",2013,"1833","Rana",30.1434566532424
"1177",2013,"1834","Luroy",7.75449413214459
"1178",2013,"1835","Traena",39.993472301041
"1179",2013,"1836","Rodoy",12.6404016650491
"1180",2013,"1837","Meloy",18.2717865031732
"1181",2013,"1838","Gildeskal",4.0078214436686
"1182",2013,"1840","Saltdal",2.22721057725943
"1183",2013,"1841","Fauske",13.5844163820153
"1184",2013,"1845","Sorfold",19.0980754669583
"1185",2013,"1848","Steigen",10.9789873229176
"1186",2013,"1849","Hamaroy",0.0279535360072038
"1187",2013,"1850","Tysfjord",34.8259310388491
"1188",2013,"1851","Lodingen",99.462347986226
"1189",2013,"1856","Rost",95.26988963654
"1190",2013,"1857","Vaeroy",83.0720763947163
"1191",2013,"1859","Flakstad",99.3545390795627
"1192",2013,"1860","Vestvagoy",89.5080354598236
"1193",2013,"1865","Vagan",76.9820284328283
"1194",2013,"1866","Hadsel",91.7855011307677
"1195",2013,"1867","Bo",92.490549831772
"1196",2013,"1868","Oksnes",100
"1197",2013,"1870","Sortland",28.91116463953
"1198",2013,"1871","Andoy",100
"1199",2013,"1874","Moskenes",96.3432017948156
"1200",2013,"1902","Tromso",92.1631576326123
"1201",2013,"1903","Harstad",40.3812167063426
"1202",2013,"1911","Kvaefjord",8.48119420592391
"1203",2013,"1913","Skanland",0.360996626516468
"1204",2013,"1917","Ibestad",0.0527059379242096
"1205",2013,"1919","Gratangen",0.184579746893802
"1206",2013,"1928","Torsken",91.2724820923636
"1207",2013,"1929","Berg",96.6114717691159
"1208",2013,"1931","Lenvik",80.698073141014
"1209",2013,"1933","Balsfjord",0.023090697876972
"1210",2013,"1936","Karlsoy",75.9851455435984
"1211",2013,"1938","Lyngen",1.88510176377042
"1212",2013,"1940","Kafjord",24.9288531274956
"1213",2013,"1941","Skjervoy",93.2770007720439
"1214",2013,"1942","Nordreisa",54.5044288584763
"1215",2013,"1943","Kvaenangen",11.9388611382819
"1216",2013,"2002","Vardo",93.2490525065433
"1217",2013,"2003","Vadso",45.551820341041
"1218",2013,"2004","Hammerfest",85.2921651344456
"1219",2013,"2012","Alta",4.620755400334
"1220",2013,"2014","Loppa",13.8888175870668
"1221",2013,"2015","Hasvik",100
"1222",2013,"2018","Masoy",99.2355369617701
"1223",2013,"2019","Nordkapp",90.1743314171042
"1224",2013,"2020","Porsanger",95.2926769537382
"1225",2013,"2022","Lebesby",65.6315107917348
"1226",2013,"2023","Gamvik",95.7014601152142
"1227",2013,"2024","Berlevag",96.34181247841
"1228",2013,"2025","Tana",61.3497597744877
"1229",2013,"2027","Nesseby",81.1931145931662
"1230",2013,"2028","Batsfjord",99.2261075181343
"1231",2013,"2030","Sor-Varanger",64.0018901885042
"1232",2014,"1804","Bodo",2.70429175290932
"1233",2014,"1805","Narvik",0.551855836437658
"1234",2014,"1811","Bindal",3.81454375008695
"1235",2014,"1812","Somna",0.0069595313263496
"1236",2014,"1813","Bronnoy",5.78574425019018
"1237",2014,"1815","Vega",1.7919067779747
"1238",2014,"1818","Heroy",4.957051499381
"1239",2014,"1824","Vefsn",0.0412044153893281
"1240",2014,"1827","Donna",29.2202844908719
"1241",2014,"1828","Nesna",3.33385791122465
"1242",2014,"1832","Hemnes",0.276949702257454
"1243",2014,"1833","Rana",29.9762307491429
"1244",2014,"1834","Luroy",6.66176037784406
"1245",2014,"1835","Traena",33.3853634170268
"1246",2014,"1836","Rodoy",11.7611535445662
"1247",2014,"1837","Meloy",14.3441435107443
"1248",2014,"1838","Gildeskal",9.35731596660364
"1249",2014,"1841","Fauske",11.0188573607499
"1250",2014,"1845","Sorfold",18.0801279232476
"1251",2014,"1848","Steigen",12.0219034199038
"1252",2014,"1850","Tysfjord",19.265533232067
"1253",2014,"1851","Lodingen",99.7509217488749
"1254",2014,"1856","Rost",95.3658190344758
"1255",2014,"1857","Vaeroy",77.5611484036591
"1256",2014,"1859","Flakstad",100
"1257",2014,"1860","Vestvagoy",88.846907223276
"1258",2014,"1865","Vagan",79.2434193958795
"1259",2014,"1866","Hadsel",96.024544042486
"1260",2014,"1867","Bo",94.3489870736665
"1261",2014,"1868","Oksnes",100
"1262",2014,"1870","Sortland",21.0157256292918
"1263",2014,"1871","Andoy",98.9679945824722
"1264",2014,"1874","Moskenes",97.6821462541506
"1265",2014,"1902","Tromso",82.5456794903701
"1266",2014,"1903","Harstad",47.2221259706803
"1267",2014,"1911","Kvaefjord",12.5929889946456
"1268",2014,"1913","Skanland",0.331088501057385
"1269",2014,"1917","Ibestad",0.093714683121308
"1270",2014,"1919","Gratangen",0.0816184086006727
"1271",2014,"1928","Torsken",89.805375487526
"1272",2014,"1929","Berg",97.4675013762149
"1273",2014,"1931","Lenvik",81.8095378970589
"1274",2014,"1936","Karlsoy",81.2692748523203
"1275",2014,"1938","Lyngen",2.30111000873329
"1276",2014,"1940","Kafjord",57.7957691451927
"1277",2014,"1941","Skjervoy",89.3115995737315
"1278",2014,"1942","Nordreisa",47.139997286503
"1279",2014,"1943","Kvaenangen",11.0748639498895
"1280",2014,"2002","Vardo",93.6315698332235
"1281",2014,"2003","Vadso",50.2205776522329
"1282",2014,"2004","Hammerfest",68.4893708458279
"1283",2014,"2012","Alta",0.855743896035816
"1284",2014,"2014","Loppa",3.32575507466729
"1285",2014,"2015","Hasvik",100
"1286",2014,"2018","Masoy",99.120988238689
"1287",2014,"2019","Nordkapp",98.3231609069643
"1288",2014,"2020","Porsanger",68.2049123389281
"1289",2014,"2022","Lebesby",60.625554491317
"1290",2014,"2023","Gamvik",95.8854639250149
"1291",2014,"2024","Berlevag",96.3486828623295
"1292",2014,"2025","Tana",59.6714048420068
"1293",2014,"2027","Nesseby",81.7181989887711
"1294",2014,"2028","Batsfjord",99.2629646305312
"1295",2014,"2030","Sor-Varanger",83.0142640059888
"1296",2015,"1804","Bodo",31.6817502953933
"1297",2015,"1811","Bindal",4.34786248795008
"1298",2015,"1813","Bronnoy",8.67366054398359
"1299",2015,"1815","Vega",1.85479962877191
"1300",2015,"1818","Heroy",4.63618146060643
"1301",2015,"1827","Donna",25.7123714324421
"1302",2015,"1828","Nesna",3.45317243436073
"1303",2015,"1834","Luroy",6.19295827412255
"1304",2015,"1835","Traena",48.1625888005301
"1305",2015,"1836","Rodoy",12.0992893860183
"1306",2015,"1837","Meloy",13.4131416998923
"1307",2015,"1838","Gildeskal",11.4169798441526
"1308",2015,"1840","Saltdal",2.4055089614051
"1309",2015,"1841","Fauske",6.85772541983695
"1310",2015,"1845","Sorfold",24.0631776722538
"1311",2015,"1848","Steigen",12.7590949204336
"1312",2015,"1850","Tysfjord",12.6894604930711
"1313",2015,"1851","Lodingen",99.0743566926613
"1314",2015,"1856","Rost",95.1165166779883
"1315",2015,"1857","Vaeroy",77.0457043852149
"1316",2015,"1859","Flakstad",100
"1317",2015,"1860","Vestvagoy",93.8635444663176
"1318",2015,"1865","Vagan",85.769416485175
"1319",2015,"1866","Hadsel",96.5486676821916
"1320",2015,"1867","Bo",86.5258088388128
"1321",2015,"1868","Oksnes",100
"1322",2015,"1870","Sortland",9.90159554377399
"1323",2015,"1871","Andoy",100
"1324",2015,"1874","Moskenes",97.3875786150243
"1325",2015,"1902","Tromso",77.2757872461072
"1326",2015,"1903","Harstad",46.3630508616899
"1327",2015,"1911","Kvaefjord",23.5246002555375
"1328",2015,"1917","Ibestad",0.0731590493536556
"1329",2015,"1928","Torsken",94.8955807196672
"1330",2015,"1929","Berg",99.5415749437098
"1331",2015,"1931","Lenvik",87.0040045933751
"1332",2015,"1936","Karlsoy",83.990349905258
"1333",2015,"1938","Lyngen",2.23215912916343
"1334",2015,"1940","Kafjord",55.4864731103625
"1335",2015,"1941","Skjervoy",90.5657237614166
"1336",2015,"1942","Nordreisa",29.3353794901559
"1337",2015,"1943","Kvaenangen",14.3591386303425
"1338",2015,"2002","Vardo",90.6058699953527
"1339",2015,"2003","Vadso",52.7371624928813
"1340",2015,"2004","Hammerfest",59.9175217348723
"1341",2015,"2012","Alta",1.99569215104317
"1342",2015,"2015","Hasvik",100
"1343",2015,"2018","Masoy",99.005824027994
"1344",2015,"2019","Nordkapp",92.1503857883173
"1345",2015,"2020","Porsanger",84.3170484571267
"1346",2015,"2022","Lebesby",57.9494490631723
"1347",2015,"2023","Gamvik",94.7034368284362
"1348",2015,"2024","Berlevag",96.2902779336649
"1349",2015,"2025","Tana",50.4026473354494
"1350",2015,"2027","Nesseby",78.1183264739406
"1351",2015,"2028","Batsfjord",96.3565737518836
"1352",2015,"2030","Sor-Varanger",83.6709601938321
"1353",2016,"1804","Bodo",5.92123054420295
"1354",2016,"1811","Bindal",4.80486042171123
"1355",2016,"1813","Bronnoy",8.73578098243492
"1356",2016,"1815","Vega",1.84260603472959
"1357",2016,"1818","Heroy",4.97050162062029
"1358",2016,"1827","Donna",27.7197595734731
"1359",2016,"1828","Nesna",2.95703492087541
"1360",2016,"1833","Rana",0.297565162279663
"1361",2016,"1834","Luroy",5.40755521897004
"1362",2016,"1835","Traena",24.9343372651015
"1363",2016,"1836","Rodoy",12.1505697959641
"1364",2016,"1837","Meloy",12.2757249552647
"1365",2016,"1838","Gildeskal",8.7877792180068
"1366",2016,"1840","Saltdal",0.580295070712901
"1367",2016,"1845","Sorfold",27.0993523742499
"1368",2016,"1848","Steigen",14.2317511869696
"1369",2016,"1850","Tysfjord",7.89484016841392
"1370",2016,"1851","Lodingen",99.0414387648751
"1371",2016,"1856","Rost",94.8966134221132
"1372",2016,"1857","Vaeroy",82.1021111347626
"1373",2016,"1859","Flakstad",100
"1374",2016,"1860","Vestvagoy",99.7555100795676
"1375",2016,"1865","Vagan",85.8219162233804
"1376",2016,"1866","Hadsel",91.8208967515931
"1377",2016,"1867","Bo",70.4709360023511
"1378",2016,"1868","Oksnes",100
"1379",2016,"1870","Sortland",5.17798350684607
"1380",2016,"1871","Andoy",100
"1381",2016,"1874","Moskenes",96.4180561500017
"1382",2016,"1902","Tromso",72.9084593750518
"1383",2016,"1903","Harstad",51.6683609795691
"1384",2016,"1911","Kvaefjord",25.5024002018468
"1385",2016,"1928","Torsken",91.26141812547
"1386",2016,"1929","Berg",100
"1387",2016,"1931","Lenvik",76.0266709843561
"1388",2016,"1936","Karlsoy",81.4196791533063
"1389",2016,"1938","Lyngen",1.52849461375355
"1390",2016,"1940","Kafjord",51.26507681865
"1391",2016,"1941","Skjervoy",98.8623236249353
"1392",2016,"1942","Nordreisa",28.7532191622129
"1393",2016,"1943","Kvaenangen",16.4185968350628
"1394",2016,"2002","Vardo",88.5888921213905
"1395",2016,"2003","Vadso",51.4715253173597
"1396",2016,"2004","Hammerfest",63.5318255586173
"1397",2016,"2012","Alta",2.55239133670568
"1398",2016,"2014","Loppa",7.35813428676114
"1399",2016,"2015","Hasvik",100
"1400",2016,"2018","Masoy",98.9498324106457
"1401",2016,"2019","Nordkapp",99.9509865316647
"1402",2016,"2020","Porsanger",90.7536904264846
"1403",2016,"2022","Lebesby",61.2672812866517
"1404",2016,"2023","Gamvik",94.4205359695458
"1405",2016,"2024","Berlevag",99.0707466751807
"1406",2016,"2025","Tana",48.0679088418439
"1407",2016,"2027","Nesseby",82.3632542002318
"1408",2016,"2028","Batsfjord",100
"1409",2016,"2030","Sor-Varanger",73.9315003364036
"1410",2017,"1804","Bodo",5.33453505908747
"1411",2017,"1811","Bindal",5.7225326482774
"1412",2017,"1813","Bronnoy",9.87357332662832
"1413",2017,"1815","Vega",1.735980446489
"1414",2017,"1818","Heroy",4.48977874176266
"1415",2017,"1827","Donna",29.0702218552549
"1416",2017,"1828","Nesna",1.83712558859017
"1417",2017,"1833","Rana",17.0151900318042
"1418",2017,"1834","Luroy",3.31121024857715
"1419",2017,"1835","Traena",43.50607403029
"1420",2017,"1836","Rodoy",11.7124838373214
"1421",2017,"1837","Meloy",11.1467792256551
"1422",2017,"1838","Gildeskal",2.83587685813736
"1423",2017,"1845","Sorfold",42.8070704148188
"1424",2017,"1848","Steigen",14.5254525247237
"1425",2017,"1850","Tysfjord",9.77884956044136
"1426",2017,"1851","Lodingen",99.4523570559648
"1427",2017,"1856","Rost",94.8585831179901
"1428",2017,"1857","Vaeroy",98.672757100701
"1429",2017,"1859","Flakstad",99.9631693330191
"1430",2017,"1860","Vestvagoy",98.9943665722673
"1431",2017,"1865","Vagan",83.8551449649278
"1432",2017,"1866","Hadsel",100
"1433",2017,"1867","Bo",75.8100223639221
"1434",2017,"1868","Oksnes",100
"1435",2017,"1870","Sortland",100
"1436",2017,"1871","Andoy",100
"1437",2017,"1874","Moskenes",95.7449691984284
"1438",2017,"1902","Tromso",88.7905947979089
"1439",2017,"1903","Harstad",37.3197504529674
"1440",2017,"1911","Kvaefjord",20.0656648808628
"1441",2017,"1928","Torsken",99.0141534787543
"1442",2017,"1929","Berg",100
"1443",2017,"1931","Lenvik",98.9036996536627
"1444",2017,"1936","Karlsoy",80.1049482890094
"1445",2017,"1938","Lyngen",1.01143470654353
"1446",2017,"1940","Kafjord",32.2247838355659
"1447",2017,"1941","Skjervoy",99.4715293438714
"1448",2017,"1942","Nordreisa",26.7452052490887
"1449",2017,"1943","Kvaenangen",16.7515613111681
"1450",2017,"2002","Vardo",87.5321166350546
"1451",2017,"2003","Vadso",51.2537228091379
"1452",2017,"2004","Hammerfest",93.3316856478575
"1453",2017,"2012","Alta",6.70669033915864
"1454",2017,"2014","Loppa",16.5045282840495
"1455",2017,"2015","Hasvik",99.8479591813698
"1456",2017,"2018","Masoy",99.0288612006183
"1457",2017,"2019","Nordkapp",100
"1458",2017,"2020","Porsanger",90.8207572879191
"1459",2017,"2022","Lebesby",74.507471035182
"1460",2017,"2023","Gamvik",94.7189185825952
"1461",2017,"2024","Berlevag",99.2643923841697
"1462",2017,"2025","Tana",53.3081606038453
"1463",2017,"2027","Nesseby",75.3548717894231
"1464",2017,"2028","Batsfjord",99.9422189725251
"1465",2017,"2030","Sor-Varanger",71.499084498569
