"Year","Municip_number","Municip_name_new","fish_score"
1994,"1804","Bodo",95.733226512841
1994,"1805","Narvik",99.8312374599066
1994,"1811","Bindal",0.490157349973217
1994,"1812","Somna",0.0187728022780592
1994,"1813","Bronnoy",5.06074428547678
1994,"1815","Vega",1.2378652375055
1994,"1816","Vevelstad",0.0576453301762352
1994,"1818","Heroy",5.95759597302836
1994,"1820","Alstahaug",2.37798756647051
1994,"1822","Leirfjord",7.21633670814718
1994,"1824","Vefsn",0.0269659741485786
1994,"1827","Donna",6.85304194330301
1994,"1828","Nesna",1.56590873164812
1994,"1832","Hemnes",1.82071618469102
1994,"1833","Rana",0.103569221663112
1994,"1834","Luroy",4.9802332284406
1994,"1835","Traena",13.9817730364189
1994,"1836","Rodoy",5.08668732010419
1994,"1837","Meloy",7.1609756216618
1994,"1838","Gildeskal",1.83813589410766
1994,"1840","Saltdal",12.6882395801022
1994,"1841","Fauske",1.35167189002051
1994,"1845","Sorfold",16.208204304515
1994,"1848","Steigen",4.37360814007643
1994,"1849","Hamaroy",2.5885907447119
1994,"1850","Tysfjord",93.0900923858176
1994,"1851","Lodingen",39.6863140929848
1994,"1852","Tjeldsund",83.4787641771561
1994,"1853","Evenes",99.9165390624746
1994,"1854","Ballangen",84.8866801028386
1994,"1856","Rost",22.1723868283026
1994,"1857","Vaeroy",30.1714142162346
1994,"1859","Flakstad",47.0346275209355
1994,"1860","Vestvagoy",43.2507034754149
1994,"1865","Vagan",55.3279152166868
1994,"1866","Hadsel",29.3826262534764
1994,"1867","Bo",22.2039328501837
1994,"1868","Oksnes",47.1921633894038
1994,"1870","Sortland",99.949565524231
1994,"1871","Andoy",29.9530389488014
1994,"1874","Moskenes",40.8213856512776
1994,"1902","Tromso",59.4660479580177
1994,"1903","Harstad",16.1947872037107
1994,"1911","Kvaefjord",6.36038264969883
1994,"1913","Skanland",63.0888957371864
1994,"1917","Ibestad",49.2841321396779
1994,"1919","Gratangen",0.282774816246613
1994,"1920","Lavangen",0.0361865437615513
1994,"1924","Malselv",0.418023559862053
1994,"1926","Dyroy",26.8376450136433
1994,"1927","Tranoy",1.1454171518497
1994,"1928","Torsken",32.4339305119024
1994,"1929","Berg",38.0081448264365
1994,"1931","Lenvik",36.5933192909748
1994,"1933","Balsfjord",0.0942338616237866
1994,"1936","Karlsoy",15.2522107176569
1994,"1938","Lyngen",41.3946963626578
1994,"1939","Storfjord",2.06445183606663
1994,"1940","Kafjord",0.193319176555614
1994,"1941","Skjervoy",39.9069969841959
1994,"1942","Nordreisa",43.2743048583517
1994,"1943","Kvaenangen",24.7850181329355
1994,"2002","Vardo",53.4696948208011
1994,"2003","Vadso",22.7259992062195
1994,"2004","Hammerfest",14.1602231326408
1994,"2012","Alta",4.73123508134801
1994,"2014","Loppa",5.61264505977057
1994,"2015","Hasvik",18.6717991507084
1994,"2017","Kvalsund",23.3619254079629
1994,"2018","Masoy",25.2082854233179
1994,"2019","Nordkapp",30.9593399950184
1994,"2020","Porsanger",3.03779150172198
1994,"2022","Lebesby",24.457930665759
1994,"2023","Gamvik",47.2638861432639
1994,"2024","Berlevag",51.8859627809152
1994,"2025","Tana",1.55870001038562
1994,"2027","Nesseby",0.152129495348408
1994,"2028","Batsfjord",60.6925971632876
1994,"2030","Sor-Varanger",22.3598307954336
1995,"1804","Bodo",77.1090591872127
1995,"1805","Narvik",1.87489711120887
1995,"1811","Bindal",0.737083976890287
1995,"1812","Somna",0.0226456202925457
1995,"1813","Bronnoy",6.21308468764841
1995,"1815","Vega",2.25861225321189
1995,"1816","Vevelstad",0.0568206792350928
1995,"1818","Heroy",9.09512597720897
1995,"1820","Alstahaug",2.47206441606494
1995,"1822","Leirfjord",7.20327250156583
1995,"1824","Vefsn",0.0915731604463936
1995,"1827","Donna",9.89391344080484
1995,"1828","Nesna",3.19280769462589
1995,"1832","Hemnes",0.161863202847471
1995,"1833","Rana",1.39131669386297
1995,"1834","Luroy",8.26965306379274
1995,"1835","Traena",15.0294508832442
1995,"1836","Rodoy",7.09831756604073
1995,"1837","Meloy",8.20438199604243
1995,"1838","Gildeskal",5.85782487517489
1995,"1840","Saltdal",12.7867362735864
1995,"1841","Fauske",2.81323957670251
1995,"1845","Sorfold",19.4689873290393
1995,"1848","Steigen",4.96287128445456
1995,"1849","Hamaroy",35.6273843323103
1995,"1850","Tysfjord",73.7439026697716
1995,"1851","Lodingen",36.2707423902235
1995,"1852","Tjeldsund",29.5382275361891
1995,"1853","Evenes",3.81306196812585
1995,"1854","Ballangen",70.9962340313736
1995,"1856","Rost",23.0996372573834
1995,"1857","Vaeroy",30.7639882458005
1995,"1859","Flakstad",53.1478168529391
1995,"1860","Vestvagoy",50.652555907982
1995,"1865","Vagan",53.8715272776221
1995,"1866","Hadsel",60.9083504047733
1995,"1867","Bo",32.0938119253063
1995,"1868","Oksnes",55.5495892830082
1995,"1870","Sortland",77.9458349637957
1995,"1871","Andoy",34.8499607081622
1995,"1874","Moskenes",49.2801418010985
1995,"1902","Tromso",61.4599465145613
1995,"1903","Harstad",43.0525238986987
1995,"1911","Kvaefjord",9.41269480641523
1995,"1913","Skanland",64.4970286040314
1995,"1917","Ibestad",100
1995,"1919","Gratangen",0.484032278537893
1995,"1924","Malselv",1.86025230000311
1995,"1926","Dyroy",31.3712725480178
1995,"1927","Tranoy",2.30351870754649
1995,"1928","Torsken",38.6737488447408
1995,"1929","Berg",50.4405772100525
1995,"1931","Lenvik",52.352455494031
1995,"1936","Karlsoy",15.5025267741188
1995,"1938","Lyngen",42.0228988870692
1995,"1939","Storfjord",2.08466844531024
1995,"1940","Kafjord",0.410890288999392
1995,"1941","Skjervoy",43.0452184407527
1995,"1942","Nordreisa",55.0028200409927
1995,"1943","Kvaenangen",45.1510140556103
1995,"2002","Vardo",53.1946230349644
1995,"2003","Vadso",36.0652895653745
1995,"2004","Hammerfest",18.0247888303108
1995,"2012","Alta",4.6906645413998
1995,"2014","Loppa",6.68681945560734
1995,"2015","Hasvik",21.2127496674922
1995,"2017","Kvalsund",29.0866215666359
1995,"2018","Masoy",25.1837105904041
1995,"2019","Nordkapp",38.5781052157991
1995,"2020","Porsanger",2.99213776023333
1995,"2022","Lebesby",24.7341291728822
1995,"2023","Gamvik",47.1493677113941
1995,"2024","Berlevag",53.0766117283692
1995,"2025","Tana",38.9926358176189
1995,"2027","Nesseby",0.569251537992456
1995,"2028","Batsfjord",64.481410999099
1995,"2030","Sor-Varanger",22.3660782261639
1996,"1804","Bodo",87.3078000422865
1996,"1805","Narvik",87.9290538432408
1996,"1811","Bindal",0.656344566839238
1996,"1812","Somna",0.0309940504222243
1996,"1813","Bronnoy",3.73295321108309
1996,"1815","Vega",2.47894146595089
1996,"1816","Vevelstad",0.069184384118471
1996,"1818","Heroy",9.79791373843616
1996,"1820","Alstahaug",2.1189102651856
1996,"1822","Leirfjord",10.2692953158398
1996,"1827","Donna",9.0786112708206
1996,"1828","Nesna",2.10667401151035
1996,"1832","Hemnes",0.140578725092939
1996,"1833","Rana",0.86084456423124
1996,"1834","Luroy",10.1560458424406
1996,"1835","Traena",19.408562728211
1996,"1836","Rodoy",8.02541763859165
1996,"1837","Meloy",7.60656647923476
1996,"1838","Gildeskal",6.65780100487176
1996,"1840","Saltdal",8.37724740258533
1996,"1841","Fauske",2.58616810507861
1996,"1845","Sorfold",13.0057407384442
1996,"1848","Steigen",6.74128000740388
1996,"1849","Hamaroy",18.2020127605666
1996,"1850","Tysfjord",83.4741916289508
1996,"1851","Lodingen",37.2179919173172
1996,"1852","Tjeldsund",32.8822565624805
1996,"1853","Evenes",71.1047209557415
1996,"1854","Ballangen",57.3984375509895
1996,"1856","Rost",19.4531590922351
1996,"1857","Vaeroy",27.9448003077396
1996,"1859","Flakstad",55.6026894319664
1996,"1860","Vestvagoy",52.7403966808004
1996,"1865","Vagan",53.7379584850164
1996,"1866","Hadsel",74.0949106379247
1996,"1867","Bo",32.7249608134337
1996,"1868","Oksnes",54.0093969631853
1996,"1870","Sortland",88.0130176464661
1996,"1871","Andoy",39.5781284348542
1996,"1874","Moskenes",51.0365183225614
1996,"1902","Tromso",69.6150715846635
1996,"1903","Harstad",52.9888553858664
1996,"1911","Kvaefjord",13.7435443433602
1996,"1913","Skanland",61.9745630653613
1996,"1917","Ibestad",99.7186121501632
1996,"1919","Gratangen",1.04078697220188
1996,"1920","Lavangen",1.66978904619953
1996,"1924","Malselv",0.377437355447941
1996,"1925","Sorreisa",2.07713139419712
1996,"1926","Dyroy",14.9465311656873
1996,"1927","Tranoy",3.70284218163371
1996,"1928","Torsken",38.7302264234814
1996,"1929","Berg",55.4604211947153
1996,"1931","Lenvik",62.0838410936245
1996,"1933","Balsfjord",4.64697362255863
1996,"1936","Karlsoy",17.4764122265679
1996,"1938","Lyngen",48.1733333499898
1996,"1939","Storfjord",8.20546182918591
1996,"1940","Kafjord",0.366417849850526
1996,"1941","Skjervoy",49.7343599098673
1996,"1942","Nordreisa",62.9710113014777
1996,"1943","Kvaenangen",51.6367538516539
1996,"2002","Vardo",54.6939465837515
1996,"2003","Vadso",33.3623921660425
1996,"2004","Hammerfest",31.8416958080014
1996,"2012","Alta",4.56249906662798
1996,"2014","Loppa",7.9068545770735
1996,"2015","Hasvik",20.1992092396798
1996,"2017","Kvalsund",23.1620055451251
1996,"2018","Masoy",21.5116573404358
1996,"2019","Nordkapp",43.9161757377224
1996,"2020","Porsanger",2.82812954278201
1996,"2022","Lebesby",26.7065693817112
1996,"2023","Gamvik",44.6068607737171
1996,"2024","Berlevag",49.6636476755758
1996,"2025","Tana",24.0063617070398
1996,"2028","Batsfjord",65.4955733664161
1996,"2030","Sor-Varanger",36.0581080592607
1997,"1804","Bodo",85.6914845771973
1997,"1805","Narvik",19.0111385108667
1997,"1811","Bindal",0.488305070824833
1997,"1812","Somna",0.0237994531259138
1997,"1813","Bronnoy",2.6456437276429
1997,"1815","Vega",1.54942256892221
1997,"1816","Vevelstad",0.087732146140359
1997,"1818","Heroy",7.780358903348
1997,"1820","Alstahaug",1.28076284607065
1997,"1822","Leirfjord",7.75486892167514
1997,"1827","Donna",7.73087395861689
1997,"1828","Nesna",0.670805070435724
1997,"1832","Hemnes",0.20588749782265
1997,"1833","Rana",1.55148034776264
1997,"1834","Luroy",10.5954115449609
1997,"1835","Traena",25.7494016743437
1997,"1836","Rodoy",7.54219251402291
1997,"1837","Meloy",7.46932768464929
1997,"1838","Gildeskal",3.75417147365118
1997,"1840","Saltdal",4.34622025114902
1997,"1841","Fauske",3.02195931593362
1997,"1845","Sorfold",14.8611736339844
1997,"1848","Steigen",6.64112816959738
1997,"1849","Hamaroy",78.3106671029229
1997,"1850","Tysfjord",81.1916058381755
1997,"1851","Lodingen",50.5641686613346
1997,"1852","Tjeldsund",0.230576291902776
1997,"1853","Evenes",44.7799610871383
1997,"1854","Ballangen",79.6868571254241
1997,"1856","Rost",18.4071582857767
1997,"1857","Vaeroy",27.5204202952181
1997,"1859","Flakstad",55.2669282934685
1997,"1860","Vestvagoy",51.3142045755276
1997,"1865","Vagan",56.2848459357873
1997,"1866","Hadsel",69.8300828867267
1997,"1867","Bo",37.0415147365175
1997,"1868","Oksnes",53.3138651272163
1997,"1870","Sortland",86.1685612048571
1997,"1871","Andoy",48.4328792511386
1997,"1874","Moskenes",47.8725872761704
1997,"1902","Tromso",79.4883159721941
1997,"1903","Harstad",39.7506925629873
1997,"1911","Kvaefjord",83.0170252603938
1997,"1913","Skanland",44.0852428148793
1997,"1917","Ibestad",100
1997,"1919","Gratangen",1.05837655699676
1997,"1920","Lavangen",0.175489105874665
1997,"1924","Malselv",0.129706046036199
1997,"1925","Sorreisa",1.69454358235728
1997,"1926","Dyroy",41.5247112534635
1997,"1927","Tranoy",2.07829762749382
1997,"1928","Torsken",48.0246636535109
1997,"1929","Berg",46.052167179588
1997,"1931","Lenvik",64.035592015575
1997,"1933","Balsfjord",5.67020083188004
1997,"1936","Karlsoy",20.9650562979404
1997,"1938","Lyngen",68.6144326891263
1997,"1939","Storfjord",7.87414570873043
1997,"1940","Kafjord",0.334203380093395
1997,"1941","Skjervoy",63.1155142895744
1997,"1942","Nordreisa",63.9528195992292
1997,"1943","Kvaenangen",38.3735659422174
1997,"2002","Vardo",57.8774234110716
1997,"2003","Vadso",32.9988644710407
1997,"2004","Hammerfest",48.5211841059245
1997,"2012","Alta",3.2977084593095
1997,"2014","Loppa",10.6289051595604
1997,"2015","Hasvik",22.2904695163299
1997,"2017","Kvalsund",24.4550764114596
1997,"2018","Masoy",23.5914581684434
1997,"2019","Nordkapp",47.0273768466655
1997,"2020","Porsanger",3.22289487463667
1997,"2022","Lebesby",33.4797938434921
1997,"2023","Gamvik",48.089479217496
1997,"2024","Berlevag",50.257349197292
1997,"2025","Tana",24.0225853491317
1997,"2028","Batsfjord",67.0846067351299
1997,"2030","Sor-Varanger",45.7168452360086
1998,"1804","Bodo",87.142634170445
1998,"1805","Narvik",57.560804750072
1998,"1811","Bindal",0.641759569289473
1998,"1812","Somna",0.06835208770211
1998,"1813","Bronnoy",2.53884200396114
1998,"1815","Vega",2.36257109917757
1998,"1816","Vevelstad",0.0961995779632407
1998,"1818","Heroy",6.31236098116887
1998,"1820","Alstahaug",0.620886634315188
1998,"1822","Leirfjord",14.7745215362938
1998,"1827","Donna",9.54985161248803
1998,"1828","Nesna",0.352245353589917
1998,"1832","Hemnes",0.19001829446833
1998,"1833","Rana",1.26411974244559
1998,"1834","Luroy",10.2094943690791
1998,"1835","Traena",35.2252282904274
1998,"1836","Rodoy",9.69303038230546
1998,"1837","Meloy",6.66073752629955
1998,"1838","Gildeskal",2.64340207755796
1998,"1840","Saltdal",0.468442317375554
1998,"1841","Fauske",3.29650574310498
1998,"1845","Sorfold",21.8323161886258
1998,"1848","Steigen",7.02093166055067
1998,"1849","Hamaroy",37.8990539365111
1998,"1850","Tysfjord",49.3598072655499
1998,"1851","Lodingen",39.3404188279466
1998,"1852","Tjeldsund",65.3957418300475
1998,"1853","Evenes",51.9274464636029
1998,"1854","Ballangen",38.945083381138
1998,"1856","Rost",11.9695516645746
1998,"1857","Vaeroy",20.7673993841716
1998,"1859","Flakstad",41.8201961144324
1998,"1860","Vestvagoy",39.1512157044691
1998,"1865","Vagan",48.3799057988834
1998,"1866","Hadsel",43.8811970958716
1998,"1867","Bo",31.4477900718092
1998,"1868","Oksnes",47.1473499704953
1998,"1870","Sortland",87.3983545216885
1998,"1871","Andoy",47.0826417599461
1998,"1874","Moskenes",39.9890462546378
1998,"1902","Tromso",80.3921291419214
1998,"1903","Harstad",53.8071334041959
1998,"1911","Kvaefjord",14.4633193647537
1998,"1913","Skanland",80.4275279890715
1998,"1917","Ibestad",93.7090114421142
1998,"1919","Gratangen",0.78082458435442
1998,"1920","Lavangen",0.090088514009015
1998,"1924","Malselv",0.501630276020712
1998,"1926","Dyroy",28.4325183718351
1998,"1927","Tranoy",1.79934908769
1998,"1928","Torsken",46.4049071922153
1998,"1929","Berg",45.2716292289463
1998,"1931","Lenvik",57.4178430980045
1998,"1933","Balsfjord",16.611940653
1998,"1936","Karlsoy",27.2605753380839
1998,"1938","Lyngen",48.3320359410886
1998,"1939","Storfjord",5.57572094148657
1998,"1940","Kafjord",27.144113409985
1998,"1941","Skjervoy",61.4632670049357
1998,"1942","Nordreisa",55.7851319174781
1998,"1943","Kvaenangen",44.7347913144689
1998,"2002","Vardo",53.8290412117441
1998,"2003","Vadso",18.7079613531097
1998,"2004","Hammerfest",51.5873985978915
1998,"2012","Alta",1.4700583168243
1998,"2014","Loppa",12.517755088039
1998,"2015","Hasvik",18.3539526078378
1998,"2017","Kvalsund",24.5128788882847
1998,"2018","Masoy",23.4116134819328
1998,"2019","Nordkapp",31.8375739554384
1998,"2020","Porsanger",2.7924132535397
1998,"2022","Lebesby",29.7180076565614
1998,"2023","Gamvik",41.7410202570165
1998,"2024","Berlevag",50.7235308483434
1998,"2025","Tana",20.5203741465204
1998,"2028","Batsfjord",61.6062436053448
1998,"2030","Sor-Varanger",47.5163706802845
1999,"1804","Bodo",79.3152792136243
1999,"1805","Narvik",1.76545380690836
1999,"1811","Bindal",0.493157526089867
1999,"1813","Bronnoy",3.10337522963484
1999,"1815","Vega",1.93033253117064
1999,"1816","Vevelstad",1.22806948576723
1999,"1818","Heroy",5.86267632382822
1999,"1820","Alstahaug",0.0615450750197456
1999,"1822","Leirfjord",3.41299017395061
1999,"1827","Donna",10.7923959528898
1999,"1828","Nesna",0.140517317289803
1999,"1832","Hemnes",0.214473017049449
1999,"1833","Rana",1.18973699553011
1999,"1834","Luroy",5.95506976754414
1999,"1835","Traena",31.7941417185948
1999,"1836","Rodoy",12.4727473759841
1999,"1837","Meloy",7.54806445142057
1999,"1838","Gildeskal",2.42173639101022
1999,"1840","Saltdal",0.459326565229008
1999,"1841","Fauske",1.52181433869869
1999,"1845","Sorfold",18.040919019622
1999,"1848","Steigen",5.90755538471103
1999,"1850","Tysfjord",15.9277977540721
1999,"1851","Lodingen",38.8371110154299
1999,"1852","Tjeldsund",0.120210980610424
1999,"1853","Evenes",0.0107668472657851
1999,"1854","Ballangen",22.4195962116561
1999,"1856","Rost",7.76550866664787
1999,"1857","Vaeroy",12.6824591814818
1999,"1859","Flakstad",27.3552557529189
1999,"1860","Vestvagoy",30.7947912301727
1999,"1865","Vagan",33.823689839821
1999,"1866","Hadsel",26.626436749676
1999,"1867","Bo",24.9679289470095
1999,"1868","Oksnes",45.2233096777691
1999,"1870","Sortland",78.1938381214001
1999,"1871","Andoy",39.0360815342494
1999,"1874","Moskenes",31.5774874793161
1999,"1902","Tromso",72.0432522564492
1999,"1903","Harstad",51.8212199175651
1999,"1911","Kvaefjord",8.69047189587245
1999,"1913","Skanland",96.7549991911775
1999,"1917","Ibestad",61.9400578840323
1999,"1927","Tranoy",2.70352629817098
1999,"1928","Torsken",39.8831594427411
1999,"1929","Berg",41.4415335180476
1999,"1931","Lenvik",49.5864332724968
1999,"1933","Balsfjord",2.87002826296053
1999,"1936","Karlsoy",32.0836172290623
1999,"1938","Lyngen",51.3064686002952
1999,"1940","Kafjord",2.04917398175756
1999,"1941","Skjervoy",52.8327512527134
1999,"1942","Nordreisa",46.6817376306838
1999,"1943","Kvaenangen",47.1621920184211
1999,"2002","Vardo",43.0916561444157
1999,"2003","Vadso",8.34072939515902
1999,"2004","Hammerfest",40.7294526598324
1999,"2012","Alta",0.269168158864575
1999,"2014","Loppa",15.624689036592
1999,"2015","Hasvik",18.1236543970655
1999,"2017","Kvalsund",11.4220959391343
1999,"2018","Masoy",20.1750628607656
1999,"2019","Nordkapp",21.5094559743398
1999,"2020","Porsanger",1.53386448124051
1999,"2022","Lebesby",21.2250933407804
1999,"2023","Gamvik",34.7142871522851
1999,"2024","Berlevag",38.3647283046083
1999,"2025","Tana",8.34765190976041
1999,"2028","Batsfjord",52.0260903437408
1999,"2030","Sor-Varanger",45.1564559210516
2000,"1804","Bodo",64.3715539889278
2000,"1811","Bindal",0.324914069563901
2000,"1813","Bronnoy",2.62293626096769
2000,"1818","Heroy",5.03748123719276
2000,"1827","Donna",10.7983641235134
2000,"1833","Rana",1.47289110290544
2000,"1834","Luroy",5.32521982478694
2000,"1835","Traena",35.0590412815294
2000,"1836","Rodoy",7.4855422264633
2000,"1837","Meloy",7.29100254403318
2000,"1838","Gildeskal",2.09704539641016
2000,"1845","Sorfold",16.7242530351035
2000,"1848","Steigen",6.95923296620375
2000,"1849","Hamaroy",3.64006843792812
2000,"1850","Tysfjord",22.9365342548876
2000,"1851","Lodingen",55.6574370165061
2000,"1854","Ballangen",0.375809076334751
2000,"1856","Rost",7.77305379179954
2000,"1857","Vaeroy",14.5035010525273
2000,"1859","Flakstad",24.6477273660287
2000,"1860","Vestvagoy",33.549730748522
2000,"1865","Vagan",33.612969070981
2000,"1866","Hadsel",17.9117021045124
2000,"1867","Bo",20.0937499439375
2000,"1868","Oksnes",47.6736628445184
2000,"1870","Sortland",62.1422912447593
2000,"1871","Andoy",39.7279969696539
2000,"1874","Moskenes",32.4316064426061
2000,"1902","Tromso",61.2892799538833
2000,"1903","Harstad",56.1448582745818
2000,"1911","Kvaefjord",7.44971629740638
2000,"1913","Skanland",37.3612598926801
2000,"1917","Ibestad",8.544153321143
2000,"1928","Torsken",37.3210471271064
2000,"1929","Berg",51.9942117559482
2000,"1931","Lenvik",41.9300746861382
2000,"1933","Balsfjord",4.66706104126865
2000,"1936","Karlsoy",34.8418191561404
2000,"1938","Lyngen",58.2010276740288
2000,"1940","Kafjord",29.459581175758
2000,"1941","Skjervoy",48.7216894862324
2000,"1942","Nordreisa",36.7356530970586
2000,"1943","Kvaenangen",40.1949581818853
2000,"2002","Vardo",38.0427063482316
2000,"2003","Vadso",86.5712353377249
2000,"2004","Hammerfest",27.9568503594192
2000,"2012","Alta",0.169333954705685
2000,"2014","Loppa",18.8788970861878
2000,"2015","Hasvik",12.4698147447476
2000,"2017","Kvalsund",3.86202950950587
2000,"2018","Masoy",18.8399892319204
2000,"2019","Nordkapp",28.8489575908164
2000,"2020","Porsanger",0.687971115097709
2000,"2022","Lebesby",13.1849291107907
2000,"2023","Gamvik",7.68957966663808
2000,"2024","Berlevag",30.1127715330689
2000,"2025","Tana",5.72060608327952
2000,"2027","Nesseby",0.364091845261663
2000,"2028","Batsfjord",40.3783733734713
2000,"2030","Sor-Varanger",44.6027422921446
2001,"1804","Bodo",63.8434986516509
2001,"1811","Bindal",0.401881725345674
2001,"1813","Bronnoy",3.14819001902938
2001,"1818","Heroy",8.07579233986561
2001,"1822","Leirfjord",7.45336135059605
2001,"1827","Donna",10.4019824059396
2001,"1833","Rana",1.65901190657809
2001,"1834","Luroy",11.5969243928609
2001,"1835","Traena",46.0871833239127
2001,"1836","Rodoy",9.38132295606959
2001,"1837","Meloy",7.96296368505089
2001,"1838","Gildeskal",2.24353172296828
2001,"1845","Sorfold",16.0487332688743
2001,"1848","Steigen",9.56403691563622
2001,"1851","Lodingen",82.9678690146362
2001,"1856","Rost",26.1327182812961
2001,"1857","Vaeroy",31.8550180814478
2001,"1859","Flakstad",48.0607749366946
2001,"1860","Vestvagoy",55.5141156198365
2001,"1865","Vagan",47.4782737499541
2001,"1866","Hadsel",18.6594771436265
2001,"1867","Bo",22.0178595692819
2001,"1868","Oksnes",62.0476391353685
2001,"1870","Sortland",80.61620692954
2001,"1871","Andoy",56.5375138445735
2001,"1874","Moskenes",53.9613060430872
2001,"1902","Tromso",75.1588073599005
2001,"1903","Harstad",60.1891724364171
2001,"1911","Kvaefjord",11.7998311535566
2001,"1913","Skanland",64.7923563124063
2001,"1917","Ibestad",15.4815732263842
2001,"1927","Tranoy",3.71658319398835
2001,"1928","Torsken",42.4335771482756
2001,"1929","Berg",73.0148098480184
2001,"1931","Lenvik",25.2034982970146
2001,"1933","Balsfjord",14.1600502382588
2001,"1936","Karlsoy",41.1303605867541
2001,"1938","Lyngen",100
2001,"1940","Kafjord",56.1866642229144
2001,"1941","Skjervoy",69.2094867552095
2001,"1942","Nordreisa",48.6002247511328
2001,"1943","Kvaenangen",31.038219025489
2001,"2002","Vardo",40.9256582936994
2001,"2003","Vadso",96.1284580235847
2001,"2004","Hammerfest",32.6899534715162
2001,"2014","Loppa",34.4148676409144
2001,"2015","Hasvik",19.6019256602807
2001,"2017","Kvalsund",16.7855499772252
2001,"2018","Masoy",41.1571672538748
2001,"2019","Nordkapp",29.328168424183
2001,"2020","Porsanger",2.74033847153547
2001,"2022","Lebesby",22.4737098563802
2001,"2023","Gamvik",18.1905924350159
2001,"2024","Berlevag",49.4199308847977
2001,"2025","Tana",13.1462674008811
2001,"2027","Nesseby",1.95411256885246
2001,"2028","Batsfjord",60.4877301298876
2001,"2030","Sor-Varanger",36.8437773010233
2002,"1804","Bodo",44.729944705143
2002,"1813","Bronnoy",3.77822711966373
2002,"1818","Heroy",9.17928183281727
2002,"1822","Leirfjord",12.0878606473347
2002,"1827","Donna",9.40745951240359
2002,"1833","Rana",1.27414647195075
2002,"1834","Luroy",7.55961630967784
2002,"1835","Traena",45.9367194998376
2002,"1836","Rodoy",10.7561835548585
2002,"1837","Meloy",8.66642487564564
2002,"1838","Gildeskal",2.76448842485065
2002,"1845","Sorfold",20.2813973039748
2002,"1848","Steigen",10.7851127858877
2002,"1850","Tysfjord",48.5803708715629
2002,"1851","Lodingen",72.5529540003559
2002,"1856","Rost",43.3758211699118
2002,"1857","Vaeroy",39.7681933089072
2002,"1859","Flakstad",69.2529051729324
2002,"1860","Vestvagoy",71.2881481313429
2002,"1865","Vagan",54.9876825677576
2002,"1866","Hadsel",22.2758077986771
2002,"1867","Bo",13.8415166255894
2002,"1868","Oksnes",76.2191044678914
2002,"1870","Sortland",71.4893668134737
2002,"1871","Andoy",63.4030698249956
2002,"1874","Moskenes",63.8989768930602
2002,"1902","Tromso",58.5149134938566
2002,"1903","Harstad",52.8704940964349
2002,"1911","Kvaefjord",14.8025917643381
2002,"1913","Skanland",91.4283268429788
2002,"1927","Tranoy",4.4178101689468
2002,"1928","Torsken",55.011205439268
2002,"1929","Berg",69.4212094156757
2002,"1931","Lenvik",28.6722254867671
2002,"1933","Balsfjord",14.2476257216468
2002,"1936","Karlsoy",54.2760535406456
2002,"1938","Lyngen",100
2002,"1940","Kafjord",61.6710826119686
2002,"1941","Skjervoy",83.8995550131362
2002,"1942","Nordreisa",55.2915629861442
2002,"1943","Kvaenangen",32.6813446362
2002,"2002","Vardo",40.972268766473
2002,"2003","Vadso",99.7395767854771
2002,"2004","Hammerfest",42.4120384459556
2002,"2012","Alta",22.2425448866112
2002,"2014","Loppa",40.6076218504093
2002,"2015","Hasvik",32.9834816897734
2002,"2017","Kvalsund",42.7104919440379
2002,"2018","Masoy",48.2310545724706
2002,"2019","Nordkapp",39.5190840489614
2002,"2020","Porsanger",3.16763134090409
2002,"2022","Lebesby",29.1210288989638
2002,"2023","Gamvik",33.2468591134688
2002,"2024","Berlevag",63.5995005233662
2002,"2025","Tana",50.2916798110179
2002,"2027","Nesseby",3.92296059673596
2002,"2028","Batsfjord",63.3181090259306
2002,"2030","Sor-Varanger",40.2059941585059
2003,"1804","Bodo",64.9669277581139
2003,"1811","Bindal",2.09584244878392
2003,"1813","Bronnoy",5.23195288917128
2003,"1815","Vega",2.77788830777703
2003,"1818","Heroy",10.1344012913943
2003,"1827","Donna",14.1378876210968
2003,"1833","Rana",0.332378958477662
2003,"1834","Luroy",12.5533255337328
2003,"1835","Traena",58.8255991685318
2003,"1836","Rodoy",12.6206388207323
2003,"1837","Meloy",8.4065627905126
2003,"1838","Gildeskal",2.33728994356739
2003,"1845","Sorfold",21.4719527907287
2003,"1848","Steigen",11.903685666803
2003,"1850","Tysfjord",68.3056481382697
2003,"1851","Lodingen",99.6644199333021
2003,"1856","Rost",57.5464076702009
2003,"1857","Vaeroy",52.9649076549516
2003,"1859","Flakstad",79.4507463407781
2003,"1860","Vestvagoy",78.1956434891339
2003,"1865","Vagan",62.0542264431568
2003,"1866","Hadsel",20.6659984348637
2003,"1867","Bo",12.8135885199998
2003,"1868","Oksnes",77.5175880887756
2003,"1870","Sortland",52.4548260629005
2003,"1871","Andoy",61.512683492106
2003,"1874","Moskenes",72.7769543486639
2003,"1902","Tromso",66.0785690652659
2003,"1903","Harstad",34.8885037458225
2003,"1911","Kvaefjord",15.2248464075413
2003,"1928","Torsken",66.7228929255728
2003,"1929","Berg",94.2279293820034
2003,"1931","Lenvik",40.6733110075249
2003,"1933","Balsfjord",8.82367757992674
2003,"1936","Karlsoy",49.7126216895789
2003,"1938","Lyngen",100
2003,"1940","Kafjord",59.080357118496
2003,"1941","Skjervoy",84.9450859648671
2003,"1942","Nordreisa",46.8490303895779
2003,"1943","Kvaenangen",30.8467029289574
2003,"2002","Vardo",45.8080151090497
2003,"2004","Hammerfest",59.7754888745706
2003,"2012","Alta",4.71957095643259
2003,"2014","Loppa",37.8441902530415
2003,"2015","Hasvik",46.6832097091127
2003,"2017","Kvalsund",63.4516756120275
2003,"2018","Masoy",37.9090478699955
2003,"2019","Nordkapp",55.091047196361
2003,"2020","Porsanger",2.84904781498143
2003,"2022","Lebesby",30.3967614199097
2003,"2023","Gamvik",41.8612942638084
2003,"2024","Berlevag",66.8183623247505
2003,"2027","Nesseby",28.2760369261228
2003,"2028","Batsfjord",78.2776510532264
2003,"2030","Sor-Varanger",37.2945627413414
2004,"1804","Bodo",59.2748151989726
2004,"1813","Bronnoy",6.29936229198373
2004,"1815","Vega",0.957997491231088
2004,"1818","Heroy",9.51399143142743
2004,"1827","Donna",14.9803190545033
2004,"1834","Luroy",1.08863254777546
2004,"1835","Traena",59.6103317918788
2004,"1836","Rodoy",18.2749964958249
2004,"1837","Meloy",7.95733526930987
2004,"1838","Gildeskal",2.04063424952168
2004,"1841","Fauske",5.30686280961146
2004,"1845","Sorfold",25.1885959508569
2004,"1848","Steigen",7.815715589028
2004,"1850","Tysfjord",64.3096514528766
2004,"1851","Lodingen",99.9418716931012
2004,"1856","Rost",47.3288503249343
2004,"1857","Vaeroy",55.4883217158004
2004,"1859","Flakstad",61.9867246591289
2004,"1860","Vestvagoy",62.9695492131442
2004,"1865","Vagan",65.2855432566174
2004,"1866","Hadsel",14.1722218905831
2004,"1867","Bo",10.8265958397075
2004,"1868","Oksnes",62.1642364418124
2004,"1870","Sortland",51.6651695619594
2004,"1871","Andoy",53.5854397439054
2004,"1874","Moskenes",51.985671166065
2004,"1902","Tromso",49.829961814512
2004,"1903","Harstad",27.4213704778425
2004,"1911","Kvaefjord",14.4923310133225
2004,"1928","Torsken",50.922421856279
2004,"1929","Berg",93.9913705888287
2004,"1931","Lenvik",30.6714586109573
2004,"1933","Balsfjord",6.62468451605238
2004,"1936","Karlsoy",48.8273196722444
2004,"1938","Lyngen",100
2004,"1939","Storfjord",5.44709002674922
2004,"1940","Kafjord",51.7881710856572
2004,"1941","Skjervoy",74.9139540660931
2004,"1942","Nordreisa",36.7662103565303
2004,"1943","Kvaenangen",27.4158553145313
2004,"2002","Vardo",39.5795220804275
2004,"2003","Vadso",18.4107036353613
2004,"2004","Hammerfest",67.5353846818169
2004,"2012","Alta",3.35654937523242
2004,"2014","Loppa",26.0624521417584
2004,"2015","Hasvik",61.3863885540845
2004,"2017","Kvalsund",51.737719607873
2004,"2018","Masoy",37.4935037795015
2004,"2019","Nordkapp",55.5993503245365
2004,"2020","Porsanger",1.85300108499641
2004,"2022","Lebesby",30.4067502107999
2004,"2023","Gamvik",44.8615109918701
2004,"2024","Berlevag",58.8868793301152
2004,"2027","Nesseby",24.2655538721862
2004,"2028","Batsfjord",71.4489842388395
2004,"2030","Sor-Varanger",44.3829718941546
2005,"1804","Bodo",60.0056037445882
2005,"1805","Narvik",9.90362363298223
2005,"1811","Bindal",3.55078756779104
2005,"1812","Somna",0.0748829906122134
2005,"1813","Bronnoy",6.99219931976025
2005,"1815","Vega",1.31494934562042
2005,"1818","Heroy",10.0801174087726
2005,"1820","Alstahaug",0.0803867457694879
2005,"1822","Leirfjord",16.501574554899
2005,"1824","Vefsn",0.09946237432096
2005,"1827","Donna",17.6409674363354
2005,"1828","Nesna",0.428473103583967
2005,"1832","Hemnes",0.623645466526119
2005,"1834","Luroy",3.31196877794586
2005,"1835","Traena",53.0167218418362
2005,"1836","Rodoy",28.0763344901294
2005,"1837","Meloy",8.79480940553974
2005,"1838","Gildeskal",2.17917628879467
2005,"1840","Saltdal",0.896398470639692
2005,"1841","Fauske",6.78322944439502
2005,"1845","Sorfold",22.6264237258834
2005,"1848","Steigen",7.0486550569947
2005,"1850","Tysfjord",45.9003607606613
2005,"1851","Lodingen",94.474879351072
2005,"1856","Rost",51.3956990139522
2005,"1857","Vaeroy",58.4157615238969
2005,"1859","Flakstad",61.8429247995167
2005,"1860","Vestvagoy",66.4640975809618
2005,"1865","Vagan",79.235404862839
2005,"1866","Hadsel",20.7835066709441
2005,"1867","Bo",18.695389038323
2005,"1868","Oksnes",61.952515393182
2005,"1870","Sortland",53.0286523185739
2005,"1871","Andoy",63.4868718012592
2005,"1874","Moskenes",53.236925646282
2005,"1902","Tromso",55.3588283612971
2005,"1903","Harstad",23.7131124056446
2005,"1911","Kvaefjord",17.7653914248966
2005,"1917","Ibestad",0.0324993377102383
2005,"1919","Gratangen",0.324320340551524
2005,"1920","Lavangen",0.14380275947157
2005,"1928","Torsken",44.2749638488406
2005,"1929","Berg",87.9269377306061
2005,"1931","Lenvik",36.1317506147463
2005,"1933","Balsfjord",8.36523104509288
2005,"1936","Karlsoy",45.219509765528
2005,"1938","Lyngen",94.8126757684062
2005,"1939","Storfjord",4.76582043174276
2005,"1940","Kafjord",52.5489501810344
2005,"1941","Skjervoy",80.8965616657526
2005,"1942","Nordreisa",23.928993484472
2005,"1943","Kvaenangen",28.6387356887854
2005,"2002","Vardo",40.0605938355307
2005,"2003","Vadso",20.3705682156387
2005,"2004","Hammerfest",73.5239748990432
2005,"2012","Alta",3.83938160619526
2005,"2014","Loppa",36.3249866928157
2005,"2015","Hasvik",69.768751750743
2005,"2017","Kvalsund",30.4959663027927
2005,"2018","Masoy",61.0490707191729
2005,"2019","Nordkapp",62.5472328062252
2005,"2020","Porsanger",2.06043265135237
2005,"2022","Lebesby",31.9484332681982
2005,"2023","Gamvik",46.3471100303603
2005,"2024","Berlevag",58.3687882808752
2005,"2027","Nesseby",24.1297796182263
2005,"2028","Batsfjord",69.1744405443291
2005,"2030","Sor-Varanger",44.7274914885105
2006,"1804","Bodo",58.2791151807977
2006,"1805","Narvik",11.7629089075279
2006,"1811","Bindal",4.55305122709916
2006,"1812","Somna",0.0714352944961453
2006,"1813","Bronnoy",7.14821821972232
2006,"1815","Vega",3.46729068684976
2006,"1818","Heroy",5.83150243509778
2006,"1820","Alstahaug",0.0650000431123637
2006,"1822","Leirfjord",86.3439369186527
2006,"1824","Vefsn",0.044639311263207
2006,"1827","Donna",11.8541433654943
2006,"1828","Nesna",0.535644261012141
2006,"1832","Hemnes",0.96054735890419
2006,"1834","Luroy",13.7444343564328
2006,"1835","Traena",48.9159228321505
2006,"1836","Rodoy",26.5602096514404
2006,"1837","Meloy",6.66080046227943
2006,"1838","Gildeskal",2.42073393336107
2006,"1840","Saltdal",0.15736429319047
2006,"1841","Fauske",12.9392356507492
2006,"1845","Sorfold",22.0354372571192
2006,"1848","Steigen",4.51495624837102
2006,"1850","Tysfjord",35.2098828026097
2006,"1851","Lodingen",92.1415343669245
2006,"1854","Ballangen",39.5026815733258
2006,"1856","Rost",57.2611521245518
2006,"1857","Vaeroy",59.9515273799697
2006,"1859","Flakstad",67.7297036695947
2006,"1860","Vestvagoy",74.529167989445
2006,"1865","Vagan",85.6382835766774
2006,"1866","Hadsel",20.0982599370423
2006,"1867","Bo",25.9612974685795
2006,"1868","Oksnes",72.1635732048326
2006,"1870","Sortland",65.4441148488655
2006,"1871","Andoy",74.3198960052332
2006,"1874","Moskenes",56.8648144779222
2006,"1902","Tromso",42.98958582317
2006,"1903","Harstad",28.2803364803574
2006,"1911","Kvaefjord",19.572870238598
2006,"1920","Lavangen",0.152119617040847
2006,"1923","Salangen",0.776707358842062
2006,"1925","Sorreisa",2.69342570604909
2006,"1928","Torsken",45.3936027741866
2006,"1929","Berg",85.0987195641999
2006,"1931","Lenvik",48.4489209999608
2006,"1933","Balsfjord",12.4675230398639
2006,"1936","Karlsoy",49.6081809985562
2006,"1938","Lyngen",100
2006,"1940","Kafjord",42.9404828462233
2006,"1941","Skjervoy",84.1970633450074
2006,"1942","Nordreisa",20.8511477993223
2006,"1943","Kvaenangen",23.5062033946318
2006,"2002","Vardo",40.8824308511831
2006,"2003","Vadso",20.5653981963869
2006,"2004","Hammerfest",77.502447312275
2006,"2012","Alta",6.24009527481139
2006,"2014","Loppa",26.707492902621
2006,"2015","Hasvik",75.136191733877
2006,"2017","Kvalsund",5.12664292520885
2006,"2018","Masoy",78.2435704287362
2006,"2019","Nordkapp",65.947736162892
2006,"2020","Porsanger",39.1168458009126
2006,"2022","Lebesby",28.8591714542665
2006,"2023","Gamvik",53.2329142884981
2006,"2024","Berlevag",61.5197259729609
2006,"2027","Nesseby",24.76115733849
2006,"2028","Batsfjord",77.2221078540022
2006,"2030","Sor-Varanger",48.783772925301
2007,"1804","Bodo",75.3576753499934
2007,"1805","Narvik",10.816524147504
2007,"1811","Bindal",4.65866674823048
2007,"1812","Somna",0.0196640473516343
2007,"1813","Bronnoy",9.7541296854045
2007,"1815","Vega",1.26459291438474
2007,"1818","Heroy",8.25336702042139
2007,"1820","Alstahaug",0.027667621830614
2007,"1822","Leirfjord",97.456965869662
2007,"1824","Vefsn",0.0909853897461617
2007,"1827","Donna",12.5163195647765
2007,"1828","Nesna",0.527143147158069
2007,"1832","Hemnes",1.23615487929716
2007,"1833","Rana",0.808607451120932
2007,"1834","Luroy",7.15524100243759
2007,"1835","Traena",64.0054225097741
2007,"1836","Rodoy",16.5110089227869
2007,"1837","Meloy",8.11398137392347
2007,"1838","Gildeskal",2.75069581316335
2007,"1840","Saltdal",0.0511667903884011
2007,"1841","Fauske",18.6113501837634
2007,"1845","Sorfold",25.0747955240995
2007,"1848","Steigen",4.97357198700239
2007,"1849","Hamaroy",0.0301593197401013
2007,"1850","Tysfjord",60.9854347655543
2007,"1851","Lodingen",97.2362000292984
2007,"1854","Ballangen",68.8867238308894
2007,"1856","Rost",81.8650372758529
2007,"1857","Vaeroy",77.8016985389427
2007,"1859","Flakstad",89.0227155400884
2007,"1860","Vestvagoy",89.4728867811858
2007,"1865","Vagan",90.5267413631629
2007,"1866","Hadsel",23.4170196863415
2007,"1867","Bo",40.6491763280714
2007,"1868","Oksnes",89.8828546066552
2007,"1870","Sortland",70.7994617386364
2007,"1871","Andoy",94.6824251131684
2007,"1874","Moskenes",70.4385579868944
2007,"1902","Tromso",64.7899740830818
2007,"1903","Harstad",31.488059614653
2007,"1911","Kvaefjord",16.8429157636997
2007,"1920","Lavangen",0.22586132531765
2007,"1925","Sorreisa",2.13930063035495
2007,"1928","Torsken",68.4304205533099
2007,"1929","Berg",94.7040698951061
2007,"1931","Lenvik",61.4816227851225
2007,"1933","Balsfjord",12.5661277876291
2007,"1936","Karlsoy",42.436665297723
2007,"1938","Lyngen",100
2007,"1940","Kafjord",42.0953497496488
2007,"1941","Skjervoy",92.6591360235885
2007,"1942","Nordreisa",27.2287812183997
2007,"1943","Kvaenangen",36.8812026523714
2007,"2002","Vardo",47.0492698481542
2007,"2003","Vadso",2.16266743768148
2007,"2004","Hammerfest",83.3282160682407
2007,"2012","Alta",14.2654374190162
2007,"2014","Loppa",26.7962082251625
2007,"2015","Hasvik",92.6884480034692
2007,"2017","Kvalsund",10.9737565657107
2007,"2018","Masoy",95.6108459135527
2007,"2019","Nordkapp",73.3645175253268
2007,"2020","Porsanger",40.6626747249944
2007,"2022","Lebesby",32.3683883869157
2007,"2023","Gamvik",61.364548327075
2007,"2024","Berlevag",68.5394559152361
2007,"2027","Nesseby",40.0942571808053
2007,"2028","Batsfjord",94.3617859603723
2007,"2030","Sor-Varanger",45.7200345387569
2008,"1804","Bodo",40.195174788732
2008,"1805","Narvik",11.3870119598776
2008,"1811","Bindal",5.1641929179413
2008,"1813","Bronnoy",10.5490857279539
2008,"1815","Vega",0.817946258148729
2008,"1818","Heroy",11.36630233947
2008,"1820","Alstahaug",0.041635073582787
2008,"1822","Leirfjord",100
2008,"1824","Vefsn",0.105238377496815
2008,"1827","Donna",14.0959118693198
2008,"1828","Nesna",0.568241503566488
2008,"1832","Hemnes",0.87442952808238
2008,"1833","Rana",0.668162732001073
2008,"1834","Luroy",24.6101811737683
2008,"1835","Traena",51.373564412227
2008,"1836","Rodoy",11.4287314107417
2008,"1837","Meloy",6.2959356707107
2008,"1838","Gildeskal",3.11880909815048
2008,"1841","Fauske",16.2177611554415
2008,"1845","Sorfold",32.4992936392058
2008,"1848","Steigen",8.37243120413738
2008,"1850","Tysfjord",4.42012056140432
2008,"1851","Lodingen",86.0830525435623
2008,"1854","Ballangen",0.281642223045718
2008,"1856","Rost",80.0093024124107
2008,"1857","Vaeroy",58.2795571200977
2008,"1859","Flakstad",91.1391260295827
2008,"1860","Vestvagoy",88.293664818707
2008,"1865","Vagan",57.7223477412814
2008,"1866","Hadsel",26.8546325934302
2008,"1867","Bo",25.6764073232493
2008,"1868","Oksnes",84.8624625864397
2008,"1870","Sortland",32.0226982675389
2008,"1871","Andoy",99.3245022442241
2008,"1874","Moskenes",76.6431116069941
2008,"1902","Tromso",45.1383613069611
2008,"1903","Harstad",32.4260605283732
2008,"1911","Kvaefjord",17.3771059383925
2008,"1917","Ibestad",0.0997707891735376
2008,"1925","Sorreisa",1.06807662182813
2008,"1927","Tranoy",4.21123634126272
2008,"1928","Torsken",77.976878685294
2008,"1929","Berg",74.6231794304756
2008,"1931","Lenvik",58.7849887729657
2008,"1933","Balsfjord",10.2935471777925
2008,"1936","Karlsoy",33.2897581966229
2008,"1938","Lyngen",99.0247298979472
2008,"1940","Kafjord",39.3512411222263
2008,"1941","Skjervoy",86.6222070310343
2008,"1942","Nordreisa",32.4660596700943
2008,"1943","Kvaenangen",30.5863786195517
2008,"2002","Vardo",43.5741851370943
2008,"2003","Vadso",13.9147252329782
2008,"2004","Hammerfest",80.8276895374407
2008,"2012","Alta",13.8806377645072
2008,"2014","Loppa",11.3481685049514
2008,"2015","Hasvik",91.9546538411275
2008,"2018","Masoy",99.0417151391604
2008,"2019","Nordkapp",72.3341564699413
2008,"2020","Porsanger",59.4680057637345
2008,"2022","Lebesby",33.8454937094914
2008,"2023","Gamvik",68.5907642700303
2008,"2024","Berlevag",69.718477366043
2008,"2027","Nesseby",54.0382534865802
2008,"2028","Batsfjord",79.8387001825207
2008,"2030","Sor-Varanger",43.6242511615933
2009,"1804","Bodo",36.7832237077278
2009,"1805","Narvik",8.59359685195697
2009,"1811","Bindal",5.07234204560396
2009,"1812","Somna",0.00841888936661566
2009,"1813","Bronnoy",9.86008608367963
2009,"1815","Vega",0.8694335311486
2009,"1818","Heroy",8.23969832798568
2009,"1820","Alstahaug",0.0446191781342562
2009,"1822","Leirfjord",88.7942055014402
2009,"1824","Vefsn",0.0927836129585438
2009,"1827","Donna",21.5924843717761
2009,"1828","Nesna",0.629486224251392
2009,"1832","Hemnes",0.469392573961327
2009,"1833","Rana",0.53616566113929
2009,"1834","Luroy",35.4017533744358
2009,"1835","Traena",66.9648989865212
2009,"1836","Rodoy",10.5120472555704
2009,"1837","Meloy",4.32171938142165
2009,"1838","Gildeskal",3.35761779213566
2009,"1841","Fauske",13.4698158755667
2009,"1845","Sorfold",37.1246069760837
2009,"1848","Steigen",11.8627716602984
2009,"1849","Hamaroy",0.0310268897497943
2009,"1850","Tysfjord",6.81116875874359
2009,"1851","Lodingen",84.4895036100125
2009,"1856","Rost",91.7917092599747
2009,"1857","Vaeroy",73.0886514277599
2009,"1859","Flakstad",90.1905026929453
2009,"1860","Vestvagoy",86.8689474512652
2009,"1865","Vagan",61.6433600606734
2009,"1866","Hadsel",29.0803701130139
2009,"1867","Bo",25.8213457259784
2009,"1868","Oksnes",97.0037465361225
2009,"1870","Sortland",27.3552021346851
2009,"1871","Andoy",99.6533550142742
2009,"1874","Moskenes",71.5651988883683
2009,"1902","Tromso",46.0643750253504
2009,"1903","Harstad",24.7836590560353
2009,"1911","Kvaefjord",21.2742686690293
2009,"1913","Skanland",0.425411568400938
2009,"1917","Ibestad",0.10296485806564
2009,"1923","Salangen",6.77292198534415
2009,"1925","Sorreisa",1.12323920821035
2009,"1928","Torsken",75.8708477178228
2009,"1929","Berg",78.3429422668202
2009,"1931","Lenvik",62.4594473851539
2009,"1933","Balsfjord",5.6749208388449
2009,"1936","Karlsoy",28.448305922734
2009,"1938","Lyngen",100
2009,"1940","Kafjord",28.380791927672
2009,"1941","Skjervoy",83.1452407813031
2009,"1942","Nordreisa",32.3489750482973
2009,"1943","Kvaenangen",21.0498738978038
2009,"2002","Vardo",40.0456347994959
2009,"2003","Vadso",98.6993849658881
2009,"2004","Hammerfest",81.0981000299822
2009,"2012","Alta",14.6286857007579
2009,"2014","Loppa",51.9100923018883
2009,"2015","Hasvik",93.7120257257019
2009,"2018","Masoy",98.4800585324583
2009,"2019","Nordkapp",51.5896468957237
2009,"2020","Porsanger",64.7129762617143
2009,"2022","Lebesby",38.2660440334426
2009,"2023","Gamvik",70.6963030441452
2009,"2024","Berlevag",77.4116111768388
2009,"2027","Nesseby",58.1849260777864
2009,"2028","Batsfjord",82.61945353884
2009,"2030","Sor-Varanger",42.7805123521783
2010,"1804","Bodo",39.6489192890598
2010,"1805","Narvik",11.0176509049402
2010,"1811","Bindal",4.92929489032481
2010,"1812","Somna",0.00808011209742549
2010,"1813","Bronnoy",8.74528363886824
2010,"1818","Heroy",6.86672910976165
2010,"1820","Alstahaug",11.9433200555931
2010,"1822","Leirfjord",100
2010,"1827","Donna",26.2476862667104
2010,"1828","Nesna",2.4610491795556
2010,"1832","Hemnes",0.0606909025854847
2010,"1833","Rana",9.93262043054597
2010,"1834","Luroy",34.7899073373509
2010,"1835","Traena",61.0472376620935
2010,"1836","Rodoy",10.5511593775268
2010,"1837","Meloy",6.25918172419702
2010,"1838","Gildeskal",2.48891325232
2010,"1841","Fauske",9.60095546242748
2010,"1845","Sorfold",42.3038513026839
2010,"1848","Steigen",13.5778202487832
2010,"1849","Hamaroy",0.0374563732453127
2010,"1850","Tysfjord",25.2224046768805
2010,"1851","Lodingen",79.1799847298494
2010,"1854","Ballangen",0.461079179175294
2010,"1856","Rost",93.5307444440709
2010,"1857","Vaeroy",72.951560540224
2010,"1859","Flakstad",96.1211549503452
2010,"1860","Vestvagoy",88.722950360879
2010,"1865","Vagan",65.5522649093694
2010,"1866","Hadsel",31.2413726194781
2010,"1867","Bo",26.8231806813665
2010,"1868","Oksnes",97.4922271936797
2010,"1870","Sortland",23.0025679142391
2010,"1871","Andoy",97.5884002261296
2010,"1874","Moskenes",71.0925374149327
2010,"1902","Tromso",62.384323642365
2010,"1903","Harstad",16.8063167130924
2010,"1911","Kvaefjord",24.3771410024347
2010,"1913","Skanland",0.47736494543826
2010,"1917","Ibestad",0.140324208256859
2010,"1919","Gratangen",0.0403573917464653
2010,"1923","Salangen",3.46205399911282
2010,"1928","Torsken",80.579350616261
2010,"1929","Berg",81.0987071828012
2010,"1931","Lenvik",69.499760892133
2010,"1933","Balsfjord",1.85253320746098
2010,"1936","Karlsoy",39.9780314812373
2010,"1938","Lyngen",99.2944419931421
2010,"1939","Storfjord",1.82809825729864
2010,"1940","Kafjord",11.1806134207197
2010,"1941","Skjervoy",78.63381301135
2010,"1942","Nordreisa",26.0047985190909
2010,"1943","Kvaenangen",10.7056246641721
2010,"2002","Vardo",51.623897191942
2010,"2003","Vadso",13.4227866743217
2010,"2004","Hammerfest",77.615154824677
2010,"2012","Alta",9.22398254737984
2010,"2014","Loppa",73.8864719619551
2010,"2015","Hasvik",91.7722208940352
2010,"2017","Kvalsund",42.6321861319953
2010,"2018","Masoy",99.6706832889599
2010,"2019","Nordkapp",58.9836025799897
2010,"2020","Porsanger",43.4489714199467
2010,"2022","Lebesby",40.5717209572151
2010,"2023","Gamvik",68.782728262587
2010,"2024","Berlevag",85.3448739352429
2010,"2027","Nesseby",62.7282416151724
2010,"2028","Batsfjord",92.4546155281846
2010,"2030","Sor-Varanger",36.7949288509084
2011,"1804","Bodo",31.7252939941176
2011,"1805","Narvik",8.5296312478943
2011,"1811","Bindal",3.86799568157402
2011,"1812","Somna",0.00289178349309442
2011,"1813","Bronnoy",8.41353983942023
2011,"1815","Vega",0.394206317617681
2011,"1816","Vevelstad",8.51881174280738
2011,"1818","Heroy",5.2331765010738
2011,"1820","Alstahaug",3.2392185961219
2011,"1822","Leirfjord",100
2011,"1827","Donna",23.2310563329961
2011,"1828","Nesna",2.95633347704928
2011,"1832","Hemnes",0.104636833709129
2011,"1833","Rana",9.29920809702332
2011,"1834","Luroy",31.4540698986617
2011,"1835","Traena",58.0907473834943
2011,"1836","Rodoy",9.24686181513403
2011,"1837","Meloy",6.78288402189274
2011,"1838","Gildeskal",1.5152757127419
2011,"1841","Fauske",10.9498823097977
2011,"1845","Sorfold",44.2928415942839
2011,"1848","Steigen",10.5662756584284
2011,"1849","Hamaroy",0.0303593054776457
2011,"1850","Tysfjord",35.7286880742244
2011,"1851","Lodingen",97.2907146943331
2011,"1854","Ballangen",0.462983313203592
2011,"1856","Rost",93.4547637795437
2011,"1857","Vaeroy",84.7211761900965
2011,"1859","Flakstad",94.3277160975836
2011,"1860","Vestvagoy",84.805584501728
2011,"1865","Vagan",80.8804276364559
2011,"1866","Hadsel",22.0138389951144
2011,"1867","Bo",34.6148717790593
2011,"1868","Oksnes",97.8331867333203
2011,"1870","Sortland",27.2212659788689
2011,"1871","Andoy",95.6712058725247
2011,"1874","Moskenes",68.099166938902
2011,"1902","Tromso",71.2382399293095
2011,"1903","Harstad",16.6062689974649
2011,"1911","Kvaefjord",19.1271889022625
2011,"1913","Skanland",0.25202908718954
2011,"1917","Ibestad",0.0879921787630615
2011,"1919","Gratangen",0.0737691938423588
2011,"1920","Lavangen",0.180892969856138
2011,"1923","Salangen",47.293064996335
2011,"1928","Torsken",83.1678994713024
2011,"1929","Berg",96.621350335096
2011,"1931","Lenvik",78.8963600401209
2011,"1933","Balsfjord",0.837451635933706
2011,"1936","Karlsoy",46.2306537871799
2011,"1938","Lyngen",99.5374933513878
2011,"1940","Kafjord",0.634529618061096
2011,"1941","Skjervoy",81.0243310296673
2011,"1942","Nordreisa",25.3200068887177
2011,"1943","Kvaenangen",11.7465795738909
2011,"2002","Vardo",62.695230645916
2011,"2003","Vadso",16.647373931577
2011,"2004","Hammerfest",71.5025274516875
2011,"2012","Alta",8.59599984689648
2011,"2014","Loppa",71.5231447486037
2011,"2015","Hasvik",94.941631895827
2011,"2018","Masoy",99.8109352268398
2011,"2019","Nordkapp",58.8294144587035
2011,"2020","Porsanger",11.3946849832636
2011,"2022","Lebesby",39.3569323110199
2011,"2023","Gamvik",65.6753190962854
2011,"2024","Berlevag",88.3881582857482
2011,"2027","Nesseby",60.1510315600117
2011,"2028","Batsfjord",96.4635860515675
2011,"2030","Sor-Varanger",35.4497333725205
2012,"1804","Bodo",32.3217743942534
2012,"1805","Narvik",8.86315448658291
2012,"1811","Bindal",2.99996270238145
2012,"1812","Somna",0.0297965012932417
2012,"1813","Bronnoy",4.87248755180746
2012,"1815","Vega",0.728797026662251
2012,"1816","Vevelstad",13.8730466238338
2012,"1818","Heroy",5.81701747117994
2012,"1820","Alstahaug",1.3999355563265
2012,"1822","Leirfjord",98.0996936890687
2012,"1827","Donna",18.9212689964536
2012,"1828","Nesna",6.2427942242733
2012,"1833","Rana",13.9251671482969
2012,"1834","Luroy",29.1525572621599
2012,"1835","Traena",45.7830316437656
2012,"1836","Rodoy",9.08430730892268
2012,"1837","Meloy",6.35627816583562
2012,"1838","Gildeskal",1.27094843470273
2012,"1840","Saltdal",0.0421287995616266
2012,"1841","Fauske",9.16326296437156
2012,"1845","Sorfold",28.7178986680616
2012,"1848","Steigen",10.3660385731748
2012,"1849","Hamaroy",0.0206366853508337
2012,"1850","Tysfjord",48.8805888815386
2012,"1851","Lodingen",97.9414930128431
2012,"1853","Evenes",0.162021510954994
2012,"1856","Rost",92.3359461865194
2012,"1857","Vaeroy",79.8535427876551
2012,"1859","Flakstad",94.1686044249213
2012,"1860","Vestvagoy",81.5896145033824
2012,"1865","Vagan",77.8815121254372
2012,"1866","Hadsel",30.9054586046293
2012,"1867","Bo",39.2504890276572
2012,"1868","Oksnes",98.8505166952896
2012,"1870","Sortland",5.40459879539494
2012,"1871","Andoy",92.8361030443617
2012,"1874","Moskenes",77.1888404268308
2012,"1902","Tromso",81.6721067519843
2012,"1903","Harstad",20.2735652656836
2012,"1911","Kvaefjord",11.1781776190379
2012,"1913","Skanland",0.131306785207507
2012,"1917","Ibestad",0.0840989383554679
2012,"1923","Salangen",60.6397837205279
2012,"1928","Torsken",84.1565486917406
2012,"1929","Berg",95.9553652845119
2012,"1931","Lenvik",70.6351860575887
2012,"1933","Balsfjord",0.00557388058857535
2012,"1936","Karlsoy",52.6129186205308
2012,"1938","Lyngen",98.0909102615981
2012,"1940","Kafjord",0.455332026533792
2012,"1941","Skjervoy",72.9769504725339
2012,"1942","Nordreisa",28.1782526252376
2012,"1943","Kvaenangen",9.46451562965573
2012,"2002","Vardo",63.7462349903975
2012,"2003","Vadso",16.4982872477395
2012,"2004","Hammerfest",57.8548675124542
2012,"2012","Alta",3.57097865115338
2012,"2014","Loppa",29.1459277550088
2012,"2015","Hasvik",88.6639898131459
2012,"2018","Masoy",99.7859980895854
2012,"2019","Nordkapp",58.1777021500055
2012,"2020","Porsanger",17.4501918978646
2012,"2022","Lebesby",32.3849675667376
2012,"2023","Gamvik",68.2710741721574
2012,"2024","Berlevag",84.8537101696231
2012,"2025","Tana",58.087673974715
2012,"2027","Nesseby",44.567116025518
2012,"2028","Batsfjord",99.7046196025126
2012,"2030","Sor-Varanger",34.965609163342
2013,"1804","Bodo",7.54465086496806
2013,"1805","Narvik",8.96403392423051
2013,"1811","Bindal",2.06486186850842
2013,"1813","Bronnoy",6.67099489083821
2013,"1815","Vega",1.14175838326861
2013,"1816","Vevelstad",9.47128775113022
2013,"1818","Heroy",4.75602675156241
2013,"1820","Alstahaug",0.327467473418065
2013,"1822","Leirfjord",98.5626851643646
2013,"1827","Donna",16.0928197122065
2013,"1828","Nesna",5.43255290458645
2013,"1832","Hemnes",0.131610702090416
2013,"1833","Rana",12.5317176647524
2013,"1834","Luroy",30.2582517892314
2013,"1835","Traena",27.2177615931164
2013,"1836","Rodoy",8.70616136582597
2013,"1837","Meloy",9.80114027377984
2013,"1838","Gildeskal",2.81268015735257
2013,"1840","Saltdal",0.951557789124606
2013,"1841","Fauske",7.86912773312144
2013,"1845","Sorfold",14.7773843828105
2013,"1848","Steigen",8.08563982424387
2013,"1849","Hamaroy",0.023271931935875
2013,"1850","Tysfjord",27.9048210002233
2013,"1851","Lodingen",97.7129733647861
2013,"1856","Rost",81.4486299496039
2013,"1857","Vaeroy",57.3301280722273
2013,"1859","Flakstad",98.7023979316415
2013,"1860","Vestvagoy",84.4964384267909
2013,"1865","Vagan",67.1997679792733
2013,"1866","Hadsel",40.2036584427353
2013,"1867","Bo",39.426273548554
2013,"1868","Oksnes",100
2013,"1870","Sortland",19.0766616872706
2013,"1871","Andoy",93.5688154845652
2013,"1874","Moskenes",75.1579467341508
2013,"1902","Tromso",60.6152949508904
2013,"1903","Harstad",19.0859449265106
2013,"1911","Kvaefjord",5.53547059112436
2013,"1913","Skanland",0.170487714371424
2013,"1917","Ibestad",0.0218876852042765
2013,"1919","Gratangen",0.144343707064548
2013,"1923","Salangen",36.7732665574987
2013,"1928","Torsken",85.4500571425179
2013,"1929","Berg",96.4140845755761
2013,"1931","Lenvik",54.0128109444792
2013,"1933","Balsfjord",0.0165478830745051
2013,"1936","Karlsoy",51.9556242762332
2013,"1938","Lyngen",96.4740474870234
2013,"1940","Kafjord",10.8239051927762
2013,"1941","Skjervoy",69.1462597054071
2013,"1942","Nordreisa",27.8124211847041
2013,"1943","Kvaenangen",5.23659343221672
2013,"2002","Vardo",59.5412734245279
2013,"2003","Vadso",17.7627120306232
2013,"2004","Hammerfest",42.7281052936797
2013,"2012","Alta",2.69889034129058
2013,"2014","Loppa",9.8105486406903
2013,"2015","Hasvik",87.4395521778121
2013,"2017","Kvalsund",6.40331881016415
2013,"2018","Masoy",99.5458522739655
2013,"2019","Nordkapp",58.2191293599125
2013,"2020","Porsanger",84.8162151271594
2013,"2022","Lebesby",28.4698211596426
2013,"2023","Gamvik",69.2970490629776
2013,"2024","Berlevag",79.5330722320664
2013,"2025","Tana",34.3419417469185
2013,"2027","Nesseby",36.3020475921779
2013,"2028","Batsfjord",99.7503214831163
2013,"2030","Sor-Varanger",35.8776576852112
2014,"1804","Bodo",2.13182514612747
2014,"1805","Narvik",9.25199131694576
2014,"1811","Bindal",1.93845419498881
2014,"1812","Somna",0.00284548558457173
2014,"1813","Bronnoy",4.94183665181434
2014,"1815","Vega",0.950645417776216
2014,"1816","Vevelstad",7.88009852679685
2014,"1818","Heroy",3.65127710841083
2014,"1822","Leirfjord",97.0748865138042
2014,"1824","Vefsn",0.11166518724959
2014,"1827","Donna",14.3921192883917
2014,"1828","Nesna",5.19097579467843
2014,"1832","Hemnes",0.430396398655379
2014,"1833","Rana",12.258582544176
2014,"1834","Luroy",32.7236009026561
2014,"1835","Traena",26.2529783612413
2014,"1836","Rodoy",8.11532981367068
2014,"1837","Meloy",8.12240612623325
2014,"1838","Gildeskal",5.56571584037988
2014,"1841","Fauske",6.59521268960971
2014,"1845","Sorfold",14.3955038110562
2014,"1848","Steigen",9.02192117176988
2014,"1849","Hamaroy",0.022041344268318
2014,"1850","Tysfjord",13.4120372936146
2014,"1851","Lodingen",97.2692635115808
2014,"1856","Rost",81.8748567955754
2014,"1857","Vaeroy",59.4574959699514
2014,"1859","Flakstad",99.5558696846982
2014,"1860","Vestvagoy",85.0520062102066
2014,"1865","Vagan",76.7539044216352
2014,"1866","Hadsel",51.6978876858489
2014,"1867","Bo",39.9996940134494
2014,"1868","Oksnes",100
2014,"1870","Sortland",29.892429164419
2014,"1871","Andoy",91.6758016721175
2014,"1874","Moskenes",74.2916832919047
2014,"1902","Tromso",62.6521644730669
2014,"1903","Harstad",21.2145209574477
2014,"1911","Kvaefjord",8.79367242362327
2014,"1913","Skanland",0.16782330754339
2014,"1917","Ibestad",0.0681608440749697
2014,"1919","Gratangen",0.119355181300972
2014,"1928","Torsken",79.5816962665973
2014,"1929","Berg",95.8341446211631
2014,"1931","Lenvik",49.9773451336362
2014,"1936","Karlsoy",51.112854220718
2014,"1938","Lyngen",94.4900912794808
2014,"1940","Kafjord",34.593642155931
2014,"1941","Skjervoy",68.1719856953753
2014,"1942","Nordreisa",25.8292729981183
2014,"1943","Kvaenangen",5.23613303657783
2014,"2002","Vardo",59.4389214986006
2014,"2003","Vadso",27.814414038244
2014,"2004","Hammerfest",31.6033328896559
2014,"2012","Alta",2.03652865818409
2014,"2014","Loppa",1.36289559602331
2014,"2015","Hasvik",92.2165090082992
2014,"2018","Masoy",98.3029580014157
2014,"2019","Nordkapp",60.7149137008771
2014,"2020","Porsanger",24.7660427826876
2014,"2022","Lebesby",27.6949876838111
2014,"2023","Gamvik",72.1927745650623
2014,"2024","Berlevag",78.2347882493482
2014,"2025","Tana",23.4976729966897
2014,"2027","Nesseby",36.5145533556239
2014,"2028","Batsfjord",99.6766030251941
2014,"2030","Sor-Varanger",42.4195847583641
2015,"1804","Bodo",1.22611076219107
2015,"1805","Narvik",6.89225372837818
2015,"1811","Bindal",2.09729777029722
2015,"1812","Somna",0.0297321085234623
2015,"1813","Bronnoy",5.47022652491699
2015,"1815","Vega",0.900221462869058
2015,"1818","Heroy",3.06080034562714
2015,"1822","Leirfjord",100
2015,"1824","Vefsn",0.0163383221817958
2015,"1827","Donna",14.1800868119769
2015,"1828","Nesna",2.27202759428831
2015,"1832","Hemnes",0.10981574233927
2015,"1833","Rana",0.0544696428969643
2015,"1834","Luroy",29.2646818378528
2015,"1835","Traena",57.2932320395281
2015,"1836","Rodoy",7.7140221329307
2015,"1837","Meloy",7.73140986718719
2015,"1838","Gildeskal",6.52389733743644
2015,"1840","Saltdal",1.2847855135409
2015,"1841","Fauske",4.38294199540303
2015,"1845","Sorfold",16.8917610339767
2015,"1848","Steigen",8.58582774258519
2015,"1850","Tysfjord",7.00856484553275
2015,"1851","Lodingen",88.1416342640105
2015,"1856","Rost",75.2157960747595
2015,"1857","Vaeroy",61.5698674390412
2015,"1859","Flakstad",99.9148217582898
2015,"1860","Vestvagoy",86.7174498393786
2015,"1865","Vagan",82.8840916654268
2015,"1866","Hadsel",54.5689614735094
2015,"1867","Bo",34.7510825522533
2015,"1868","Oksnes",100
2015,"1870","Sortland",14.912391403135
2015,"1871","Andoy",89.5011805707916
2015,"1874","Moskenes",63.9501132784513
2015,"1902","Tromso",53.9785402431565
2015,"1903","Harstad",19.9593279406627
2015,"1911","Kvaefjord",14.8775079188816
2015,"1913","Skanland",0.172403755816586
2015,"1917","Ibestad",0.0432447831569154
2015,"1919","Gratangen",0.0323632271707614
2015,"1923","Salangen",8.18388858858908
2015,"1928","Torsken",66.8493180920641
2015,"1929","Berg",98.6247958459592
2015,"1931","Lenvik",54.9690026422133
2015,"1936","Karlsoy",49.7554741952313
2015,"1938","Lyngen",91.7866518608292
2015,"1940","Kafjord",39.3706245561292
2015,"1941","Skjervoy",64.6744597398699
2015,"1942","Nordreisa",16.2004076727951
2015,"1943","Kvaenangen",6.32860821749195
2015,"2002","Vardo",57.4721634319896
2015,"2003","Vadso",31.9249150833018
2015,"2004","Hammerfest",25.8851271507043
2015,"2012","Alta",1.30686263655626
2015,"2015","Hasvik",95.969309119258
2015,"2018","Masoy",98.3405453511143
2015,"2019","Nordkapp",38.8317450058903
2015,"2020","Porsanger",56.5221117443098
2015,"2022","Lebesby",23.6832473646063
2015,"2023","Gamvik",66.8525931347287
2015,"2024","Berlevag",74.0981729643011
2015,"2025","Tana",17.2673572424294
2015,"2027","Nesseby",33.2151210186609
2015,"2028","Batsfjord",64.8813927637824
2015,"2030","Sor-Varanger",42.6643642640613
2016,"1804","Bodo",2.80276106898195
2016,"1805","Narvik",9.88282680628902
2016,"1811","Bindal",1.96193350289121
2016,"1813","Bronnoy",4.70856140634507
2016,"1815","Vega",0.693211000627611
2016,"1818","Heroy",2.32506966808097
2016,"1822","Leirfjord",100
2016,"1827","Donna",11.8170665639499
2016,"1828","Nesna",1.38851623486658
2016,"1833","Rana",5.7361929199792
2016,"1834","Luroy",24.2904457893091
2016,"1835","Traena",17.0275416770925
2016,"1836","Rodoy",5.59333366137074
2016,"1837","Meloy",5.41605550637993
2016,"1838","Gildeskal",3.73581770514221
2016,"1840","Saltdal",100
2016,"1845","Sorfold",12.9849653290745
2016,"1848","Steigen",6.72266322025521
2016,"1850","Tysfjord",3.30601543545487
2016,"1851","Lodingen",97.7096292463066
2016,"1856","Rost",58.785671147882
2016,"1857","Vaeroy",59.4083630467361
2016,"1859","Flakstad",94.7566784667497
2016,"1860","Vestvagoy",71.366260174006
2016,"1865","Vagan",80.5644215000191
2016,"1866","Hadsel",32.1670313037311
2016,"1867","Bo",23.9879694433031
2016,"1868","Oksnes",99.9999963732213
2016,"1870","Sortland",7.46181499097451
2016,"1871","Andoy",71.9148244136765
2016,"1874","Moskenes",47.6679191880276
2016,"1902","Tromso",45.8717902583185
2016,"1903","Harstad",18.4020427082751
2016,"1911","Kvaefjord",11.277866074237
2016,"1917","Ibestad",0.0165093991431197
2016,"1928","Torsken",47.0270153323338
2016,"1929","Berg",97.073791161465
2016,"1931","Lenvik",36.6525771657176
2016,"1933","Balsfjord",0.767073036881477
2016,"1936","Karlsoy",38.0588571178894
2016,"1938","Lyngen",93.4242093896567
2016,"1940","Kafjord",23.2964490004288
2016,"1941","Skjervoy",68.7561117877592
2016,"1942","Nordreisa",12.5719879167386
2016,"1943","Kvaenangen",5.68278571742664
2016,"2002","Vardo",53.2999779281482
2016,"2003","Vadso",32.390534100161
2016,"2004","Hammerfest",22.6833652689598
2016,"2012","Alta",1.20933722920369
2016,"2014","Loppa",2.55697062418385
2016,"2015","Hasvik",87.6566106253783
2016,"2018","Masoy",97.448241120673
2016,"2019","Nordkapp",56.4452784510042
2016,"2020","Porsanger",70.3279793977369
2016,"2022","Lebesby",20.5055258170336
2016,"2023","Gamvik",58.814106597062
2016,"2024","Berlevag",73.7226885370924
2016,"2025","Tana",14.5163656575308
2016,"2027","Nesseby",30.6064190815465
2016,"2028","Batsfjord",99.603249905227
2016,"2030","Sor-Varanger",29.2853613489763
2017,"1804","Bodo",26.4081336669285
2017,"1805","Narvik",17.6517556197519
2017,"1811","Bindal",34.2700251582336
2017,"1813","Bronnoy",35.7969210067071
2017,"1815","Vega",7.85602074503707
2017,"1818","Heroy",8.90277631480541
2017,"1822","Leirfjord",29.7315988551723
2017,"1827","Donna",61.6242783419073
2017,"1828","Nesna",2.36487615514296
2017,"1833","Rana",1.50758372215312
2017,"1834","Luroy",66.1857618589895
2017,"1835","Traena",32.3749075311934
2017,"1836","Rodoy",16.2218022791418
2017,"1837","Meloy",21.5049866742986
2017,"1838","Gildeskal",2.22486204623482
2017,"1841","Fauske",0.000312727064986465
2017,"1845","Sorfold",23.3302163891428
2017,"1848","Steigen",30.7460201597394
2017,"1850","Tysfjord",8.59569465468702
2017,"1851","Lodingen",46.6387846779821
2017,"1856","Rost",56.6698765552143
2017,"1857","Vaeroy",20.7401575547271
2017,"1859","Flakstad",99.3826343598309
2017,"1860","Vestvagoy",91.0007793361097
2017,"1865","Vagan",99.1708885213392
2017,"1866","Hadsel",8.17050996998371
2017,"1867","Bo",41.0175719883044
2017,"1868","Oksnes",99.3841032438356
2017,"1870","Sortland",0.618045057179162
2017,"1871","Andoy",74.3993947110005
2017,"1874","Moskenes",42.7830244301676
2017,"1902","Tromso",55.3532261545233
2017,"1903","Harstad",37.8509692207229
2017,"1911","Kvaefjord",65.0268555445319
2017,"1917","Ibestad",0.00000451819815422963
2017,"1928","Torsken",41.2727796616748
2017,"1929","Berg",85.6483705950755
2017,"1931","Lenvik",58.7435379100908
2017,"1936","Karlsoy",19.4105675254986
2017,"1938","Lyngen",99.8185807094038
2017,"1940","Kafjord",99.2079853473356
2017,"1941","Skjervoy",85.5463664463909
2017,"1942","Nordreisa",51.4805390318169
2017,"1943","Kvaenangen",34.0416271019449
2017,"2002","Vardo",45.4930673459724
2017,"2003","Vadso",59.6770343245735
2017,"2004","Hammerfest",17.8421734870203
2017,"2012","Alta",7.50739453065734
2017,"2014","Loppa",18.3808205492143
2017,"2015","Hasvik",87.904408325979
2017,"2018","Masoy",69.4779160355701
2017,"2019","Nordkapp",53.6341480947691
2017,"2020","Porsanger",89.4107430471759
2017,"2022","Lebesby",63.8037297820169
2017,"2023","Gamvik",59.7702817635283
2017,"2024","Berlevag",61.5763639607806
2017,"2025","Tana",40.4996449343505
2017,"2027","Nesseby",96.3921730368687
2017,"2028","Batsfjord",55.7791245055893
2017,"2030","Sor-Varanger",54.4439701612771
2018,"1804","Bodo",25.5054230010739
2018,"1805","Narvik",16.5306992418837
2018,"1811","Bindal",33.3375559994333
2018,"1813","Bronnoy",34.8021344814944
2018,"1815","Vega",7.62436253422809
2018,"1818","Heroy",8.59144891228495
2018,"1822","Leirfjord",27.8433561648241
2018,"1827","Donna",59.8906212229224
2018,"1828","Nesna",2.29118822997068
2018,"1833","Rana",1.48991427431076
2018,"1834","Luroy",61.9845347702089
2018,"1835","Traena",31.4424973071156
2018,"1836","Rodoy",15.6848906481691
2018,"1837","Meloy",20.8046722712418
2018,"1838","Gildeskal",2.13874983652791
2018,"1840","Saltdal",1.93028905925703
2018,"1845","Sorfold",22.8279952021209
2018,"1848","Steigen",29.6460817694843
2018,"1850","Tysfjord",8.24653324205686
2018,"1851","Lodingen",46.1697358080594
2018,"1856","Rost",54.8657627390336
2018,"1857","Vaeroy",20.2861190694312
2018,"1859","Flakstad",97.4601564711115
2018,"1860","Vestvagoy",88.4723876655186
2018,"1865","Vagan",97.2269133121831
2018,"1866","Hadsel",7.95400670980594
2018,"1867","Bo",39.6650400607005
2018,"1868","Oksnes",97.2005051274902
2018,"1870","Sortland",0.590840365517413
2018,"1871","Andoy",73.4951462670594
2018,"1874","Moskenes",41.6229015951868
2018,"1902","Tromso",53.4704077920065
2018,"1903","Harstad",36.5628762776562
2018,"1911","Kvaefjord",63.4647449482973
2018,"1928","Torsken",39.9445343999742
2018,"1929","Berg",83.2116821586034
2018,"1931","Lenvik",56.9686137120773
2018,"1936","Karlsoy",18.7646296672919
2018,"1938","Lyngen",99.8185732356072
2018,"1940","Kafjord",97.4550305369424
2018,"1941","Skjervoy",83.9975000153575
2018,"1942","Nordreisa",50.1127430333873
2018,"1943","Kvaenangen",33.0150479714517
2018,"2002","Vardo",44.4253782095979
2018,"2003","Vadso",59.2737300196998
2018,"2004","Hammerfest",17.3334849670198
2018,"2012","Alta",30.2410591581278
2018,"2014","Loppa",17.7269185610137
2018,"2015","Hasvik",85.0869466920396
2018,"2018","Masoy",67.2035246853645
2018,"2019","Nordkapp",51.5808985321036
2018,"2020","Porsanger",87.8424437927142
2018,"2022","Lebesby",61.3350791601696
2018,"2023","Gamvik",58.7138275604792
2018,"2024","Berlevag",60.1862553195042
2018,"2025","Tana",38.6600927883532
2018,"2027","Nesseby",94.702781419623
2018,"2028","Batsfjord",55.0646954381458
2018,"2030","Sor-Varanger",51.9413049329542
