Year,Species,SSB,Bmsy,SSB.Bmsy,Blim,Spp_year
1946,Cod,990934,46e4,2.154204347826087,22e4,Cod_1946
1947,Cod,1021533,46e4,2.220723913043478,22e4,Cod_1947
1948,Cod,837191,46e4,1.8199804347826087,22e4,Cod_1948
1949,Cod,624679,46e4,1.3579978260869565,22e4,Cod_1949
1950,Cod,561960,46e4,1.2216521739130435,22e4,Cod_1950
1951,Cod,511174,46e4,1.1112478260869565,22e4,Cod_1951
1952,Cod,499388,46e4,1.0856260869565217,22e4,Cod_1952
1953,Cod,396109,46e4,0.8611065217391304,22e4,Cod_1953
1954,Cod,409613,46e4,0.8904630434782609,22e4,Cod_1954
1955,Cod,331349,46e4,0.7203239130434783,22e4,Cod_1955
1956,Cod,284131,46e4,0.6176760869565218,22e4,Cod_1956
1957,Cod,206845,46e4,0.44966304347826086,22e4,Cod_1957
1958,Cod,204290,46e4,0.4441086956521739,22e4,Cod_1958
1959,Cod,443045,46e4,0.9631413043478261,22e4,Cod_1959
1960,Cod,403077,46e4,0.8762543478260869,22e4,Cod_1960
1961,Cod,406118,46e4,0.8828652173913043,22e4,Cod_1961
1962,Cod,320257,46e4,0.6962108695652174,22e4,Cod_1962
1963,Cod,214454,46e4,0.46620434782608694,22e4,Cod_1963
1964,Cod,192056,46e4,0.41751304347826085,22e4,Cod_1964
1965,Cod,106520,46e4,0.23156521739130434,22e4,Cod_1965
1966,Cod,121926,46e4,0.2650565217391304,22e4,Cod_1966
1967,Cod,133552,46e4,0.29033043478260867,22e4,Cod_1967
1968,Cod,228959,46e4,0.4977369565217391,22e4,Cod_1968
1969,Cod,151324,46e4,0.32896521739130435,22e4,Cod_1969
1970,Cod,230581,46e4,0.5012630434782609,22e4,Cod_1970
1971,Cod,319255,46e4,0.6940326086956522,22e4,Cod_1971
1972,Cod,365225,46e4,0.7939673913043478,22e4,Cod_1972
1973,Cod,324190,46e4,0.7047608695652174,22e4,Cod_1973
1974,Cod,159560,46e4,0.3468695652173913,22e4,Cod_1974
1975,Cod,130571,46e4,0.28385,22e4,Cod_1975
1976,Cod,167868,46e4,0.36493043478260867,22e4,Cod_1976
1977,Cod,352496,46e4,0.766295652173913,22e4,Cod_1977
1978,Cod,234828,46e4,0.510495652173913,22e4,Cod_1978
1979,Cod,165061,46e4,0.3588282608695652,22e4,Cod_1979
1980,Cod,102562,46e4,0.22296086956521738,22e4,Cod_1980
1981,Cod,151682,46e4,0.3297434782608696,22e4,Cod_1981
1982,Cod,310647,46e4,0.6753195652173913,22e4,Cod_1982
1983,Cod,281459,46e4,0.6118673913043479,22e4,Cod_1983
1984,Cod,227821,46e4,0.4952630434782609,22e4,Cod_1984
1985,Cod,187561,46e4,0.4077413043478261,22e4,Cod_1985
1986,Cod,162029,46e4,0.35223695652173914,22e4,Cod_1986
1987,Cod,110512,46e4,0.24024347826086956,22e4,Cod_1987
1988,Cod,179777,46e4,0.3908195652173913,22e4,Cod_1988
1989,Cod,234911,46e4,0.5106760869565218,22e4,Cod_1989
1990,Cod,332002,46e4,0.7217434782608696,22e4,Cod_1990
1991,Cod,707466,46e4,1.5379695652173913,22e4,Cod_1991
1992,Cod,909866,46e4,1.9779695652173912,22e4,Cod_1992
1993,Cod,776726,46e4,1.6885347826086956,22e4,Cod_1993
1994,Cod,592309,46e4,1.2876282608695653,22e4,Cod_1994
1995,Cod,524227,46e4,1.1396239130434782,22e4,Cod_1995
1996,Cod,547314,46e4,1.1898130434782608,22e4,Cod_1996
1997,Cod,544511,46e4,1.1837195652173913,22e4,Cod_1997
1998,Cod,378861,46e4,0.8236108695652173,22e4,Cod_1998
1999,Cod,283778,46e4,0.6169086956521739,22e4,Cod_1999
2e3,Cod,239618,46e4,0.5209086956521739,22e4,Cod_2000
2001,Cod,364366,46e4,0.7921,22e4,Cod_2001
2002,Cod,506600,46e4,1.1013043478260869,22e4,Cod_2002
2003,Cod,596195,46e4,1.2960760869565218,22e4,Cod_2003
2004,Cod,710679,46e4,1.544954347826087,22e4,Cod_2004
2005,Cod,617366,46e4,1.3421,22e4,Cod_2005
2006,Cod,604725,46e4,1.3146195652173913,22e4,Cod_2006
2007,Cod,656899,46e4,1.4280413043478262,22e4,Cod_2007
2008,Cod,694325,46e4,1.5094021739130434,22e4,Cod_2008
2009,Cod,1106913,46e4,2.406332608695652,22e4,Cod_2009
2010,Cod,1406781,46e4,3.0582195652173914,22e4,Cod_2010
2011,Cod,2023705,46e4,4.3993586956521735,22e4,Cod_2011
2012,Cod,2350356,46e4,5.109469565217391,22e4,Cod_2012
2013,Cod,2662341,46e4,5.787697826086957,22e4,Cod_2013
2014,Cod,2522612,46e4,5.483939130434782,22e4,Cod_2014
2015,Cod,2085035,46e4,4.532684782608696,22e4,Cod_2015
2016,Cod,1713359,46e4,3.7246934782608694,22e4,Cod_2016
2017,Cod,1809027,46e4,3.932667391304348,22e4,Cod_2017
1946,Haddock,NA,8e4,NA,5e4,Haddock_1946
1947,Haddock,NA,8e4,NA,5e4,Haddock_1947
1948,Haddock,NA,8e4,NA,5e4,Haddock_1948
1949,Haddock,NA,8e4,NA,5e4,Haddock_1949
1950,Haddock,210539,8e4,2.6317375,5e4,Haddock_1950
1951,Haddock,127152,8e4,1.5894,5e4,Haddock_1951
1952,Haddock,102280,8e4,1.2785,5e4,Haddock_1952
1953,Haddock,120582,8e4,1.507275,5e4,Haddock_1953
1954,Haddock,170038,8e4,2.125475,5e4,Haddock_1954
1955,Haddock,272508,8e4,3.40635,5e4,Haddock_1955
1956,Haddock,331373,8e4,4.1421625,5e4,Haddock_1956
1957,Haddock,257398,8e4,3.217475,5e4,Haddock_1957
1958,Haddock,187283,8e4,2.3410375,5e4,Haddock_1958
1959,Haddock,130642,8e4,1.633025,5e4,Haddock_1959
1960,Haddock,117193,8e4,1.4649125,5e4,Haddock_1960
1961,Haddock,125582,8e4,1.569775,5e4,Haddock_1961
1962,Haddock,123670,8e4,1.545875,5e4,Haddock_1962
1963,Haddock,96983,8e4,1.2122875,5e4,Haddock_1963
1964,Haddock,86831,8e4,1.0853875,5e4,Haddock_1964
1965,Haddock,100790,8e4,1.259875,5e4,Haddock_1965
1966,Haddock,134567,8e4,1.6820875,5e4,Haddock_1966
1967,Haddock,145893,8e4,1.8236625,5e4,Haddock_1967
1968,Haddock,160772,8e4,2.00965,5e4,Haddock_1968
1969,Haddock,161810,8e4,2.022625,5e4,Haddock_1969
1970,Haddock,150330,8e4,1.879125,5e4,Haddock_1970
1971,Haddock,123055,8e4,1.5381875,5e4,Haddock_1971
1972,Haddock,122910,8e4,1.536375,5e4,Haddock_1972
1973,Haddock,125928,8e4,1.5741,5e4,Haddock_1973
1974,Haddock,166914,8e4,2.086425,5e4,Haddock_1974
1975,Haddock,190776,8e4,2.3847,5e4,Haddock_1975
1976,Haddock,183562,8e4,2.294525,5e4,Haddock_1976
1977,Haddock,116637,8e4,1.4579625,5e4,Haddock_1977
1978,Haddock,78675,8e4,0.9834375,5e4,Haddock_1978
1979,Haddock,62050,8e4,0.775625,5e4,Haddock_1979
1980,Haddock,62437,8e4,0.7804625,5e4,Haddock_1980
1981,Haddock,71685,8e4,0.8960625,5e4,Haddock_1981
1982,Haddock,68229,8e4,0.8528625,5e4,Haddock_1982
1983,Haddock,59224,8e4,0.7403,5e4,Haddock_1983
1984,Haddock,53067,8e4,0.6633375,5e4,Haddock_1984
1985,Haddock,49806,8e4,0.622575,5e4,Haddock_1985
1986,Haddock,54063,8e4,0.6757875,5e4,Haddock_1986
1987,Haddock,71490,8e4,0.893625,5e4,Haddock_1987
1988,Haddock,76824,8e4,0.9603,5e4,Haddock_1988
1989,Haddock,83044,8e4,1.03805,5e4,Haddock_1989
1990,Haddock,88279,8e4,1.1034875,5e4,Haddock_1990
1991,Haddock,100718,8e4,1.258975,5e4,Haddock_1991
1992,Haddock,115662,8e4,1.445775,5e4,Haddock_1992
1993,Haddock,135175,8e4,1.6896875,5e4,Haddock_1993
1994,Haddock,163487,8e4,2.0435875,5e4,Haddock_1994
1995,Haddock,205731,8e4,2.5716375,5e4,Haddock_1995
1996,Haddock,247108,8e4,3.08885,5e4,Haddock_1996
1997,Haddock,214197,8e4,2.6774625,5e4,Haddock_1997
1998,Haddock,155149,8e4,1.9393625,5e4,Haddock_1998
1999,Haddock,112640,8e4,1.408,5e4,Haddock_1999
2e3,Haddock,95103,8e4,1.1887875,5e4,Haddock_2000
2001,Haddock,100769,8e4,1.2596125,5e4,Haddock_2001
2002,Haddock,118418,8e4,1.480225,5e4,Haddock_2002
2003,Haddock,153491,8e4,1.9186375,5e4,Haddock_2003
2004,Haddock,171704,8e4,2.1463,5e4,Haddock_2004
2005,Haddock,182526,8e4,2.281575,5e4,Haddock_2005
2006,Haddock,177809,8e4,2.2226125,5e4,Haddock_2006
2007,Haddock,188665,8e4,2.3583125,5e4,Haddock_2007
2008,Haddock,213691,8e4,2.6711375,5e4,Haddock_2008
2009,Haddock,234729,8e4,2.9341125,5e4,Haddock_2009
2010,Haddock,338146,8e4,4.226825,5e4,Haddock_2010
2011,Haddock,445077,8e4,5.5634625,5e4,Haddock_2011
2012,Haddock,539727,8e4,6.7465875,5e4,Haddock_2012
2013,Haddock,564781,8e4,7.0597625,5e4,Haddock_2013
2014,Haddock,556572,8e4,6.95715,5e4,Haddock_2014
2015,Haddock,517746,8e4,6.471825,5e4,Haddock_2015
2016,Haddock,492816,8e4,6.1602,5e4,Haddock_2016
2017,Haddock,363474,8e4,4.543425,5e4,Haddock_2017
1946,Herring,NA,3184e3,NA,25e5,Herring_1946
1947,Herring,NA,3184e3,NA,25e5,Herring_1947
1948,Herring,NA,3184e3,NA,25e5,Herring_1948
1949,Herring,NA,3184e3,NA,25e5,Herring_1949
1950,Herring,NA,3184e3,NA,25e5,Herring_1950
1951,Herring,NA,3184e3,NA,25e5,Herring_1951
1952,Herring,NA,3184e3,NA,25e5,Herring_1952
1953,Herring,NA,3184e3,NA,25e5,Herring_1953
1954,Herring,NA,3184e3,NA,25e5,Herring_1954
1955,Herring,NA,3184e3,NA,25e5,Herring_1955
1956,Herring,NA,3184e3,NA,25e5,Herring_1956
1957,Herring,NA,3184e3,NA,25e5,Herring_1957
1958,Herring,NA,3184e3,NA,25e5,Herring_1958
1959,Herring,NA,3184e3,NA,25e5,Herring_1959
1960,Herring,NA,3184e3,NA,25e5,Herring_1960
1961,Herring,NA,3184e3,NA,25e5,Herring_1961
1962,Herring,NA,3184e3,NA,25e5,Herring_1962
1963,Herring,NA,3184e3,NA,25e5,Herring_1963
1964,Herring,NA,3184e3,NA,25e5,Herring_1964
1965,Herring,NA,3184e3,NA,25e5,Herring_1965
1966,Herring,NA,3184e3,NA,25e5,Herring_1966
1967,Herring,NA,3184e3,NA,25e5,Herring_1967
1968,Herring,NA,3184e3,NA,25e5,Herring_1968
1969,Herring,NA,3184e3,NA,25e5,Herring_1969
1970,Herring,NA,3184e3,NA,25e5,Herring_1970
1971,Herring,NA,3184e3,NA,25e5,Herring_1971
1972,Herring,NA,3184e3,NA,25e5,Herring_1972
1973,Herring,NA,3184e3,NA,25e5,Herring_1973
1974,Herring,NA,3184e3,NA,25e5,Herring_1974
1975,Herring,NA,3184e3,NA,25e5,Herring_1975
1976,Herring,NA,3184e3,NA,25e5,Herring_1976
1977,Herring,NA,3184e3,NA,25e5,Herring_1977
1978,Herring,NA,3184e3,NA,25e5,Herring_1978
1979,Herring,NA,3184e3,NA,25e5,Herring_1979
1980,Herring,NA,3184e3,NA,25e5,Herring_1980
1981,Herring,NA,3184e3,NA,25e5,Herring_1981
1982,Herring,NA,3184e3,NA,25e5,Herring_1982
1983,Herring,NA,3184e3,NA,25e5,Herring_1983
1984,Herring,NA,3184e3,NA,25e5,Herring_1984
1985,Herring,NA,3184e3,NA,25e5,Herring_1985
1986,Herring,NA,3184e3,NA,25e5,Herring_1986
1987,Herring,NA,3184e3,NA,25e5,Herring_1987
1988,Herring,2108e3,3184e3,0.6620603015075377,25e5,Herring_1988
1989,Herring,326e4,3184e3,1.0238693467336684,25e5,Herring_1989
1990,Herring,3528e3,3184e3,1.1080402010050252,25e5,Herring_1990
1991,Herring,3303e3,3184e3,1.0373743718592965,25e5,Herring_1991
1992,Herring,3331e3,3184e3,1.0461683417085428,25e5,Herring_1992
1993,Herring,3302e3,3184e3,1.0370603015075377,25e5,Herring_1993
1994,Herring,3431e3,3184e3,1.077575376884422,25e5,Herring_1994
1995,Herring,3508e3,3184e3,1.1017587939698492,25e5,Herring_1995
1996,Herring,4096e3,3184e3,1.2864321608040201,25e5,Herring_1996
1997,Herring,5355e3,3184e3,1.6818467336683418,25e5,Herring_1997
1998,Herring,5908e3,3184e3,1.8555276381909547,25e5,Herring_1998
1999,Herring,577e4,3184e3,1.8121859296482412,25e5,Herring_1999
2e3,Herring,4799e3,3184e3,1.5072236180904524,25e5,Herring_2000
2001,Herring,3986e3,3184e3,1.2518844221105527,25e5,Herring_2001
2002,Herring,3528e3,3184e3,1.1080402010050252,25e5,Herring_2002
2003,Herring,4172e3,3184e3,1.3103015075376885,25e5,Herring_2003
2004,Herring,527e4,3184e3,1.6551507537688441,25e5,Herring_2004
2005,Herring,5401e3,3184e3,1.6962939698492463,25e5,Herring_2005
2006,Herring,5365e3,3184e3,1.6849874371859297,25e5,Herring_2006
2007,Herring,6901e3,3184e3,2.167399497487437,25e5,Herring_2007
2008,Herring,6987e3,3184e3,2.1944095477386933,25e5,Herring_2008
2009,Herring,6956e3,3184e3,2.1846733668341707,25e5,Herring_2009
2010,Herring,6149e3,3184e3,1.931218592964824,25e5,Herring_2010
2011,Herring,5774e3,3184e3,1.8134422110552764,25e5,Herring_2011
2012,Herring,5544e3,3184e3,1.7412060301507537,25e5,Herring_2012
2013,Herring,5158e3,3184e3,1.6199748743718594,25e5,Herring_2013
2014,Herring,4924e3,3184e3,1.5464824120603016,25e5,Herring_2014
2015,Herring,4615e3,3184e3,1.4494346733668342,25e5,Herring_2015
2016,Herring,4336e3,3184e3,1.3618090452261307,25e5,Herring_2016
2017,Herring,4235e3,3184e3,1.3300879396984924,25e5,Herring_2017
1946,Saithe,NA,22e4,NA,136e3,Saithe_1946
1947,Saithe,NA,22e4,NA,136e3,Saithe_1947
1948,Saithe,NA,22e4,NA,136e3,Saithe_1948
1949,Saithe,NA,22e4,NA,136e3,Saithe_1949
1950,Saithe,NA,22e4,NA,136e3,Saithe_1950
1951,Saithe,NA,22e4,NA,136e3,Saithe_1951
1952,Saithe,NA,22e4,NA,136e3,Saithe_1952
1953,Saithe,NA,22e4,NA,136e3,Saithe_1953
1954,Saithe,NA,22e4,NA,136e3,Saithe_1954
1955,Saithe,NA,22e4,NA,136e3,Saithe_1955
1956,Saithe,NA,22e4,NA,136e3,Saithe_1956
1957,Saithe,NA,22e4,NA,136e3,Saithe_1957
1958,Saithe,NA,22e4,NA,136e3,Saithe_1958
1959,Saithe,NA,22e4,NA,136e3,Saithe_1959
1960,Saithe,461034,22e4,2.095609090909091,136e3,Saithe_1960
1961,Saithe,455183,22e4,2.0690136363636364,136e3,Saithe_1961
1962,Saithe,459180,22e4,2.087181818181818,136e3,Saithe_1962
1963,Saithe,455083,22e4,2.068559090909091,136e3,Saithe_1963
1964,Saithe,476993,22e4,2.16815,136e3,Saithe_1964
1965,Saithe,515080,22e4,2.3412727272727274,136e3,Saithe_1965
1966,Saithe,477779,22e4,2.1717227272727273,136e3,Saithe_1966
1967,Saithe,490630,22e4,2.2301363636363636,136e3,Saithe_1967
1968,Saithe,471425,22e4,2.1428409090909093,136e3,Saithe_1968
1969,Saithe,511093,22e4,2.32315,136e3,Saithe_1969
1970,Saithe,563897,22e4,2.563168181818182,136e3,Saithe_1970
1971,Saithe,553344,22e4,2.5152,136e3,Saithe_1971
1972,Saithe,537655,22e4,2.4438863636363637,136e3,Saithe_1972
1973,Saithe,536480,22e4,2.4385454545454546,136e3,Saithe_1973
1974,Saithe,490485,22e4,2.229477272727273,136e3,Saithe_1974
1975,Saithe,397311,22e4,1.805959090909091,136e3,Saithe_1975
1976,Saithe,281954,22e4,1.281609090909091,136e3,Saithe_1976
1977,Saithe,210379,22e4,0.9562681818181819,136e3,Saithe_1977
1978,Saithe,189312,22e4,0.8605090909090909,136e3,Saithe_1978
1979,Saithe,170721,22e4,0.7760045454545454,136e3,Saithe_1979
1980,Saithe,150628,22e4,0.6846727272727273,136e3,Saithe_1980
1981,Saithe,154839,22e4,0.7038136363636364,136e3,Saithe_1981
1982,Saithe,136079,22e4,0.6185409090909091,136e3,Saithe_1982
1983,Saithe,161606,22e4,0.7345727272727273,136e3,Saithe_1983
1984,Saithe,145847,22e4,0.6629409090909091,136e3,Saithe_1984
1985,Saithe,110963,22e4,0.5043772727272727,136e3,Saithe_1985
1986,Saithe,83531,22e4,0.37968636363636366,136e3,Saithe_1986
1987,Saithe,72188,22e4,0.3281272727272727,136e3,Saithe_1987
1988,Saithe,88213,22e4,0.40096818181818183,136e3,Saithe_1988
1989,Saithe,102840,22e4,0.46745454545454546,136e3,Saithe_1989
1990,Saithe,119244,22e4,0.5420181818181818,136e3,Saithe_1990
1991,Saithe,114724,22e4,0.5214727272727273,136e3,Saithe_1991
1992,Saithe,94913,22e4,0.4314227272727273,136e3,Saithe_1992
1993,Saithe,97008,22e4,0.44094545454545453,136e3,Saithe_1993
1994,Saithe,147107,22e4,0.6686681818181818,136e3,Saithe_1994
1995,Saithe,195938,22e4,0.8906272727272727,136e3,Saithe_1995
1996,Saithe,245151,22e4,1.1143227272727272,136e3,Saithe_1996
1997,Saithe,243935,22e4,1.1087954545454546,136e3,Saithe_1997
1998,Saithe,292424,22e4,1.3292,136e3,Saithe_1998
1999,Saithe,308820,22e4,1.4037272727272727,136e3,Saithe_1999
2e3,Saithe,369761,22e4,1.6807318181818183,136e3,Saithe_2000
2001,Saithe,376061,22e4,1.7093681818181818,136e3,Saithe_2001
2002,Saithe,451408,22e4,2.0518545454545456,136e3,Saithe_2002
2003,Saithe,441867,22e4,2.0084863636363637,136e3,Saithe_2003
2004,Saithe,524070,22e4,2.3821363636363637,136e3,Saithe_2004
2005,Saithe,603218,22e4,2.7419,136e3,Saithe_2005
2006,Saithe,535534,22e4,2.4342454545454544,136e3,Saithe_2006
2007,Saithe,542961,22e4,2.4680045454545456,136e3,Saithe_2007
2008,Saithe,468568,22e4,2.1298545454545454,136e3,Saithe_2008
2009,Saithe,359510,22e4,1.6341363636363637,136e3,Saithe_2009
2010,Saithe,326226,22e4,1.4828454545454546,136e3,Saithe_2010
2011,Saithe,292297,22e4,1.3286227272727273,136e3,Saithe_2011
2012,Saithe,300713,22e4,1.3668772727272727,136e3,Saithe_2012
2013,Saithe,322562,22e4,1.466190909090909,136e3,Saithe_2013
2014,Saithe,348389,22e4,1.5835863636363636,136e3,Saithe_2014
2015,Saithe,357411,22e4,1.6245954545454546,136e3,Saithe_2015
2016,Saithe,391081,22e4,1.777640909090909,136e3,Saithe_2016
2017,Saithe,387061,22e4,1.7593681818181819,136e3,Saithe_2017
1946,Capelin,NA,427e3,NA,2e5,Capelin_1946
1947,Capelin,NA,427e3,NA,2e5,Capelin_1947
1948,Capelin,NA,427e3,NA,2e5,Capelin_1948
1949,Capelin,NA,427e3,NA,2e5,Capelin_1949
1950,Capelin,NA,427e3,NA,2e5,Capelin_1950
1951,Capelin,NA,427e3,NA,2e5,Capelin_1951
1952,Capelin,NA,427e3,NA,2e5,Capelin_1952
1953,Capelin,NA,427e3,NA,2e5,Capelin_1953
1954,Capelin,NA,427e3,NA,2e5,Capelin_1954
1955,Capelin,NA,427e3,NA,2e5,Capelin_1955
1956,Capelin,NA,427e3,NA,2e5,Capelin_1956
1957,Capelin,NA,427e3,NA,2e5,Capelin_1957
1958,Capelin,NA,427e3,NA,2e5,Capelin_1958
1959,Capelin,NA,427e3,NA,2e5,Capelin_1959
1960,Capelin,NA,427e3,NA,2e5,Capelin_1960
1961,Capelin,NA,427e3,NA,2e5,Capelin_1961
1962,Capelin,NA,427e3,NA,2e5,Capelin_1962
1963,Capelin,NA,427e3,NA,2e5,Capelin_1963
1964,Capelin,NA,427e3,NA,2e5,Capelin_1964
1965,Capelin,NA,427e3,NA,2e5,Capelin_1965
1966,Capelin,NA,427e3,NA,2e5,Capelin_1966
1967,Capelin,NA,427e3,NA,2e5,Capelin_1967
1968,Capelin,NA,427e3,NA,2e5,Capelin_1968
1969,Capelin,NA,427e3,NA,2e5,Capelin_1969
1970,Capelin,NA,427e3,NA,2e5,Capelin_1970
1971,Capelin,NA,427e3,NA,2e5,Capelin_1971
1972,Capelin,NA,427e3,NA,2e5,Capelin_1972
1973,Capelin,NA,427e3,NA,2e5,Capelin_1973
1974,Capelin,NA,427e3,NA,2e5,Capelin_1974
1975,Capelin,NA,427e3,NA,2e5,Capelin_1975
1976,Capelin,NA,427e3,NA,2e5,Capelin_1976
1977,Capelin,NA,427e3,NA,2e5,Capelin_1977
1978,Capelin,NA,427e3,NA,2e5,Capelin_1978
1979,Capelin,NA,427e3,NA,2e5,Capelin_1979
1980,Capelin,NA,427e3,NA,2e5,Capelin_1980
1981,Capelin,NA,427e3,NA,2e5,Capelin_1981
1982,Capelin,NA,427e3,NA,2e5,Capelin_1982
1983,Capelin,NA,427e3,NA,2e5,Capelin_1983
1984,Capelin,NA,427e3,NA,2e5,Capelin_1984
1985,Capelin,NA,427e3,NA,2e5,Capelin_1985
1986,Capelin,NA,427e3,NA,2e5,Capelin_1986
1987,Capelin,NA,427e3,NA,2e5,Capelin_1987
1988,Capelin,NA,427e3,NA,2e5,Capelin_1988
1989,Capelin,84e3,427e3,0.19672131147540983,2e5,Capelin_1989
1990,Capelin,92e3,427e3,0.2154566744730679,2e5,Capelin_1990
1991,Capelin,643e3,427e3,1.505854800936768,2e5,Capelin_1991
1992,Capelin,302e3,427e3,0.7072599531615925,2e5,Capelin_1992
1993,Capelin,293e3,427e3,0.6861826697892272,2e5,Capelin_1993
1994,Capelin,139e3,427e3,0.3255269320843091,2e5,Capelin_1994
1995,Capelin,6e4,427e3,0.1405152224824356,2e5,Capelin_1995
1996,Capelin,6e4,427e3,0.1405152224824356,2e5,Capelin_1996
1997,Capelin,85e3,427e3,0.1990632318501171,2e5,Capelin_1997
1998,Capelin,94e3,427e3,0.22014051522248243,2e5,Capelin_1998
1999,Capelin,382e3,427e3,0.8946135831381733,2e5,Capelin_1999
2e3,Capelin,599e3,427e3,1.4028103044496487,2e5,Capelin_2000
2001,Capelin,626e3,427e3,1.4660421545667448,2e5,Capelin_2001
2002,Capelin,496e3,427e3,1.161592505854801,2e5,Capelin_2002
2003,Capelin,427e3,427e3,1,2e5,Capelin_2003
2004,Capelin,94e3,427e3,0.22014051522248243,2e5,Capelin_2004
2005,Capelin,122e3,427e3,0.2857142857142857,2e5,Capelin_2005
2006,Capelin,72e3,427e3,0.1686182669789227,2e5,Capelin_2006
2007,Capelin,189e3,427e3,0.4426229508196721,2e5,Capelin_2007
2008,Capelin,33e4,427e3,0.7728337236533958,2e5,Capelin_2008
2009,Capelin,517e3,427e3,1.2107728337236534,2e5,Capelin_2009
2010,Capelin,504e3,427e3,1.180327868852459,2e5,Capelin_2010
2011,Capelin,487e3,427e3,1.1405152224824355,2e5,Capelin_2011
2012,Capelin,504e3,427e3,1.180327868852459,2e5,Capelin_2012
2013,Capelin,479e3,427e3,1.1217798594847774,2e5,Capelin_2013
2014,Capelin,399e3,427e3,0.9344262295081968,2e5,Capelin_2014
2015,Capelin,504e3,427e3,1.180327868852459,2e5,Capelin_2015
2016,Capelin,82e3,427e3,0.1920374707259953,2e5,Capelin_2016
2017,Capelin,37e3,427e3,0.08665105386416862,2e5,Capelin_2017
1946,Kingcrab,NA,NA,NA,NA,Kingcrab_1946
1947,Kingcrab,NA,NA,NA,NA,Kingcrab_1947
1948,Kingcrab,NA,NA,NA,NA,Kingcrab_1948
1949,Kingcrab,NA,NA,NA,NA,Kingcrab_1949
1950,Kingcrab,NA,NA,NA,NA,Kingcrab_1950
1951,Kingcrab,NA,NA,NA,NA,Kingcrab_1951
1952,Kingcrab,NA,NA,NA,NA,Kingcrab_1952
1953,Kingcrab,NA,NA,NA,NA,Kingcrab_1953
1954,Kingcrab,NA,NA,NA,NA,Kingcrab_1954
1955,Kingcrab,NA,NA,NA,NA,Kingcrab_1955
1956,Kingcrab,NA,NA,NA,NA,Kingcrab_1956
1957,Kingcrab,NA,NA,NA,NA,Kingcrab_1957
1958,Kingcrab,NA,NA,NA,NA,Kingcrab_1958
1959,Kingcrab,NA,NA,NA,NA,Kingcrab_1959
1960,Kingcrab,NA,NA,NA,NA,Kingcrab_1960
1961,Kingcrab,NA,NA,NA,NA,Kingcrab_1961
1962,Kingcrab,NA,NA,NA,NA,Kingcrab_1962
1963,Kingcrab,NA,NA,NA,NA,Kingcrab_1963
1964,Kingcrab,NA,NA,NA,NA,Kingcrab_1964
1965,Kingcrab,NA,NA,NA,NA,Kingcrab_1965
1966,Kingcrab,NA,NA,NA,NA,Kingcrab_1966
1967,Kingcrab,NA,NA,NA,NA,Kingcrab_1967
1968,Kingcrab,NA,NA,NA,NA,Kingcrab_1968
1969,Kingcrab,NA,NA,NA,NA,Kingcrab_1969
1970,Kingcrab,NA,NA,NA,NA,Kingcrab_1970
1971,Kingcrab,NA,NA,NA,NA,Kingcrab_1971
1972,Kingcrab,NA,NA,NA,NA,Kingcrab_1972
1973,Kingcrab,NA,NA,NA,NA,Kingcrab_1973
1974,Kingcrab,NA,NA,NA,NA,Kingcrab_1974
1975,Kingcrab,NA,NA,NA,NA,Kingcrab_1975
1976,Kingcrab,NA,NA,NA,NA,Kingcrab_1976
1977,Kingcrab,NA,NA,NA,NA,Kingcrab_1977
1978,Kingcrab,NA,NA,NA,NA,Kingcrab_1978
1979,Kingcrab,NA,NA,NA,NA,Kingcrab_1979
1980,Kingcrab,NA,NA,NA,NA,Kingcrab_1980
1981,Kingcrab,NA,NA,NA,NA,Kingcrab_1981
1982,Kingcrab,NA,NA,NA,NA,Kingcrab_1982
1983,Kingcrab,NA,NA,NA,NA,Kingcrab_1983
1984,Kingcrab,NA,NA,NA,NA,Kingcrab_1984
1985,Kingcrab,NA,NA,NA,NA,Kingcrab_1985
1986,Kingcrab,NA,NA,NA,NA,Kingcrab_1986
1987,Kingcrab,NA,NA,NA,NA,Kingcrab_1987
1988,Kingcrab,NA,NA,NA,NA,Kingcrab_1988
1989,Kingcrab,NA,NA,NA,NA,Kingcrab_1989
1990,Kingcrab,NA,NA,NA,NA,Kingcrab_1990
1991,Kingcrab,NA,NA,NA,NA,Kingcrab_1991
1992,Kingcrab,NA,NA,NA,NA,Kingcrab_1992
1993,Kingcrab,NA,NA,NA,NA,Kingcrab_1993
1994,Kingcrab,NA,NA,1,NA,Kingcrab_1994
1995,Kingcrab,NA,NA,1,NA,Kingcrab_1995
1996,Kingcrab,NA,NA,1,NA,Kingcrab_1996
1997,Kingcrab,NA,NA,1,NA,Kingcrab_1997
1998,Kingcrab,NA,NA,1,NA,Kingcrab_1998
1999,Kingcrab,NA,NA,1,NA,Kingcrab_1999
2e3,Kingcrab,NA,NA,1,NA,Kingcrab_2000
2001,Kingcrab,NA,NA,1,NA,Kingcrab_2001
2002,Kingcrab,NA,NA,1,NA,Kingcrab_2002
2003,Kingcrab,NA,NA,1,NA,Kingcrab_2003
2004,Kingcrab,NA,NA,1,NA,Kingcrab_2004
2005,Kingcrab,NA,NA,1,NA,Kingcrab_2005
2006,Kingcrab,NA,NA,1,NA,Kingcrab_2006
2007,Kingcrab,NA,NA,1,NA,Kingcrab_2007
2008,Kingcrab,NA,NA,1,NA,Kingcrab_2008
2009,Kingcrab,NA,NA,1,NA,Kingcrab_2009
2010,Kingcrab,NA,NA,1,NA,Kingcrab_2010
2011,Kingcrab,NA,NA,1,NA,Kingcrab_2011
2012,Kingcrab,NA,NA,1,NA,Kingcrab_2012
2013,Kingcrab,NA,NA,1,NA,Kingcrab_2013
2014,Kingcrab,NA,NA,1,NA,Kingcrab_2014
2015,Kingcrab,NA,NA,1,NA,Kingcrab_2015
2016,Kingcrab,NA,NA,1,NA,Kingcrab_2016
2017,Kingcrab,NA,NA,1,NA,Kingcrab_2017
2018,Capelin,462e3,427e3,1.0819672131147542,2e5,Capelin_2018
2018,Cod,1504567,46e4,3.2707978260869566,22e4,Cod_2018
2018,Haddock,401586,8e4,5.019825,5e4,Haddock_2018
2018,Herring,3691e3,3184e3,1.1592336683417086,25e5,Herring_2018
2018,Kingcrab,NA,NA,1,NA,Kingcrab_2018
2018,Saithe,454042,22e4,2.0638272727272726,136e3,Saithe_2018
