Year,Municip_number,Municip_name_new,fish_score,runmean
1994,1804,Bodo,98.1846507585739,NA
1995,1804,Bodo,98.03929026479453,NA
1996,1804,Bodo,98.81513147080415,98.74920518032883
1997,1804,Bodo,99.48287946754012,98.79800736677998
1998,1804,Bodo,99.22407393993147,98.8857538302565
1999,1804,Bodo,98.42866169082967,98.86402769313206
2000,1804,Bodo,98.47802258217715,98.79928266487106
2001,1804,Bodo,98.70650078518194,98.80862855818079
2002,1804,Bodo,99.15915432623507,98.87243855939712
2003,1804,Bodo,99.27080340648008,98.94521623985273
2004,1804,Bodo,98.7477116969114,98.97837436680524
2005,1804,Bodo,98.84191098445513,98.6671015942485
2006,1804,Bodo,98.87229141994453,98.50835080355634
2007,1804,Bodo,97.60279046345138,98.5872102146146
2008,1804,Bodo,98.47704945301933,98.12841316771816
2009,1804,Bodo,99.14200875220266,98.03129554176246
2010,1804,Bodo,96.54792574997292,97.4793250379353
2011,1804,Bodo,98.38670329016604,85.29774784247454
2012,1804,Bodo,94.84293794431551,66.30905314323829
2013,1804,Bodo,37.56916347571554,52.07078948384752
2014,1804,Bodo,4.198535256021461,33.66645218399659
2015,1804,Bodo,25.35660745301908,32.413906691605256
2016,1804,Bodo,6.365016790911379,NA
2017,1804,Bodo,88.58021048235885,NA
1994,1805,Narvik,99.88228688804003,NA
1995,1805,Narvik,53.6897962069085,NA
1996,1805,Narvik,99.90876370936384,90.46732588013779
1997,1805,Narvik,98.97939394777194,70.6191389711314
1998,1805,Narvik,99.87638864860466,60.33761212390395
1999,1805,Narvik,0.641352343008133,40.89661537163059
2005,1805,Narvik,2.2821619707712064,21.602394497822797
2006,1805,Narvik,2.7037799479970146,2.0625182494178986
2007,1805,Narvik,2.5082895787330024,2.139895685319969
2008,1805,Narvik,2.1770074065801626,1.9030104541741892
2009,1805,Narvik,1.0282395225184842,1.5349256997641572
2010,1805,Narvik,1.0977358150423087,1.2950093455335545
2011,1805,Narvik,0.8633561759468538,0.9658951161381608
2012,1805,Narvik,1.3087078075799898,0.7713460440457459
2013,1805,Narvik,0.5314362596031935,0.6942989426692169
2014,1805,Narvik,0.05549416205640989,NA
2015,1805,Narvik,0.7125003081596631,NA
1994,1811,Bindal,6.434223032572,NA
1995,1811,Bindal,10.754000061689009,NA
1996,1811,Bindal,6.177020164425953,6.8019323203455855
1997,1811,Bindal,6.004969751640077,6.022660176090729
1998,1811,Bindal,4.639448591400885,4.005620997749569
1999,1811,Bindal,2.537862311297714,3.7384793652349453
2000,1811,Bindal,0.6688041699832132,2.5604015908913214
2001,1811,Bindal,4.841312001852833,3.789854354232876
2003,1811,Bindal,0.1145808799219586,6.07912248246757
2005,1811,Bindal,10.786712408108658,10.093973771458483
2006,1811,Bindal,13.984202952471184,14.860180100920587
2007,1811,Bindal,20.743060614937775,18.83440027157804
2008,1811,Bindal,28.672343649163366,22.31225704909424
2009,1811,Bindal,19.98568173320923,24.49155694970731
2010,1811,Bindal,28.175996295689636,23.70671411628388
2011,1811,Bindal,24.88070245553654,20.225067963499605
2012,1811,Bindal,16.818846447820622,19.87919999407541
2013,1811,Bindal,11.264112885241989,16.652563459755335
2014,1811,Bindal,18.256341886088258,14.872289995789174
2015,1811,Bindal,12.042813624089256,13.759032280986059
2016,1811,Bindal,15.979335135705751,NA
2017,1811,Bindal,11.252557873805042,NA
1994,1812,Somna,0.3932197711353483,NA
1995,1812,Somna,0.043823547251056666,NA
1996,1812,Somna,0.1365061403309905,0.14412080119909282
1997,1812,Somna,0.14079118586643213,0.10581638099154507
1998,1812,Somna,0.0062633614116365775,0.10635364417535578
2005,1812,Somna,0.20169767009760947,0.08301133531328507
2006,1812,Somna,0.046509863170110174,0.07667456557685703
2007,1812,Somna,0.01979459602063704,0.07797909650978656
2009,1812,Somna,0.10910733718429194,0.04454401117145815
2010,1812,Somna,0.012786016076284216,0.03772615682079764
2011,1812,Somna,0.03452224340596737,0.0439960504776976
2012,1812,Somna,0.012420591416807635,0.029446120277061515
2014,1812,Somna,0.05114406430513686,NA
2015,1812,Somna,0.03635768618111148,NA
1994,1813,Bronnoy,92.57920991145653,NA
1995,1813,Bronnoy,49.289577132235515,NA
1996,1813,Bronnoy,25.46176595847221,36.47750638293267
1997,1813,Bronnoy,9.078326794050547,19.08129752376741
1998,1813,Bronnoy,5.978652118448536,9.956550565601221
1999,1813,Bronnoy,5.59816561563027,7.7877190019634925
2000,1813,Bronnoy,3.665842341404555,9.238245005346938
2001,1813,Bronnoy,14.61760814028357,10.564626661239132
2002,1813,Bronnoy,16.330956810967773,14.82252026907872
2003,1813,Bronnoy,12.610560397909506,18.525145870712414
2004,1813,Bronnoy,26.887633654828203,21.3042474424941
2005,1813,Bronnoy,22.17897034957303,25.72748380917153
2006,1813,Bronnoy,28.513115999191996,32.01578216533463
2007,1813,Bronnoy,38.44713864435494,34.43303936015276
2008,1813,Bronnoy,44.05205217872498,37.934924414337786
2009,1813,Bronnoy,38.97391962891889,41.871688054553765
2010,1813,Bronnoy,39.688395620498135,42.05234064787997
2011,1813,Bronnoy,48.19693420027189,33.98473548490209
2012,1813,Bronnoy,39.35040161098599,31.83443767608325
2013,1813,Bronnoy,3.7140263638355306,28.299516439596108
2014,1813,Bronnoy,28.222430584824718,25.328503305178476
2015,1813,Bronnoy,22.01378943806242,21.71147498672366
2016,1813,Bronnoy,33.341868528183724,NA
2017,1813,Bronnoy,21.265260018711917,NA
1994,1815,Vega,29.033842312649394,NA
1995,1815,Vega,30.461870382997397,NA
1996,1815,Vega,3.3920020351253775,18.537719382786577
1997,1815,Vega,17.75695713655752,13.797557552293634
1998,1815,Vega,12.043925046603192,7.7526627700334725
1999,1815,Vega,5.333033160184683,8.781564692427061
2003,1815,Vega,0.23739647169659076,6.392344022830491
2004,1815,Vega,8.536511647093315,17.162082284744482
2005,1815,Vega,5.81085378857467,17.399838863057
2006,1815,Vega,65.89261635617315,18.731236743985892
2007,1815,Vega,6.521816051747271,17.02499162634948
2008,1815,Vega,6.894385876341042,17.388172386175363
2009,1815,Vega,0.005286058911259492,4.212428713507473
2011,1815,Vega,7.6267575877040805,4.167104891195904
2012,1815,Vega,0.013897992833711835,3.8823718135398386
2013,1815,Vega,6.295196940189429,5.352343705968886
2014,1815,Vega,5.470720488060715,5.249159913708766
2015,1815,Vega,7.3551455210565,6.35477489920335
2016,1815,Vega,7.110838626403476,NA
2017,1815,Vega,5.54197292030663,NA
1994,1816,Vevelstad,2.240565475179875,NA
1995,1816,Vevelstad,0.35742304719481005,NA
1996,1816,Vevelstad,0.10954248905673072,0.6074998985959851
1997,1816,Vevelstad,0.26034274648973044,0.16778246763808075
1998,1816,Vevelstad,0.06962573505877892,18.603184099171408
1999,1816,Vevelstad,0.04197832039035366,29.742066291787143
2011,1816,Vevelstad,92.53443120486145,47.820799205551324
2012,1816,Vevelstad,55.8039534521354,47.8260613162472
2013,1816,Vevelstad,90.65400731531066,NA
2014,1816,Vevelstad,0.09593628853812516,NA
1994,1818,Heroy,88.33092702167905,NA
1995,1818,Heroy,64.35929584656041,NA
1996,1818,Heroy,57.79012994786689,47.75957220710185
1997,1818,Heroy,14.813124735311133,31.16656294605142
1998,1818,Heroy,13.50438348409175,19.285073640986354
1999,1818,Heroy,5.365880716426909,10.952038347789227
2000,1818,Heroy,4.951849321235077,12.162435900883732
2001,1818,Heroy,16.12495348188125,17.004891651908068
2002,1818,Heroy,20.865112500783667,20.766335887964424
2003,1818,Heroy,37.71666223921342,23.311563832356338
2004,1818,Heroy,24.17310189670869,24.49066867620256
2005,1818,Heroy,17.67798904319465,22.566930650899646
2006,1818,Heroy,22.020477701112362,17.731413838316037
2007,1818,Heroy,11.246422374269102,14.544612471134375
2008,1818,Heroy,13.539078176295371,13.148229333730942
2009,1818,Heroy,8.239095060800377,10.351689965448756
2010,1818,Heroy,10.696073356177486,9.963486546891868
2011,1818,Heroy,8.03778085970143,9.03815222597564
2012,1818,Heroy,9.305405281484669,8.861175298640992
2013,1818,Heroy,8.912406571714229,7.636855034790902
2014,1818,Heroy,7.354210424127132,7.067895560903639
2015,1818,Heroy,4.574472036927035,5.891401928804269
2016,1818,Heroy,5.19298349026512,NA
2017,1818,Heroy,3.4229371209878185,NA
1994,1820,Alstahaug,38.174824317416316,NA
1995,1820,Alstahaug,37.84889910751686,NA
1996,1820,Alstahaug,11.396497536319478,21.491824280322614
1997,1820,Alstahaug,13.057159966088731,13.871256079510335
1998,1820,Alstahaug,6.981740474271686,6.363375509397544
1999,1820,Alstahaug,0.07198331335491012,4.099493057933307
2005,1820,Alstahaug,0.30949625695290517,1.4947351327829483
2006,1820,Alstahaug,0.07708527899829622,0.1173767341709592
2007,1820,Alstahaug,0.03337034033693586,0.16211575549867047
2008,1820,Alstahaug,0.09494848121174032,20.093878266760846
2009,1820,Alstahaug,0.29567841999346645,20.131666926846385
2010,1820,Alstahaug,99.96830881326379,20.149929394147488
2011,1820,Alstahaug,0.26602857942598024,NA
2013,1820,Alstahaug,0.12468267684246145,NA
1994,1822,Leirfjord,2.0274593825033627,NA
1995,1822,Leirfjord,1.058497407397245,NA
1996,1822,Leirfjord,0.4875451335891562,1.1595016237494735
1997,1822,Leirfjord,2.038138026028736,0.805805294633565
1998,1822,Leirfjord,0.18586816922886812,13.718287631335937
1999,1822,Leirfjord,0.25897773692381953,33.62077860461811
2001,1822,Leirfjord,65.6209090909091,33.43568518807338
2002,1822,Leirfjord,100,33.42507496075027
2005,1822,Leirfjord,1.1126709433051063,33.383352542166705
2006,1822,Leirfjord,0.13281703261331976,20.26803770455303
2007,1822,Leirfjord,0.050365644006003386,0.2855584376072434
2013,1822,Leirfjord,0.04433490284072004,NA
2014,1822,Leirfjord,0.0876036652710602,NA
1994,1824,Vefsn,0.41923781839096036,NA
1995,1824,Vefsn,0.31706853588424644,NA
2005,1824,Vefsn,0.03933235895246291,0.2844738104428237
2006,1824,Vefsn,0.33691119946155174,0.30463927747875463
2007,1824,Vefsn,0.30981913952489715,0.2759426639382514
2008,1824,Vefsn,0.5200651535706148,0.2959485149969062
2009,1824,Vefsn,0.1735854681817304,0.25104819589329497
2014,1824,Vefsn,0.13936161424573706,NA
2015,1824,Vefsn,0.11240960394349546,NA
1994,1827,Donna,77.39452206996866,NA
1995,1827,Donna,84.84081864408724,NA
1996,1827,Donna,87.48843153424048,69.38789048936715
1997,1827,Donna,48.91778119152318,58.70378784669109
1998,1827,Donna,48.29789900701623,43.74506924780878
1999,1827,Donna,23.974008856588306,32.901909379573155
2000,1827,Donna,10.047225649675688,31.471501419609627
2001,1827,Donna,33.272632193062336,30.520078885145534
2002,1827,Donna,41.765741391705575,39.407566509126816
2003,1827,Donna,43.54078633469576,47.10274126398068
2004,1827,Donna,68.4114469764947,48.59261622646528
2005,1827,Donna,48.52309942394502,52.364134931608874
2006,1827,Donna,40.72200700548534,52.76889101374022
2007,1827,Donna,60.62333491742353,56.347196756211645
2008,1827,Donna,45.564566745352536,63.60189142328509
2009,1827,Donna,86.30297568885179,73.16429751106506
2010,1827,Donna,84.79657275931224,78.2299651102651
2011,1827,Donna,88.53403744438519,87.08924389211377
2012,1827,Donna,85.95167291342372,86.44130733271142
2013,1827,Donna,89.86096065459591,83.25268107856024
2014,1827,Donna,83.06329289184,73.73391807184842
2015,1827,Donna,68.85344148855637,72.53724800059642
2016,1827,Donna,40.94022241082613,NA
2017,1827,Donna,79.96832255716369,NA
1994,1828,Nesna,22.664470647163238,NA
1995,1828,Nesna,25.150256068680545,NA
1996,1828,Nesna,13.424272427020611,14.908796263270228
1997,1828,Nesna,7.597215386500239,10.670134229935098
1998,1828,Nesna,5.707766786986505,6.2056254105488176
1999,1828,Nesna,1.471160480487588,4.090855741965411
2005,1828,Nesna,2.8277119717491455,3.032031837820161
2006,1828,Nesna,2.850424084103585,2.204331336404221
2007,1828,Nesna,2.3030958657739857,2.0553468804601356
2008,1828,Nesna,1.5692642799068053,2.0672778357918404
2009,1828,Nesna,0.7262382007671593,1.6848874688244646
2010,1828,Nesna,2.8873667484076693,1.8445877795062213
2011,1828,Nesna,0.9384722492667064,2.2068828527172752
2012,1828,Nesna,3.1015974191827698,3.2253800750350883
2013,1828,Nesna,3.3807396459620733,3.8361357254952297
2014,1828,Nesna,5.818724312356225,3.8337020455719766
2015,1828,Nesna,5.941145000708374,3.45872346330759
2016,1828,Nesna,0.9263038496504439,NA
2017,1828,Nesna,1.226704507860836,NA
1994,1832,Hemnes,3.4822044109794876,NA
1995,1832,Hemnes,1.6982962902342702,NA
1996,1832,Hemnes,1.2730989753496968,2.509097713983628
1997,1832,Hemnes,3.2182376630706067,1.8929302831864967
1998,1832,Hemnes,2.873651230284079,3.0997216468819815
1999,1832,Hemnes,0.40136725699382986,4.197732656966813
2005,1832,Hemnes,7.732253108711695,4.8598817040238265
2006,1832,Hemnes,6.763154025773856,5.6196710560505085
2007,1832,Hemnes,6.5289828983556735,5.592132517700355
2008,1832,Hemnes,6.672597990417491,4.105500603296739
2009,1832,Hemnes,0.2636745652430572,2.8752882579851624
2010,1832,Hemnes,0.29909353669361716,1.8221470079946882
2011,1832,Hemnes,0.6120922992159726,0.8590259037642338
2013,1832,Hemnes,1.263276648403304,0.8322649031126998
2014,1832,Hemnes,1.85699246926522,NA
2015,1832,Hemnes,0.12986956198538643,NA
1994,1833,Rana,0.37481058042802917,NA
1995,1833,Rana,0.06308432805598892,NA
1996,1833,Rana,3.7666859748869475,2.7544021619775334
1997,1833,Rana,4.875130289889928,3.185293264740962
1998,1833,Rana,4.692299636626774,3.402720098139209
1999,1833,Rana,2.529266094245176,3.4765700694036403
2000,1833,Rana,1.1502184950472223,3.534377989841508
2001,1833,Rana,4.135935831209103,2.605166475278172
2002,1833,Rana,5.164169892079266,2.819558153148988
2003,1833,Rana,0.04624206381009575,3.4425319930581595
2007,1833,Rana,3.6012244835992537,2.8810677480624713
2008,1833,Rana,4.2650876945930785,2.2505045119657128
2009,1833,Rana,1.3286146062306627,22.221487331846937
2010,1833,Rana,2.011353711595476,22.13082234016977
2011,1833,Rana,99.90115616321623,41.109945253383756
2012,1833,Rana,3.147899525213413,60.81944246889172
2013,1833,Rana,99.16070226066302,60.63147492827564
2014,1833,Rana,99.87610068377047,40.654234279246324
2015,1833,Rana,1.0715160085150393,40.06545004938724
2016,1833,Rana,0.014952918069646349,NA
2017,1833,Rana,0.20397837591801388,NA
1994,1834,Luroy,89.15556380786792,NA
1995,1834,Luroy,64.81982583005409,NA
1996,1834,Luroy,85.68086988947994,63.54746407823988
1997,1834,Luroy,45.49567304549413,60.409091226890745
1998,1834,Luroy,32.585387818303325,62.53777506468723
1999,1834,Luroy,73.46369955112226,49.15328934027631
2000,1834,Luroy,75.46324501903653,56.367076201153665
2001,1834,Luroy,18.758441267425326,68.71966832768486
2002,1834,Luroy,81.56460734988092,55.01332502344894
2003,1834,Luroy,94.34834845095926,42.96880093858557
2004,1834,Luroy,4.9319830299426775,45.08446198172412
2005,1834,Luroy,15.24062459471966,34.428973104944426
2006,1834,Luroy,29.336746483118095,22.445319300434303
2007,1834,Luroy,28.287162965982464,24.453627641985644
2008,1834,Luroy,34.430079428408654,25.97001588711073
2009,1834,Luroy,14.973524737699373,27.139193461621623
2010,1834,Luroy,22.822565820345098,27.883157199013993
2011,1834,Luroy,35.182634355672576,25.459863276942933
2012,1834,Luroy,32.006981652944305,25.530622274118976
2013,1834,Luroy,22.313609818053333,23.999770724134688
2014,1834,Luroy,15.327319723579604,19.894407032102187
2015,1834,Luroy,15.168308070423654,15.13685597100734
2016,1834,Luroy,14.655815895510075,NA
2017,1834,Luroy,8.219226347470052,NA
1994,1835,Traena,92.95448293174547,NA
1995,1835,Traena,94.25960742872091,NA
1996,1835,Traena,97.39197342225702,95.12267520612767
1997,1835,Traena,96.86989904085642,95.62998155987032
1998,1835,Traena,94.13741320705851,95.94699368116963
1999,1835,Traena,95.49101470045873,95.65919245232112
2000,1835,Traena,95.84466803521741,95.40233965923012
2001,1835,Traena,95.95296727801451,96.1405796746046
2002,1835,Traena,95.58563507540147,96.91831912592454
2003,1835,Traena,97.82861328393092,97.43824224045909
2004,1835,Traena,99.37971195705838,97.08905459887573
2005,1835,Traena,98.44428360789018,96.23420755808044
2006,1835,Traena,94.20702907009773,95.67398005542121
2007,1835,Traena,91.31139987142504,95.4449718739917
2008,1835,Traena,95.02747577063477,95.33702222790006
2009,1835,Traena,98.23467104991076,96.2379346376381
2010,1835,Traena,97.9045353774321,97.51211131891172
2011,1835,Traena,98.71159111878785,97.91209384263257
2012,1835,Traena,97.68228327779313,97.86128538008288
2013,1835,Traena,97.02738838923902,97.39553994365959
2014,1835,Traena,97.9806287371623,96.78427700191708
2015,1835,Traena,95.57580819531563,95.43440093927788
2016,1835,Traena,95.65527641007529,NA
2017,1835,Traena,90.93290296459722,NA
1994,1836,Rodoy,57.65673998963094,NA
1995,1836,Rodoy,21.18465607327536,NA
1996,1836,Rodoy,11.648074165418826,20.95948897617495
1997,1836,Rodoy,6.203303300296565,10.569718543328966
1998,1836,Rodoy,8.10467135225306,7.132197098794538
1999,1836,Rodoy,5.7078878254010235,6.458548583311926
2000,1836,Rodoy,3.9970488506032145,7.1514087940492175
2001,1836,Rodoy,8.279831588005777,7.7321003884580914
2002,1836,Rodoy,9.667604353983014,8.769476317673542
2003,1836,Rodoy,11.008129324297434,8.989292646652382
2004,1836,Rodoy,10.894767471478275,9.039156142720941
2005,1836,Rodoy,5.096130495497416,9.051275466882217
2006,1836,Rodoy,8.529149068348568,11.103808907538394
2007,1836,Rodoy,9.728200974789399,14.671993193703262
2008,1836,Rodoy,21.270796527578316,21.312033274045778
2009,1836,Rodoy,28.735688902302613,28.42905460853301
2010,1836,Rodoy,38.29633089721,33.498877337263956
2011,1836,Rodoy,44.114255740784735,34.82906973612283
2012,1836,Rodoy,35.07731461844414,34.3003847250695
2013,1836,Rodoy,27.921758521872682,29.94506297609373
2014,1836,Rodoy,26.092263847035948,23.713819329502655
2015,1836,Rodoy,16.519722152331166,18.594442842149327
2016,1836,Rodoy,12.958037507829347,NA
2017,1836,Rodoy,9.48043218167749,NA
1994,1837,Meloy,51.319907152211414,NA
1995,1837,Meloy,30.974142552388564,NA
1996,1837,Meloy,16.178274911488447,25.9745907117767
1997,1837,Meloy,15.927897402914539,16.986128667438535
1998,1837,Meloy,15.47273153988053,11.730960986313686
1999,1837,Meloy,6.377596930520595,11.233448440104944
2000,1837,Meloy,4.698304146764316,11.728626553821151
2001,1837,Meloy,13.69071218044474,14.181772697089997
2002,1837,Meloy,18.40378797149557,18.227624621046722
2003,1837,Meloy,27.738462256224764,20.835466586381386
2004,1837,Meloy,26.60685655030423,22.64545985492324
2005,1837,Meloy,17.737513973437633,23.21527607224773
2006,1837,Meloy,22.740678523153985,22.999989511560223
2007,1837,Meloy,21.25286905811803,21.737735532364674
2008,1837,Meloy,26.66202945278723,25.88371122236511
2009,1837,Meloy,20.295586654326478,29.81305271280285
2010,1837,Meloy,38.46739242343984,30.876911035647446
2011,1837,Meloy,42.387385975342674,29.187228393956286
2012,1837,Meloy,26.572160672341006,28.746397469447373
2013,1837,Meloy,18.21361624433143,24.458261780236146
2014,1837,Meloy,18.09143203178191,18.419481582948766
2015,1837,Meloy,17.02671397738371,15.505997288487697
2016,1837,Meloy,12.193484988905766,NA
2017,1837,Meloy,12.00473920003566,NA
1994,1838,Gildeskal,27.949929307011512,NA
1995,1838,Gildeskal,12.198218717737298,NA
1996,1838,Gildeskal,9.876005260823044,16.55419345027154
1997,1838,Gildeskal,5.895885432894566,11.465566058829051
1998,1838,Gildeskal,26.85092853289128,9.37164196901477
1999,1838,Gildeskal,2.506792349799066,8.710925929535602
2000,1838,Gildeskal,1.728598268665885,9.188121460808576
2001,1838,Gildeskal,6.572425063427212,5.873755185444275
2002,1838,Gildeskal,8.281863089259435,8.266432782045204
2003,1838,Gildeskal,10.279097156069774,9.893814864880259
2004,1838,Gildeskal,14.470180332803718,11.03206966800151
2005,1838,Gildeskal,9.865508682841153,10.749200730408598
2006,1838,Gildeskal,12.263699079033472,10.263206891569066
2007,1838,Gildeskal,6.867518401294869,10.120243933606156
2008,1838,Gildeskal,7.8491279618721235,11.272376831433167
2009,1838,Gildeskal,13.755365542989157,9.327953579505074
2010,1838,Gildeskal,15.626173171976207,12.594573796648362
2011,1838,Gildeskal,2.5415828193930134,11.339113618080479
2012,1838,Gildeskal,23.200619487011306,9.46378099895636
2013,1838,Gildeskal,1.5718270690327012,10.084705631484294
2014,1838,Gildeskal,4.378702447368566,10.559925648386407
2015,1838,Gildeskal,18.730796334615885,6.197249798278147
2016,1838,Gildeskal,4.917682903903575,NA
2017,1838,Gildeskal,1.3872402364700065,NA
1994,1840,Saltdal,95.08813018525525,NA
1995,1840,Saltdal,94.96081656818332,NA
1996,1840,Saltdal,95.29591295567727,59.7428564771497
1997,1840,Saltdal,9.599074025128626,40.812903340289964
1998,1840,Saltdal,3.7703486515040647,22.16611046867753
1999,1840,Saltdal,0.43836450095655505,3.156538069515321
2005,1840,Saltdal,1.7268522101211725,1.3303991930877213
2006,1840,Saltdal,0.2480509598662164,0.5933614498047495
2007,1840,Saltdal,0.4683796429906277,0.7852260365437539
2012,1840,Saltdal,0.08515993508920504,0.4795968975611484
2013,1840,Saltdal,1.3976874346515775,0.5029279432327656
2015,1840,Saltdal,0.19870651520814514,NA
2016,1840,Saltdal,0.36470618822430173,NA
1994,1841,Fauske,11.151649642708708,NA
1995,1841,Fauske,8.01734941036476,NA
1996,1841,Fauske,46.07395402069379,29.434584394051722
1997,1841,Fauske,42.83508617112731,31.314928875463192
1998,1841,Fauske,39.09488272536405,29.737781924951776
1999,1841,Fauske,20.553372049766065,30.458876903569546
2004,1841,Fauske,0.13161465780767306,30.734492582308707
2005,1841,Fauske,49.679428913782644,34.32227181096816
2006,1841,Fauske,44.213164564823096,46.228029941521264
2007,1841,Fauske,57.033778868661315,46.94972328141896
2008,1841,Fauske,80.08216270253162,49.36671469027993
2009,1841,Fauske,3.740081357296125,53.25857665737952
2010,1841,Fauske,61.76438595808749,48.625762437340356
2011,1841,Fauske,63.67247440032109,38.35501047166891
2012,1841,Fauske,33.86970776846546,45.629206976728504
2013,1841,Fauske,28.728402874174407,36.20351167835055
2014,1841,Fauske,40.111063882594095,23.573345554038035
2015,1841,Fauske,14.635909466197694,NA
2017,1841,Fauske,0.5216437787585375,NA
1994,1845,Sorfold,53.48733669540636,NA
1995,1845,Sorfold,74.23585488540355,NA
1996,1845,Sorfold,30.678240649426208,43.55091519568605
1997,1845,Sorfold,30.417203294214403,36.99570038266462
1998,1845,Sorfold,28.93594045397973,24.5391074661788
1999,1845,Sorfold,20.711262630299203,23.950346582894802
2000,1845,Sorfold,11.95289030297442,23.64683051531078
2001,1845,Sorfold,27.734436233006242,24.35173090413476
2002,1845,Sorfold,28.89962295629429,29.811411283143038
2003,1845,Sorfold,32.46044239809964,36.00323477948407
2004,1845,Sorfold,48.00966452534058,37.536613096236806
2005,1845,Sorfold,42.91200778467957,37.610867072367995
2006,1845,Sorfold,35.40132781676993,40.46557965030233
2007,1845,Sorfold,29.270892836950246,40.46692272728014
2008,1845,Sorfold,46.734005287771346,48.56277191305698
2009,1845,Sorfold,48.01637991022962,55.76379722917473
2010,1845,Sorfold,83.39125371356373,61.780205326917056
2011,1845,Sorfold,71.40645439735867,56.598116084308
2012,1845,Sorfold,59.3529333256619,49.52129551025734
2013,1845,Sorfold,20.823559074726102,35.13168327757687
2014,1845,Sorfold,12.63227703997628,23.304925672940282
2015,1845,Sorfold,11.443192550161388,13.957611891672011
2016,1845,Sorfold,12.272666374175728,NA
2017,1845,Sorfold,12.616364419320538,NA
1994,1848,Steigen,84.24730052034045,NA
1995,1848,Steigen,84.74762995399703,NA
1996,1848,Steigen,80.803491140841615,82.31870500642574
1997,1848,Steigen,85.26017344483799,69.55214727590027
1998,1848,Steigen,76.53492997211158,53.7238928783468
1999,1848,Steigen,20.41451186771307,40.51585000462187
2000,1848,Steigen,5.606357966229712,28.159370920948845
2001,1848,Steigen,14.763276772216981,18.02964840634479
2002,1848,Steigen,23.477778026472865,18.566545092134092
2003,1848,Steigen,25.8863173990913,19.94710855693375
2004,1848,Steigen,23.09899529665958,18.973384012669968
2005,1848,Steigen,12.50917529022799,16.68757263371975
2006,1848,Steigen,9.894654050898081,13.455287881800649
2007,1848,Steigen,12.048721131721777,11.70579595076315
2008,1848,Steigen,9.724893639495786,11.825782375907565
2009,1848,Steigen,14.351535641472086,15.548636964390331
2010,1848,Steigen,13.109107415950072,16.559606483667963
2011,1848,Steigen,28.508926993311913,19.09769175300737
2012,1848,Steigen,17.103568728109927,19.656154209295675
2013,1848,Steigen,22.415319986192834,19.13311245426558
2014,1848,Steigen,17.143847922913608,15.981746062909446
2015,1848,Steigen,10.493898640799586,14.140251114215939
2016,1848,Steigen,12.752095036531243,NA
2017,1848,Steigen,7.896093984642404,NA
1994,1849,Hamaroy,65.31764695858149,NA
1995,1849,Hamaroy,100,NA
1996,1849,Hamaroy,100,93.06352939171629
1997,1849,Hamaroy,100,80.0019367616288
1998,1849,Hamaroy,100,60.040279339783766
2007,1849,Hamaroy,0.009683808144042386,40.0972891486176
2009,1849,Hamaroy,0.19171289077477568,20.139576536820663
2010,1849,Hamaroy,0.28504904416918003,0.14492443773802108
2011,1849,Hamaroy,0.21143694101532148,0.15166348768307333
2012,1849,Hamaroy,0.02673950458680498,0.1187598291371766
2013,1849,Hamaroy,0.04337905786930364,NA
2014,1849,Hamaroy,0.02719459804529205,NA
1994,1850,Tysfjord,98.77097416798357,NA
1995,1850,Tysfjord,98.73552752165064,NA
1996,1850,Tysfjord,99.38169055122133,98.53494530165831
1997,1850,Tysfjord,98.91204151555017,85.32684648959676
1998,1850,Tysfjord,96.87449275188584,66.05526347569842
1999,1850,Tysfjord,32.73048010767583,65.54701164718706
2000,1850,Tysfjord,2.37761245215895,64.1042873207864
2002,1850,Tysfjord,96.84043140866453,63.25860401768723
2003,1850,Tysfjord,91.6984198835468,74.15313651253878
2004,1850,Tysfjord,92.64607623639002,91.00976533354643
2005,1850,Tysfjord,87.20314258193359,75.62371682044639
2006,1850,Tysfjord,86.6607565571972,58.53370799098046
2007,1850,Tysfjord,19.910188843164338,41.65453748555168
2008,1850,Tysfjord,6.2483757362171515,28.875556210575372
2009,1850,Tysfjord,8.250223709246107,21.220545869522375
2010,1850,Tysfjord,23.30823620705207,25.502168168057597
2011,1850,Tysfjord,48.3857048519322,30.712381889965297
2012,1850,Tysfjord,41.31830033584046,43.291005166541574
2013,1850,Tysfjord,32.29944434575566,42.11022132632176
2014,1850,Tysfjord,71.14334009212747,36.177357991740486
2015,1850,Tysfjord,17.404317005953022,32.6018583227878
2016,1850,Tysfjord,18.721388179025812,NA
2017,1850,Tysfjord,23.440801991077016,NA
1994,1851,Lodingen,96.34565182130548,NA
1995,1851,Lodingen,95.10917387003119,NA
1996,1851,Lodingen,99.14225837825222,96.80958945145258
1997,1851,Lodingen,97.75967537581286,96.2966866838971
1998,1851,Lodingen,95.69118781186117,97.27485190989084
1999,1851,Lodingen,93.78113798352797,97.4464002342404
2000,1851,Lodingen,100,97.89446515907784
2001,1851,Lodingen,100,98.75487564806885
2002,1851,Lodingen,100,99.99140114738688
2003,1851,Lodingen,99.99324025681622,99.98628674708758
2004,1851,Lodingen,99.96376548011823,99.8318206222967
2005,1851,Lodingen,99.97442799850346,99.3168479773758
2006,1851,Lodingen,99.22766937604558,98.15622092467386
2007,1851,Lodingen,97.42513677539553,97.99888393816464
2008,1851,Lodingen,94.19010499330645,97.99672722041544
2009,1851,Lodingen,99.17708054757212,98.13313585106553
2010,1851,Lodingen,99.9636444097575,98.49266826241028
2011,1851,Lodingen,99.90971252929602,99.64948261672207
2012,1851,Lodingen,99.2227988321193,99.79166760844137
2013,1851,Lodingen,99.97417676486543,99.75348598558057
2014,1851,Lodingen,99.88800550616862,99.61769046060573
2015,1851,Lodingen,99.77273629545348,99.58127791764494
2016,1851,Lodingen,99.23073490442178,NA
2017,1851,Lodingen,99.0407361173153,NA
1994,1852,Tjeldsund,100,NA
1995,1852,Tjeldsund,99.35536715270021,NA
1996,1852,Tjeldsund,99.56720189016185,81.11816421082747
1997,1852,Tjeldsund,6.716293380306139,61.143494801939916
1998,1852,Tjeldsund,99.9519586309692,NA
1999,1852,Tjeldsund,0.1266529555621979,NA
1994,1853,Evenes,99.83310607997065,NA
1995,1853,Evenes,97.72344835503486,NA
1996,1853,Evenes,99.83286987982298,99.46876967155524
1997,1853,Evenes,99.95442404294774,79.53095371695107
1998,1853,Evenes,100,60.03233869096457
1999,1853,Evenes,0.14402630694984617,NA
2012,1853,Evenes,0.23037322510228572,NA
1994,1854,Ballangen,99.98629284235093,NA
1995,1854,Ballangen,99.99411546607107,NA
1996,1854,Ballangen,100,99.9960816616844
1997,1854,Ballangen,100,99.99289156796426
1998,1854,Ballangen,100,98.51850333847844
2006,1854,Ballangen,99.97034237375023,78.55794186930473
2007,1854,Ballangen,92.62217431864194,58.657026362713296
2008,1854,Ballangen,0.19719265413149575,38.72689186398789
2010,1854,Ballangen,0.49542246704279813,NA
2011,1854,Ballangen,0.3493275063729902,NA
1994,1856,Rost,95.17233551426789,NA
1995,1856,Rost,91.921930983309025,NA
1996,1856,Rost,93.27582615326116,90.46538051254961
1997,1856,Rost,94.74747768437103,82.66983369954963
1998,1856,Rost,77.20933222753894,66.37066249485267
1999,1856,Rost,56.194601449267964,59.990198446808826
2000,1856,Rost,10.426074959824286,59.842439297744036
2001,1856,Rost,61.373505913041875,63.13122607204648
2002,1856,Rost,94.00868193904712,70.98380316450688
2003,1856,Rost,93.65326609905114,87.99083197814073
2004,1856,Rost,95.45748691156997,94.7500393264676
2005,1856,Rost,95.46121902799355,94.72373226124293
2006,1856,Rost,95.16954265467616,94.86332651669416
2007,1856,Rost,93.8771466129238,94.967061661473707
2008,1856,Rost,94.35123737630732,95.20455912498494
2009,1856,Rost,95.97616263546766,95.54223147261067
2010,1856,Rost,96.64870634554975,96.11115248991743
2011,1856,Rost,96.85790439280477,96.64763677653079
2012,1856,Rost,96.72175169945764,96.90579859846258
2013,1856,Rost,97.03365880937417,97.02274829707828
2014,1856,Rost,97.26697174512658,96.93475586920928
2015,1856,Rost,97.23345483862828,96.95797550035944
2016,1856,Rost,96.4179422534598,NA
2017,1856,Rost,96.83784985520836,NA
1994,1857,Vaeroy,92.25790159618239,NA
1995,1857,Vaeroy,96.65768848807085,NA
1996,1857,Vaeroy,97.28207357652526,91.51892583927464
1997,1857,Vaeroy,97.39999158629792,83.23247982012093
1998,1857,Vaeroy,73.99697394929677,77.65612631526805
1999,1857,Vaeroy,50.825671500413854,76.08703359998879
2000,1857,Vaeroy,68.77592096380647,76.25637466169711
2001,1857,Vaeroy,89.4366100001289,80.93003118278575
2002,1857,Vaeroy,98.24669689483953,90.49928356082302
2003,1857,Vaeroy,97.36525655474,96.52782917262873
2004,1857,Vaeroy,98.67193339060016,98.2690866286669
2005,1857,Vaeroy,98.91864902283503,98.02024664909513
2006,1857,Vaeroy,98.14289728031974,98.13892392316563
2007,1857,Vaeroy,97.00249699698068,98.2101256079532
2008,1857,Vaeroy,97.95864292509258,98.35226582232234
2009,1857,Vaeroy,99.02794181453798,98.47613064961405
2010,1857,Vaeroy,99.62935009468072,98.97038407509088
2011,1857,Vaeroy,98.76222141677826,99.00494854096617
2012,1857,Vaeroy,99.4737641243648,99.04022773216089
2013,1857,Vaeroy,98.13146525446905,98.97223231363903
2014,1857,Vaeroy,99.2043377705116,99.12963409794179
2015,1857,Vaeroy,99.28937300207144,99.13636053589907
2016,1857,Vaeroy,99.54923033829203,NA
2017,1857,Vaeroy,99.50739631415122,NA
1994,1859,Flakstad,96.57415836107118,NA
1995,1859,Flakstad,96.29758035272958,NA
1996,1859,Flakstad,97.84431399217486,92.26774483530959
1997,1859,Flakstad,98.23869459842132,79.5434614807721
1998,1859,Flakstad,72.38397687215098,63.95026335399483
1999,1859,Flakstad,32.952741588383724,57.679158903859786
2000,1859,Flakstad,18.331589718843237,57.52037308841187
2001,1859,Flakstad,66.48879174149965,62.54307031675783
2002,1859,Flakstad,97.44476552118178,75.62285137892414
2003,1859,Flakstad,97.49746301388075,90.81411521096705
2004,1859,Flakstad,98.351646899215325,96.34774590990853
2005,1859,Flakstad,94.28790887905772,95.828529059009
2006,1859,Flakstad,94.15694523620706,94.47785622611937
2007,1859,Flakstad,94.84868126668412,93.38581739088838
2008,1859,Flakstad,90.74409884943265,93.95318450762441
2009,1859,Flakstad,92.89145272306035,94.1205666002414
2010,1859,Flakstad,97.12474446273787,94.28969005068734
2011,1859,Flakstad,94.993855699292,95.58612907640703
2012,1859,Flakstad,95.69429851891381,96.65192156199781
2013,1859,Flakstad,97.22629397803114,96.71008747361488
2014,1859,Flakstad,98.22041515101425,97.1478271433464
2015,1859,Flakstad,97.41557402082317,97.44784507454281
2016,1859,Flakstad,97.1825540479497,NA
2017,1859,Flakstad,97.19438817489585,NA
1994,1860,Vestvagoy,96.21415746568067,NA
1995,1860,Vestvagoy,93.91799658363279,NA
1996,1860,Vestvagoy,96.43701543355189,90.96604777365027
1997,1860,Vestvagoy,96.69977022783397,78.6234260715789
1998,1860,Vestvagoy,71.56129915755209,64.52352513531707
1999,1860,Vestvagoy,34.501048955323824,59.107651498369805
2000,1860,Vestvagoy,23.418491902323623,58.88573401511123
2001,1860,Vestvagoy,69.35764724881555,63.821122337246074
2002,1860,Vestvagoy,95.5901828115411,76.10263828194337
2003,1860,Vestvagoy,96.23824076822626,89.9231566833018
2004,1860,Vestvagoy,95.90862867881032,95.32783313306325
2005,1860,Vestvagoy,92.52108390911572,94.90867294057375
2006,1860,Vestvagoy,96.38102949762289,94.08682056459001
2007,1860,Vestvagoy,93.4943818490936,93.51150430329255
2008,1860,Vestvagoy,92.12897888830754,93.33862452569323
2009,1860,Vestvagoy,93.03204737232299,92.589172258776685
2010,1860,Vestvagoy,91.65668502111912,92.6437702768304
2011,1860,Vestvagoy,92.63376816304014,93.52626234224672
2012,1860,Vestvagoy,93.7673719393622,93.90152925735984
2013,1860,Vestvagoy,96.5414392153891,94.81183367312458
2014,1860,Vestvagoy,94.90838194788861,95.13349981194035
2015,1860,Vestvagoy,96.2082070999428,95.66822931991389
2016,1860,Vestvagoy,94.24209885711902,NA
2017,1860,Vestvagoy,96.44101947922995,NA
1994,1865,Vagan,98.15576150451868,NA
1995,1865,Vagan,97.67071268827357,NA
1996,1865,Vagan,99.33402281390882,95.57666974560989
1997,1865,Vagan,99.34355679679625,89.08544959689351
1998,1865,Vagan,83.37929492455214,81.30707558130514
1999,1865,Vagan,65.69966076093678,78.68303563122313
2000,1865,Vagan,58.7788426103317,78.46077469872925
2001,1865,Vagan,86.21382306349878,81.49939851144154
2002,1865,Vagan,98.23225213432687,88.20813196244102
2003,1865,Vagan,98.57241398811358,96.31458408447742
2004,1865,Vagan,99.24332801593417,98.67055477004197
2005,1865,Vagan,99.31110322051369,98.22594437937715
2006,1865,Vagan,97.99367649132158,97.80851484511388
2007,1865,Vagan,96.00920018100277,97.5035905700313
2008,1865,Vagan,96.48526631679722,97.26298305460185
2009,1865,Vagan,97.71870664052128,97.15273594307652
2010,1865,Vagan,98.10806564336643,97.62220645250395
2011,1865,Vagan,97.4424409336949,97.91597061359904
2012,1865,Vagan,98.35655272813989,97.96757212432041
2013,1865,Vagan,97.95408712227271,97.9480922590582
2014,1865,Vagan,97.97671419412815,97.98314670099136
2015,1865,Vagan,98.01066631705531,97.90269240387667
2016,1865,Vagan,97.61771314336076,NA
2017,1865,Vagan,97.9542812425664,NA
1994,1866,Hadsel,58.668257011033504,NA
1995,1866,Hadsel,86.23402445360642,NA
1996,1866,Hadsel,100,81.89441754849683
1997,1866,Hadsel,90.38507945063922,76.93492623742969
1998,1866,Hadsel,74.18472682720501,60.90536680220479
1999,1866,Hadsel,33.87080045569779,51.81831964737752
2000,1866,Hadsel,6.086227277481899,47.15430885070595
2001,1866,Hadsel,54.56476422586368,35.517393500360946
2002,1866,Hadsel,67.06502546728136,46.87662789056747
2003,1866,Hadsel,16.000150075480008,63.97480632186347
2004,1866,Hadsel,90.6669724067304,63.6410185701493
2005,1866,Hadsel,91.57711943396187,56.74662880907266
2006,1866,Hadsel,52.89582546729285,59.255709218678135
2007,1866,Hadsel,32.593076661898174,58.95184969017055
2008,1866,Hadsel,28.545552123507388,56.454028017090636
2009,1866,Hadsel,89.14767476419242,63.76231654136209
2010,1866,Hadsel,79.08801106856232,72.96510859228734
2011,1866,Hadsel,89.43726808865013,86.35783368442574
2012,1866,Hadsel,78.60703691652441,87.45821092503297
2013,1866,Hadsel,95.50917758419939,90.78872679619765
2014,1866,Hadsel,94.64956096722861,91.75986966082364
2015,1866,Hadsel,95.74059042438567,94.16905109228189
2016,1866,Hadsel,94.29298241178013,NA
2017,1866,Hadsel,90.65294407381566,NA
1994,1867,Bo,85.35480709604609,NA
1995,1867,Bo,87.62083339800007,NA
1996,1867,Bo,93.94926354406763,89.06064244932631
1997,1867,Bo,91.73116571775294,87.67839837571134
1998,1867,Bo,86.64714249076482,87.56165434182863
1999,1867,Bo,78.44358672797127,86.539422360249
2000,1867,Bo,87.03711322858643,86.21514617401718
2001,1867,Bo,88.83810363616955,86.57762418300247
2002,1867,Bo,90.1097847865938,89.12850992027174
2003,1867,Bo,88.4595325356913,91.03385225076086
2004,1867,Bo,91.19801541431755,92.38024882578806
2005,1867,Bo,96.56382488103208,93.14241029333974
2006,1867,Bo,95.57008651130555,95.0423985960527
2007,1867,Bo,93.92059212435217,95.96881413984629
2008,1867,Bo,97.95947404925613,96.22372245712481
2009,1867,Bo,95.83009313328553,96.45700423090922
2010,1867,Bo,97.8383664674247,97.30678305369103
2011,1867,Bo,96.73649538022752,97.12478435196525
2012,1867,Bo,98.16948623826131,97.50451922735297
2013,1867,Bo,97.04948054062716,97.38639782058615
2014,1867,Bo,97.72876751022417,96.78953619930391
2015,1867,Bo,97.24775943359053,96.35028096771552
2016,1867,Bo,93.75218727381642,NA
2017,1867,Bo,95.97321008031926,NA
1994,1868,Oksnes,91.54868936172613,NA
1995,1868,Oksnes,91.78517442875547,NA
1996,1868,Oksnes,95.47263117962035,89.49628493462095
1997,1868,Oksnes,97.42655306100501,79.89427909849975
1998,1868,Oksnes,71.24837664199772,67.59844080349777
1999,1868,Oksnes,43.538660181120164,63.51622881563677
2000,1868,Oksnes,30.30598295374555,63.605851245212605
2001,1868,Oksnes,75.06157124031539,68.28130750652277
2002,1868,Oksnes,97.87466520888417,78.30303384632495
2003,1868,Oksnes,94.62565794854852,91.04125157250519
2004,1868,Oksnes,93.64729188013106,95.3502533541139
2005,1868,Oksnes,93.99707158464678,95.4814187265741
2006,1868,Oksnes,96.60658014835896,95.68817154715916
2007,1868,Oksnes,98.53049207118524,96.53333182325034
2008,1868,Oksnes,95.65942205147378,97.42983538224908
2009,1868,Oksnes,97.87309326058688,97.92931897805616
2010,1868,Oksnes,98.47958937964052,98.00751650784538
2011,1868,Oksnes,99.1039981273943,98.69983605736324
2012,1868,Oksnes,98.92147972013139,99.03217836736766
2013,1868,Oksnes,99.1210197990631,99.33626049143957
2014,1868,Oksnes,99.53480481060905,99.5154608659607
2015,1868,Oksnes,100.00000000000001,99.73116492193444
2016,1868,Oksnes,100,NA
2017,1868,Oksnes,99.99999999999999,NA
1994,1870,Sortland,99.8198178582697,NA
1995,1870,Sortland,99.98527617935797,NA
1996,1870,Sortland,99.98438084774095,99.9502984810308
1997,1870,Sortland,99.983102137076,99.921416784086
1998,1870,Sortland,99.9789153827094,99.84098435216107
1999,1870,Sortland,99.67540937354569,99.84278730338251
2000,1870,Sortland,99.58311401973332,99.59089567188744
2001,1870,Sortland,99.99339560384813,99.33011666774398
2002,1870,Sortland,98.72364397960067,98.99577785516838
2003,1870,Sortland,98.67502036199211,99.06962053262313
2004,1870,Sortland,98.00371531066774,99.0505516741409
2005,1870,Sortland,99.95232740700705,99.29341847579452
2006,1870,Sortland,99.89805131143703,99.54538285837445
2007,1870,Sortland,99.93797798786868,99.484603827099
2008,1870,Sortland,99.93484227489179,98.5576098929706
2009,1870,Sortland,97.69982015429039,98.29844719994226
2010,1870,Sortland,95.31735773636517,78.41195128916442
2011,1870,Sortland,98.60223784629527,78.21867205595821
2012,1870,Sortland,0.5054984339795137,78.55542734430063
2013,1870,Sortland,98.96844610886072,78.99365443824541
2014,1870,Sortland,99.3835965960025,78.23966122230317
2015,1870,Sortland,97.5084932060891,78.62297616645444
2016,1870,Sortland,94.83227176658407,NA
2017,1870,Sortland,2.4220731547357475,NA
1994,1871,Andoy,89.50004764235157,NA
1995,1871,Andoy,91.40987880791046,NA
1996,1871,Andoy,88.56429558346133,87.11285213268246
1997,1871,Andoy,94.60001223966704,77.30024004835646
1998,1871,Andoy,71.49002639002192,64.22997010724133
1999,1871,Andoy,40.43698722072155,60.30980456715854
2000,1871,Andoy,26.05852910233481,60.60506037272846
2001,1871,Andoy,68.96346788304739,64.28085815154255
2002,1871,Andoy,96.07629126751665,74.2719684294223
2003,1871,Andoy,89.86901528409234,87.87804392973715
2004,1871,Andoy,90.39253861012037,93.3487025716517
2005,1871,Andoy,94.088906603909,93.38997158060604
2006,1871,Andoy,96.31676109262014,94.59559989782795
2007,1871,Andoy,96.28263631228833,95.17627934820123
2008,1871,Andoy,95.89715687020197,95.12346025855922
2009,1871,Andoy,93.29593586198678,94.62134531760486
2010,1871,Andoy,93.82481115569887,94.34675853176614
2011,1871,Andoy,93.80618638784844,94.24837671582804
2012,1871,Andoy,94.90970238309464,94.71963727134013
2013,1871,Andoy,95.40524779051154,94.91902361572814
2014,1871,Andoy,95.65223863954716,95.22022500613937
2015,1871,Andoy,94.82174287763893,95.56734362014063
2016,1871,Andoy,95.31219333990464,NA
2017,1871,Andoy,96.64529545310091,NA
1994,1874,Moskenes,93.20074979290047,NA
1995,1874,Moskenes,91.20181448922455,NA
1996,1874,Moskenes,95.08616681430674,89.02790298119314
1997,1874,Moskenes,95.2540442075932,77.68733867745956
1998,1874,Moskenes,70.39673960194074,64.07789552847393
1999,1874,Moskenes,36.49792827423256,58.063547573944426
2000,1874,Moskenes,23.154598744296404,57.71097866853431
2001,1874,Moskenes,65.0144270416592,62.27450522265279
2002,1874,Moskenes,93.49119968054265,73.08865325361444
2003,1874,Moskenes,93.2143723725331,85.99186960964644
2004,1874,Moskenes,90.56866842904077,91.31255435807847
2005,1874,Moskenes,87.67068052445646,90.28716615372632
2006,1874,Moskenes,91.61785078381934,89.7308825550186
2007,1874,Moskenes,88.36425865878189,90.06155567234654
2008,1874,Moskenes,90.43295437899447,90.72635178830106
2009,1874,Moskenes,92.22203401568052,90.94705580869217
2010,1874,Moskenes,90.99466110422908,92.27934768925687
2011,1874,Moskenes,92.72137088577483,93.31263515846055
2012,1874,Moskenes,95.02571806160545,93.83946754471263
2013,1874,Moskenes,95.59939172501285,94.40604446978693
2014,1874,Moskenes,94.85619594694094,94.47061593360303
2015,1874,Moskenes,93.82754572960056,94.6945801626417
2016,1874,Moskenes,93.04422820485532,NA
2017,1874,Moskenes,96.14553920679884,NA
1994,1903,Harstad,73.20487741231973,NA
1995,1903,Harstad,84.87334266197402,NA
1996,1903,Harstad,92.61851875141541,84.1250539776438
1997,1903,Harstad,96.9547367398224,78.16462296987518
1998,1903,Harstad,72.97379432268747,72.32704092891794
1999,1903,Harstad,43.4027223734766,65.84829406040168
2000,1903,Harstad,55.68543245718784,57.30007784414088
2001,1903,Harstad,60.22478440883417,54.03009153311312
2002,1903,Harstad,54.213655658518334,52.18005035834865
2003,1903,Harstad,56.62386276754869,49.11312417344876
2004,1903,Harstad,34.152516499654254,43.80300665254948
2005,1903,Harstad,40.350801532688365,40.09918915259543
2006,1903,Harstad,33.674196804337754,35.376795513453246
2007,1903,Harstad,35.6945681587481,37.132105869858705
2008,1903,Harstad,33.01189457183776,37.0170251911668
2009,1903,Harstad,42.92906828168157,44.489676053554376
2010,1903,Harstad,39.77539813922884,53.85588022529549
2011,1903,Harstad,71.03745111627562,64.93066613148522
2012,1903,Harstad,82.52558901745367,75.34250896217996
2013,1903,Harstad,88.38582410278643,86.30683764618267
2014,1903,Harstad,94.98828243515527,90.25375588400975
2015,1903,Harstad,94.59704155924236,91.92348391946908
2016,1903,Harstad,90.77204230541106,NA
2017,1903,Harstad,90.87422919475026,NA
1994,1902,Tromso,85.39120508068717,NA
1995,1902,Tromso,96.45068319151945,NA
1996,1902,Tromso,99.34818411822663,95.1706598183445
1997,1902,Tromso,99.36562803960506,96.57355817712708
1998,1902,Tromso,95.29759866168425,95.39790480727994
1999,1902,Tromso,92.40569687460007,94.63655690599855
2000,1902,Tromso,90.5724163422837,94.46525762371125
2001,1902,Tromso,95.54144461181967,95.0293955498098
2002,1902,Tromso,98.50913162816859,96.29367568589035
2003,1902,Tromso,98.11828829217698,97.76535782267754
2004,1902,Tromso,98.72709755500284,98.01584951090891
2005,1902,Tromso,97.93082702621962,97.55817103197201
2006,1902,Tromso,96.79390305297646,97.4440709310931
2007,1902,Tromso,96.22073923348415,97.26683340938153
2008,1902,Tromso,97.54778778778244,97.05914237224263
2009,1902,Tromso,97.84090994644504,97.52697422694584
2010,1902,Tromso,96.89237184052503,97.79547002791307
2011,1902,Tromso,99.13306232649259,97.90502706523716
2012,1902,Tromso,97.5632182383203,97.78031272264579
2013,1902,Tromso,98.09557297440284,97.71419927032947
2014,1902,Tromso,97.21733823348823,97.4771516242946
2015,1902,Tromso,96.56180457894341,97.78614932332013
2016,1902,Tromso,97.94782409631829,NA
2017,1902,Tromso,99.10820673344789,NA
1994,1911,Kvaefjord,91.9362263432127,NA
1995,1911,Kvaefjord,91.85116424932528,NA
1996,1911,Kvaefjord,90.58160786988527,87.58897554109342
1997,1911,Kvaefjord,99.46662990484431,74.81967543457955
1998,1911,Kvaefjord,64.10924933819952,58.08942538449958
1999,1911,Kvaefjord,28.08972581064334,47.0954957007606
2000,1911,Kvaefjord,8.199913998925446,40.577529161027385
2001,1911,Kvaefjord,35.6119594511904,44.75932893833974
2002,1911,Kvaefjord,66.8767972061782,52.28352058518698
2003,1911,Kvaefjord,85.01824822476132,64.06979040593164
2004,1911,Kvaefjord,65.7106840448795,67.32417094484198
2005,1911,Kvaefjord,67.13126310264877,60.343921913486795
2006,1911,Kvaefjord,51.88386214574208,54.83900119690492
2007,1911,Kvaefjord,31.97555204940228,50.92294067105535
2008,1911,Kvaefjord,57.493644641851965,50.00044538531769
2009,1911,Kvaefjord,46.13038141563166,57.012760709248276
2010,1911,Kvaefjord,62.51878667396045,62.41505271970537
2011,1911,Kvaefjord,86.945438765395,51.573539237060814
2012,1911,Kvaefjord,58.98701210168778,43.71781560906318
2013,1911,Kvaefjord,3.2860772286291615,42.030933651820945
2014,1911,Kvaefjord,6.8517632756435,32.872679101664374
2015,1911,Kvaefjord,54.08437688774925,27.18745498578314
2016,1911,Kvaefjord,41.154166014612166,NA
2017,1911,Kvaefjord,30.560891522281633,NA
1994,1913,Skanland,0.5913029195581653,NA
1998,1913,Skanland,0.42697715047240764,NA
2009,1913,Skanland,0.5410974388594851,0.7869558757019466
2010,1913,Skanland,2.004812233835796,0.814094513849606
2011,1913,Skanland,0.3705896357838787,0.8078608992319729
2012,1913,Skanland,0.7269961102964622,0.8039480301040832
2013,1913,Skanland,0.3958090773842428,0.47798088214540757
2014,1913,Skanland,0.5215330932200367,NA
2015,1913,Skanland,0.3749764940424174,NA
1994,1917,Ibestad,44.393836627196286,NA
1996,1917,Ibestad,0.02324454397869055,NA
1999,1917,Ibestad,0.07314884014889539,8.902877814041997
2005,1917,Ibestad,0.018744097411632396,0.15236647938470044
2008,1917,Ibestad,0.00541496147447158,0.19196954594573784
2009,1917,Ibestad,0.6412799539098113,0.29421631025453443
2010,1917,Ibestad,0.22125987678387762,0.32630416154212477
2011,1917,Ibestad,0.5843826616928783,0.357662876305825
2012,1917,Ibestad,0.17918335384958406,0.27471947031812605
2013,1917,Ibestad,0.16220853529297263,0.25543688918501584
2014,1917,Ibestad,0.22656292397131653,0.17532762484618064
2015,1917,Ibestad,0.12484697111832689,0.1477543775334604
2016,1917,Ibestad,0.1838363399987023,NA
2017,1917,Ibestad,0.04131711728598286,NA
1994,1919,Gratangen,4.476153464638038,NA
1995,1919,Gratangen,9.816699584545875,NA
1996,1919,Gratangen,0.7066129659600218,4.505412938031357
1997,1919,Gratangen,6.7554489839816645,3.613875647241101
1998,1919,Gratangen,0.7721496910311855,1.6534831744021279
2005,1919,Gratangen,0.018467010686759017,1.5220209919280696
2010,1919,Gratangen,0.014737220351009658,0.2228077916460943
2011,1919,Gratangen,0.04930205358973038,0.10460570400902705
2013,1919,Gratangen,0.2593829825717879,0.2167905196686882
2014,1919,Gratangen,0.18113925284584914,NA
2015,1919,Gratangen,0.579391088985065,NA
1994,1920,Lavangen,0.016253259533084187,NA
1996,1920,Lavangen,3.8272866381665924,NA
1997,1920,Lavangen,2.211261463240849,1.774781488348406
1998,1920,Lavangen,1.4370676662759732,1.952162862711067
2005,1920,Lavangen,1.382038414525531,1.4962821399314674
2006,1920,Lavangen,0.9031601313463886,1.297268608239791
2007,1920,Lavangen,1.5478830242685946,NA
2011,1920,Lavangen,1.2161938047824672,NA
1994,1924,Malselv,0.43560600181125625,NA
1995,1924,Malselv,1.0977967332372838,NA
1996,1924,Malselv,0.26339542315998066,0.8684250685997295
1997,1924,Malselv,2.1791588692997146,NA
1998,1924,Malselv,0.36616831549041184,NA
1994,1926,Dyroy,89.18160918123424,NA
1995,1926,Dyroy,88.2593801189066,NA
1996,1926,Dyroy,91.20702634998348,79.62299081024106
1997,1926,Dyroy,93.46840303610331,NA
1998,1926,Dyroy,35.99853536497768,NA
1994,1927,Tranoy,4.933260426865088,NA
1995,1927,Tranoy,16.88655842977607,NA
1996,1927,Tranoy,21.356265425418055,13.943145365910604
1997,1927,Tranoy,12.692578662579619,13.767240700131898
1998,1927,Tranoy,13.847063884914185,12.578644019172495
1999,1927,Tranoy,4.053737097971562,9.544616632897176
2001,1927,Tranoy,10.943575024979053,24.944685709117884
2002,1927,Tranoy,6.186128494041453,NA
2008,1927,Tranoy,89.69292404368318,NA
1994,1928,Torsken,93.71373198510571,NA
1995,1928,Torsken,93.95837119981405,NA
1996,1928,Torsken,97.89222138093861,93.67023345111994
1997,1928,Torsken,98.6854457956863,89.04379441300037
1998,1928,Torsken,84.10139689405501,81.712853043091485
1999,1928,Torsken,70.58153679450783,78.81584697236039
2000,1928,Torsken,57.303664350269685,78.13053851381636
2001,1928,Torsken,83.40719102728313,80.83725141701954
2002,1928,Torsken,95.25890350296615,85.84914170956692
2003,1928,Torsken,97.63496141007093,93.6654317627643
2004,1928,Torsken,95.64098825724474,95.99037380722584
2005,1928,Torsken,96.3851146162565,95.33358491611834
2006,1928,Torsken,95.03190124959086,94.9334484453433
2007,1928,Torsken,91.97495904742867,94.32945955531082
2008,1928,Torsken,95.6342790561957,94.42067281925169
2009,1928,Torsken,92.62104380708233,94.17989697056225
2010,1928,Torsken,96.84118093596092,94.9503514081301
2011,1928,Torsken,93.82802200614361,95.48404603677261
2012,1928,Torsken,95.82723123526792,96.0145133821989
2013,1928,Torsken,98.30275219940825,95.46693689145965
2014,1928,Torsken,95.2733805342138,95.28167203489072
2015,1928,Torsken,94.10329848226463,94.97569820580347
2016,1928,Torsken,92.90169772329901,NA
2017,1928,Torsken,94.29736208983165,NA
1994,1929,Berg,91.34039987330866,NA
1995,1929,Berg,95.198565165447,NA
1996,1929,Berg,95.41342004976079,91.69894609939277
1997,1929,Berg,99.20723760433584,89.6495893621187
1998,1929,Berg,77.33510780411157,88.29607055813236
1999,1929,Berg,81.09361618693835,87.77267367524253
2000,1929,Berg,88.43097114551527,87.72298303103604
2001,1929,Berg,92.79643563531164,92.12977142000359
2002,1929,Berg,98.95878438330338,95.80247228795965
2003,1929,Berg,99.36904974894931,98.00064060476863
2004,1929,Berg,99.45712052671864,99.07735577985495
2005,1929,Berg,99.42181272956026,98.98349816870926
2006,1929,Berg,98.18001151074321,98.7905980752723
2007,1929,Berg,98.48949632757493,98.74704239327143
2008,1929,Berg,98.40454928176453,98.55831600840921
2009,1929,Berg,99.23934211671423,98.76380005020721
2010,1929,Berg,98.4781808052492,98.88150784673891
2011,1929,Berg,99.20743171973325,99.04285389496646
2012,1929,Berg,99.07803531023342,98.98416207201814
2013,1929,Berg,99.21127952290222,99.0512352435464
2014,1929,Berg,98.94588300197262,98.92686849666194
2015,1929,Berg,98.81354666289053,98.92443976303433
2016,1929,Berg,98.58559798531095,NA
2017,1929,Berg,99.06589164209537,NA
1994,1931,Lenvik,93.73036951891189,NA
1995,1931,Lenvik,92.98177092129951,NA
1996,1931,Lenvik,99.52954465349376,92.45866185451088
1997,1931,Lenvik,99.22982096704595,83.27086915724533
1998,1931,Lenvik,76.82180321180327,76.302280215782
1999,1931,Lenvik,47.79140603258418,72.90234317422467
2000,1931,Lenvik,58.13882621398284,68.47725156804731
2001,1931,Lenvik,82.52985944570707,71.05334556421107
2002,1931,Lenvik,77.10436293615923,80.13755005410732
2003,1931,Lenvik,89.70227319262209,87.34580996789548
2004,1931,Lenvik,93.21242848206542,89.6116932924811
2005,1931,Lenvik,94.18012578292358,92.55054336483803
2006,1931,Lenvik,93.8592760686352,92.81298880415343
2007,1931,Lenvik,91.79861329794387,92.62175554263266
2008,1931,Lenvik,91.01450038919914,92.4496758272931
2009,1931,Lenvik,92.25626217446151,92.72183157009283
2010,1931,Lenvik,93.3197272062258,93.45217333578726
2011,1931,Lenvik,95.22005478263385,94.49538424764584
2012,1931,Lenvik,95.45032212641601,94.92258910647864
2013,1931,Lenvik,96.23055494849203,95.25014203194407
2014,1931,Lenvik,94.3922864686255,94.54310510380556
2015,1931,Lenvik,94.95749183355294,95.00540838133664
2016,1931,Lenvik,91.68487014194127,NA
2017,1931,Lenvik,97.76183851407144,NA
1994,1933,Balsfjord,0.7393060124606079,NA
1996,1933,Balsfjord,1.0910302297543388,NA
1997,1933,Balsfjord,0.9846585519163107,14.590713564509818
2000,1933,Balsfjord,10.007593895754637,31.55126841522545
2001,1933,Balsfjord,60.1309791326632,44.82012988783774
2002,1933,Balsfjord,85.54208026603877,48.87610280120824
2003,1933,Balsfjord,67.43533759281577,56.493362003422156
2004,1933,Balsfjord,21.264523118768846,52.38785404001785
2005,1933,Balsfjord,48.09388990682421,40.32669904946939
2006,1933,Balsfjord,39.60343931564169,35.058369300162454
2007,1933,Balsfjord,25.23630531329645,33.29074781407284
2008,1933,Balsfjord,41.093688846281076,23.7385774806853
2009,1933,Balsfjord,12.42641568832075,15.832160914397207
2010,1933,Balsfjord,0.33303823988652576,10.793598750740363
2011,1933,Balsfjord,0.07135648420123507,2.581667719060199
2012,1933,Balsfjord,0.04349449501222852,0.14641623270679355
2013,1933,Balsfjord,0.03403368788025579,NA
2016,1933,Balsfjord,0.2501582565537224,NA
1994,1936,Karlsoy,93.58708897933985,NA
1995,1936,Karlsoy,91.2194802139331,NA
1996,1936,Karlsoy,94.20036632594136,86.20903063014993
1997,1936,Karlsoy,88.55646383419742,75.13332914497553
1998,1936,Karlsoy,63.48175379733791,63.073720827115096
1999,1936,Karlsoy,38.208581553467944,56.77176014312222
2000,1936,Karlsoy,30.92143862463088,55.89696043161903
2001,1936,Karlsoy,62.69056290597698,61.70102281174305
2002,1936,Karlsoy,84.18246527668146,70.26060705802519
2003,1936,Karlsoy,92.50206569795803,80.40179667884543
2004,1936,Karlsoy,81.00650278487858,85.9381973921107
2005,1936,Karlsoy,81.62738672873209,86.24190073322097
2006,1936,Karlsoy,90.37256647230329,85.96128183509416
2007,1936,Karlsoy,85.70098198223286,78.92584128905793
2008,1936,Karlsoy,91.09897120732394,79.29811011238904
2009,1936,Karlsoy,45.82930005469745,77.23163793616015
2010,1936,Karlsoy,83.48873084538766,77.42202795550813
2011,1936,Karlsoy,80.04020559115887,76.8881230279572
2012,1936,Karlsoy,86.65293207897278,85.31757909242472
2013,1936,Karlsoy,88.42944656956925,87.14371077741386
2014,1936,Karlsoy,87.976580377035,88.97856627874931
2015,1936,Karlsoy,92.61938927033339,90.02208559513913
2016,1936,Karlsoy,89.21448309783614,NA
2017,1936,Karlsoy,91.87052866092189,NA
1994,1938,Lyngen,82.48978907633375,NA
1995,1938,Lyngen,91.6545415509974,NA
1996,1938,Lyngen,51.807223069126444,49.652362439393585
1997,1938,Lyngen,5.774346663254289,38.76163074631037
1998,1938,Lyngen,16.53591183725604,20.59726473140491
1999,1938,Lyngen,28.036130610917677,10.25226799489835
2000,1938,Lyngen,0.8327114764700752,9.110603698399368
2005,1938,Lyngen,0.08223938659364981,5.8099393033319675
2008,1938,Lyngen,0.0660251807593778,0.21014442191746915
2010,1938,Lyngen,0.03258986191904237,0.3195083594806084
2011,1938,Lyngen,0.03715620384518589,1.0875655086743066
2012,1938,Lyngen,1.3795311642857713,1.924624208742801
2013,1938,Lyngen,3.9225251325621406,2.6150514795824025
2014,1938,Lyngen,4.25131868110185,4.6975928073899
2015,1938,Lyngen,3.4847262161170516,4.565204378727344
2016,1938,Lyngen,10.44986284288267,NA
2017,1938,Lyngen,0.717589020972996,NA
1994,1939,Storfjord,2.468432488237602,NA
1995,1939,Storfjord,0.6704438529009028,NA
1996,1939,Storfjord,28.857132417755675,25.5933756996152
1997,1939,Storfjord,95.0496887043817,25.22056482259409
1998,1939,Storfjord,0.9211810348001455,31.184350566878482
2004,1939,Storfjord,0.6043781031320217,25.481073073112704
2005,1939,Storfjord,30.489372574322886,NA
2010,1939,Storfjord,0.34074494892678764,NA
1994,1940,Kafjord,4.077140093344493,NA
1995,1940,Kafjord,0.45704486260768373,NA
1996,1940,Kafjord,3.690285279590846,2.24165895760669
1997,1940,Kafjord,1.6879381028616454,1.4529846557299675
1998,1940,Kafjord,1.2958864496287825,7.02199772610187
1999,1940,Kafjord,0.13376858396088048,20.5980409998124
2000,1940,Kafjord,28.3021102144672,38.71862166138731
2001,1940,Kafjord,71.57050164814349,55.17491734705707
2002,1940,Kafjord,92.2908414107362,72.1130222607716
2003,1940,Kafjord,83.57736487797756,83.396356458883
2004,1940,Kafjord,84.8242931525335,85.15690127392438
2005,1940,Kafjord,84.71878120502429,83.12599311541666
2006,1940,Kafjord,80.37322572335039,82.27218522534478
2007,1940,Kafjord,82.13630061819757,75.69051462203534
2008,1940,Kafjord,79.30832542761821,59.334327023167454
2009,1940,Kafjord,51.91594013598624,43.76777930048338
2010,1940,Kafjord,2.937843210684842,27.99671650208153
2011,1940,Kafjord,2.5404871099300688,12.258723148942266
2012,1940,Kafjord,3.280986626188266,12.71656421893648
2013,1940,Kafjord,0.618358661921923,28.43262707472757
2014,1940,Kafjord,54.20514548595731,40.67985148563025
2015,1940,Kafjord,81.5181574896403,54.91745197749223
2016,1940,Kafjord,63.77660916444348,NA
2017,1940,Kafjord,74.46898908549814,NA
1994,1941,Skjervoy,92.19556958170227,NA
1995,1941,Skjervoy,90.71855641447382,NA
1996,1941,Skjervoy,92.4531992029151,90.23161983300847
1997,1941,Skjervoy,98.27116850699196,79.0109756495797
1998,1941,Skjervoy,77.51960545895918,66.73568130412256
1999,1941,Skjervoy,36.092348664558486,62.97479877429788
2000,1941,Skjervoy,29.342084687188095,62.80315935210676
2001,1941,Skjervoy,73.64878655379165,66.74066579174789
2002,1941,Skjervoy,97.41297139603638,78.88295633247336
2003,1941,Skjervoy,97.20713765716482,92.40760196526485
2004,1941,Skjervoy,96.80380136818582,97.1585525063776
2005,1941,Skjervoy,96.96531285114554,97.11448629954423
2006,1941,Skjervoy,97.40353925935544,96.92242190910636
2007,1941,Skjervoy,97.19264036186952,96.98363807489253
2008,1941,Skjervoy,96.24681570497546,97.03908364993477
2009,1941,Skjervoy,97.10988219711666,96.86904544618281
2010,1941,Skjervoy,97.24254072635674,96.72716227637243
2011,1941,Skjervoy,96.55334824059561,96.62030375849909
2012,1941,Skjervoy,96.48322451281761,95.42475964103451
2013,1941,Skjervoy,95.71252311560876,95.56149095259691
2014,1941,Skjervoy,91.1321616097938,95.32279926693079
2015,1941,Skjervoy,97.92619728416877,95.9376087144633
2016,1941,Skjervoy,95.35988981226495,NA
2017,1941,Skjervoy,99.5572717504802,NA
1994,1942,Nordreisa,94.30892286635384,NA
1995,1942,Nordreisa,91.24463062599641,NA
1996,1942,Nordreisa,99.23244484455883,92.1251019839124
1997,1942,Nordreisa,98.84239184822533,81.38922418582897
1998,1942,Nordreisa,76.99711973442757,67.66046121428187
1999,1942,Nordreisa,40.6295338759367,61.89801519064199
2000,1942,Nordreisa,22.60081576826088,60.67912413561565
2001,1942,Nordreisa,70.42021472635949,63.261664273743676
2002,1942,Nordreisa,92.74793657309364,72.15376157688867
2003,1942,Nordreisa,89.90982042506768,84.38673254742656
2004,1942,Nordreisa,85.09002039166164,82.7427089773145
2005,1942,Nordreisa,83.76567062095037,80.9208561598028
2006,1942,Nordreisa,62.200096875799204,80.38224546974831
2007,1942,Nordreisa,83.63867248553504,81.82595021848648
2008,1942,Nordreisa,87.21676697479528,81.67720841843249
2009,1942,Nordreisa,92.30854413535252,86.22824624438893
2010,1942,Nordreisa,83.02196162068039,87.26963509102684
2011,1942,Nordreisa,84.95528600558141,87.24399807354531
2012,1942,Nordreisa,88.84561671872461,85.97743800200843
2013,1942,Nordreisa,87.0885818873876,80.18217990857958
2014,1942,Nordreisa,85.97574377766814,72.97077784495016
2015,1942,Nordreisa,54.04567115353618,66.51820021690777
2016,1942,Nordreisa,48.89827568743426,NA
2017,1942,Nordreisa,56.58272857851265,NA
1994,1943,Kvaenangen,86.3554791246361,NA
1995,1943,Kvaenangen,87.89788819918887,NA
1996,1943,Kvaenangen,94.85676631055273,85.13466634529439
1997,1943,Kvaenangen,92.93098235173026,79.57523278932652
1998,1943,Kvaenangen,63.63221574036402,67.85745701993766
1999,1943,Kvaenangen,58.55831134479674,61.765542336601285
2000,1943,Kvaenangen,29.30900935224454,61.785755324368644
2001,1943,Kvaenangen,64.39719289387085,65.89357516672104
2002,1943,Kvaenangen,93.03204729056706,71.87460062936935
2003,1943,Kvaenangen,84.17131495212595,84.29289178299523
2004,1943,Kvaenangen,88.46343865803836,88.51217798097608
2005,1943,Kvaenangen,91.40046512037395,88.00556538853411
2006,1943,Kvaenangen,85.4936238837751,89.90723318858947
2007,1943,Kvaenangen,90.49898432835718,81.05507841080063
2008,1943,Kvaenangen,93.67965395240277,74.19021890320901
2009,1943,Kvaenangen,44.20266476909411,74.21008450508182
2010,1943,Kvaenangen,57.07616758241594,73.39291984269047
2011,1943,Kvaenangen,85.59295189313916,62.44831940891943
2012,1943,Kvaenangen,86.41316101640042,56.72383741310517
2013,1943,Kvaenangen,38.956651783547485,59.16016061229111
2014,1943,Kvaenangen,15.580254790022876,58.85416526087054
2015,1943,Kvaenangen,69.25778357834561,51.68979512930783
2016,1943,Kvaenangen,84.0629751360363,NA
2017,1943,Kvaenangen,50.591310358586895,NA
1994,2002,Vardo,99.06022883608374,NA
1995,2002,Vardo,95.11898447535285,NA
1996,2002,Vardo,99.34419970978257,94.00102692552973
1997,2002,Vardo,99.30115102552058,80.74190186897495
1998,2002,Vardo,77.18057058090892,63.93931511168698
1999,2002,Vardo,32.76460355330985,56.049177463027924
2000,2002,Vardo,11.106050688913003,53.864468401526764
2001,2002,Vardo,59.89351146648727,55.07800858081373
2002,2002,Vardo,88.37760571801482,65.77268091022947
2003,2002,Vardo,83.2482714773437,80.78137440901756
2004,2002,Vardo,86.23796520038854,85.6555909980658
2005,2002,Vardo,86.14951818285348,85.750800910534565
2006,2002,Vardo,84.2645944117285,86.04133397559833
2007,2002,Vardo,88.85365528035858,86.74781355716843
2008,2002,Vardo,84.70093680266257,87.39528866598992
2009,2002,Vardo,89.770363108239,89.84699762178725
2010,2002,Vardo,89.38689372696099,91.66965150636133
2011,2002,Vardo,96.5231391907151,94.58848913664706
2012,2002,Vardo,97.966924703229,95.84063306098398
2013,2002,Vardo,99.29512495409122,97.56689042127013
2014,2002,Vardo,96.03108272992357,97.73408486929787
2015,2002,Vardo,98.01818052839177,97.01020167285627
2016,2002,Vardo,97.35911143085384,NA
2017,2002,Vardo,94.34750872102096,NA
1994,2003,Vadso,53.59426036674706,NA
1995,2003,Vadso,82.7420620580748,NA
1996,2003,Vadso,76.45812307829638,69.30328656623433
1997,2003,Vadso,85.45939798875771,64.01456026368308
1998,2003,Vadso,48.262589339295715,67.34623627177055
1999,2003,Vadso,27.15062885399085,70.86836383562937
2000,2003,Vadso,99.40044209851207,73.77613054515794
2001,2003,Vadso,94.0687608975905,65.8339775118387
2002,2003,Vadso,99.99823153640064,61.53409519840693
2004,2003,Vadso,8.551824172699451,43.193737692613986
2005,2003,Vadso,5.651217286832037,24.38817157866968
2006,2003,Vadso,7.69865456954732,24.187815298746017
2007,2003,Vadso,0.04093032786897981,40.58910661282445
2009,2003,Vadso,98.99645013678231,58.75660629541543
2010,2003,Vadso,90.55828074309164,75.09050330199288
2011,2003,Vadso,96.48871569978691,93.96595296184087
2012,2003,Vadso,89.36813960243458,90.98566918530949
2013,2003,Vadso,94.4181786271089,88.16008153527133
2014,2003,Vadso,84.09503125412546,77.08526293658936
2015,2003,Vadso,76.43034249290082,71.02977171113034
2016,2003,Vadso,41.114622706377034,NA
2017,2003,Vadso,59.09068347513947,NA
1994,2004,Hammerfest,83.84932941920519,NA
1995,2004,Hammerfest,89.23155293445222,NA
1996,2004,Hammerfest,88.91996321590278,86.2972087950865
1997,2004,Hammerfest,95.18565960870058,77.29531087015688
1998,2004,Hammerfest,74.29953879717178,66.55998800330966
1999,2004,Hammerfest,38.83983979455706,63.42240338778525
2000,2004,Hammerfest,35.55493860021612,61.73537568550218
2001,2004,Hammerfest,73.23204013828077,64.77336351976545
2002,2004,Hammerfest,86.75052109728517,75.62317510988245
2003,2004,Hammerfest,89.48947796848815,87.82550327427136
2004,2004,Hammerfest,93.08889774514203,92.56293701989735
2005,2004,Hammerfest,96.56657942216063,93.8062234001363
2006,2004,Hammerfest,96.91920886641073,94.1272897218092
2007,2004,Hammerfest,92.96695299848002,93.86115731942748
2008,2004,Hammerfest,91.09480957685258,93.38513167437334
2009,2004,Hammerfest,91.75823573323345,91.9733342937825
2010,2004,Hammerfest,94.18645119688989,91.25539098569632
2011,2004,Hammerfest,89.86022196345657,90.84984836898495
2012,2004,Hammerfest,89.3772364580491,90.9402619536011
2013,2004,Hammerfest,89.0670964932958,90.79548515499926
2014,2004,Hammerfest,92.21030365631411,91.01024417909
2015,2004,Hammerfest,93.46256720388068,91.72453487568472
2016,2004,Hammerfest,90.93401708391035,NA
2017,2004,Hammerfest,92.94868994102275,NA
1994,2012,Alta,49.3483460677154,NA
1995,2012,Alta,89.57478626350698,NA
1996,2012,Alta,82.79833533719106,60.76334033655009
1997,2012,Alta,68.885480899654155,50.95967629845408
1998,2012,Alta,13.209753114682806,33.05878987214252
1999,2012,Alta,0.33002587723535676,36.49912280470431
2000,2012,Alta,0.07035413194920402,37.89842569853728
2002,2012,Alta,100,41.27899558917462
2003,2012,Alta,75.88199536881899,45.2234249365919
2004,2012,Alta,30.112602567869526,58.566270199510654
2005,2012,Alta,20.05217261432176,52.730194363811805
2006,2012,Alta,66.78458044654299,56.521106672938934
2007,2012,Alta,70.81962082150575,60.98699078031562
2008,2012,Alta,94.83655691445466,75.28204676495622
2009,2012,Alta,52.44202310475294,68.3731235413737
2010,2012,Alta,91.5274525375248,62.59965025924013
2011,2012,Alta,32.23996432863034,43.93900712775287
2012,2012,Alta,41.952254410837895,33.81329037298759
2013,2012,Alta,1.5333412570183447,16.2559874196515
2014,2012,Alta,1.8134393309265329,10.54622102648437
2015,2012,Alta,3.7409377708443645,3.1351398652804336
2016,2012,Alta,3.691132362794683,NA
2017,2012,Alta,4.896848604818218,NA
1994,2014,Loppa,90.75810384289228,NA
1995,2014,Loppa,66.00236362525882,NA
1996,2014,Loppa,18.013592115140774,64.54274045776685
1997,2014,Loppa,86.70506988527573,51.91025963541423
1998,2014,Loppa,61.23457282026666,42.06794442977529
1999,2014,Loppa,27.595699731129166,51.06565852176112
2000,2014,Loppa,16.7907875970641,51.503555700776154
2001,2014,Loppa,63.002162575069946,57.32656885235879
2002,2014,Loppa,88.8945557803509,69.16270829204576
2003,2014,Loppa,90.34963857817984,83.10335643989004
2004,2014,Loppa,86.77639692956402,88.51037970772418
2005,2014,Loppa,86.49402833628547,86.51287240704178
2006,2014,Loppa,90.03727891424076,81.56041260408654
2007,2014,Loppa,78.90701927693885,66.65779399639075
2008,2014,Loppa,65.58733956340359,68.95059471547528
2009,2014,Loppa,12.263303891085116,62.95425270509711
2010,2014,Loppa,97.95803193170808,59.181481391320084
2011,2014,Loppa,60.0555688623499,53.651913020068534
2012,2014,Loppa,60.04316270805375,51.20134428335835
2013,2014,Loppa,37.93949770714586,32.06234289832872
2014,2014,Loppa,0.010460207534182244,37.9504753234108
2016,2014,Loppa,2.263025006559921,NA
2017,2014,Loppa,89.49623098776027,NA
1994,2015,Hasvik,82.557796681287,NA
1995,2015,Hasvik,85.79310044206831,NA
1996,2015,Hasvik,88.34497176606645,81.7813916360391
1997,2015,Hasvik,87.33661128928092,70.75739955539417
1998,2015,Hasvik,64.87447800149282,56.33678355287035
1999,2015,Hasvik,27.43783627806235,50.69665265429795
2000,2015,Hasvik,13.690020429449206,37.756311099546835
2001,2015,Hasvik,60.14431727320449,42.565080788892544
2002,2015,Hasvik,22.634903515525338,55.94381258805163
2003,2015,Hasvik,88.91832644822134,72.3153357370243
2004,2015,Hasvik,94.33149527385778,79.58158363765915
2005,2015,Hasvik,95.5476361743126,94.34031927314349
2006,2015,Hasvik,96.47555677637874,95.86836142911007
2007,2015,Hasvik,96.42858169294705,96.12914485390488
2008,2015,Hasvik,96.55853722805418,96.89435259802791
2009,2015,Hasvik,95.63541239783184,97.59924124275216
2010,2015,Hasvik,99.37367489492775,98.31025403740912
2011,2015,Hasvik,100,98.50788565538645
2012,2015,Hasvik,99.98364566623182,98.43469036074357
2013,2015,Hasvik,97.54669531794084,97.9832998139255
2014,2015,Hasvik,95.26943592461748,97.6053063095732
2015,2015,Hasvik,97.11672216083736,97.26496324675048
2016,2015,Hasvik,98.11003247823847,NA
2017,2015,Hasvik,98.28193035211827,NA
1994,2017,Kvalsund,94.9296894563919,NA
1995,2017,Kvalsund,92.851502648423,NA
1996,2017,Kvalsund,98.4217199012366,90.75757091509979
1997,2017,Kvalsund,98.44488570881194,77.43542282846717
1998,2017,Kvalsund,69.14005686063554,60.70169818392289
1999,2017,Kvalsund,28.318949023228786,53.81792033562847
2000,2017,Kvalsund,9.182879425701598,53.435854583352715
2001,2017,Kvalsund,64.00283065976451,58.84085600273379
2002,2017,Kvalsund,96.53455694743315,72.12176149166984
2003,2017,Kvalsund,96.16506395754094,89.4879965668895
2004,2017,Kvalsund,94.72347646790901,76.81545396132688
2005,2017,Kvalsund,96.01405480179994,58.42299160337832
2006,2017,Kvalsund,0.640117631951412,40.00940848200736
2007,2017,Kvalsund,4.572245157690313,NA
2013,2017,Kvalsund,4.097148350686119,NA
1994,2018,Masoy,90.05326123870726,NA
1995,2018,Masoy,87.43252480241078,NA
1996,2018,Masoy,86.30912033891899,83.56479341112718
1997,2018,Masoy,86.41083255102531,71.34272580336184
1998,2018,Masoy,67.6182281245736,56.475984740008755
1999,2018,Masoy,28.942923199880585,52.10811229558006
2000,2018,Masoy,13.09881948564529,51.857072048819965
2001,2018,Masoy,64.46975811677551,55.93525691243481
2002,2018,Masoy,85.15563131722486,68.06394306531067
2003,2018,Masoy,88.00915244264783,83.24549698749587
2004,2018,Masoy,89.58635396425983,89.82262372701379
2005,2018,Masoy,89.00658909657133,92.26483859461464
2006,2018,Masoy,97.3553918143651,94.16422063959877
2007,2018,Masoy,97.36670565522918,95.84130324564151
2008,2018,Masoy,97.50606266756843,97.64158569164172
2009,2018,Masoy,97.97176699447357,98.170507328768707
2010,2018,Masoy,98.00800132657233,98.69716619772286
2011,2018,Masoy,100,98.90976195249246
2012,2018,Masoy,100,99.1381885002557
2013,2018,Masoy,98.56904144141643,99.25930088386175
2014,2018,Masoy,99.11389973328971,98.94630246363128
2015,2018,Masoy,98.61356324460266,98.75424017297966
2016,2018,Masoy,98.43500789884764,NA
2017,2018,Masoy,99.03968854674191,NA
1994,2019,Nordkapp,90.51214725805382,NA
1995,2019,Nordkapp,91.4326345522494,NA
1996,2019,Nordkapp,96.40987963764319,87.89753412811224
1997,2019,Nordkapp,91.74170433951517,75.54082327359303
1998,2019,Nordkapp,69.39130485309964,64.65828312264703
1999,2019,Nordkapp,28.72859298545778,58.042817704017196
2000,2019,Nordkapp,37.01993379751943,58.071549191736175
2001,2019,Nordkapp,63.332552544493964,61.70207525722177
2002,2019,Nordkapp,91.88536177811005,74.16787998553622
2003,2019,Nordkapp,87.54393518052765,84.91675252667386
2004,2019,Nordkapp,91.05761662703001,91.04254273225797
2005,2019,Nordkapp,90.76429650320763,91.60278654480108
2006,2019,Nordkapp,93.9615035724145,91.47754204318463
2007,2019,Nordkapp,94.68658084082556,91.74523308767701
2008,2019,Nordkapp,86.91771267244549,92.5974037052293
2009,2019,Nordkapp,92.39607184949183,92.45491216566293
2010,2019,Nordkapp,95.02514959096911,90.46933723844776
2011,2019,Nordkapp,93.24904587458265,90.06440776512609
2012,2019,Nordkapp,84.7587062047498,90.25455394722658
2013,2019,Nordkapp,84.8930653058371,89.79635681349052
2014,2019,Nordkapp,93.34680275999425,89.71412906026288
2015,2019,Nordkapp,92.7341639222888,92.18395121156115
2016,2019,Nordkapp,92.83790710844441,NA
2017,2019,Nordkapp,97.10781696124121,NA
1994,2020,Porsanger,41.62691453232846,NA
1995,2020,Porsanger,46.307774296469965,NA
1996,2020,Porsanger,51.93677823364737,45.959897525032716
1997,2020,Porsanger,49.9688657084844,41.36198316654324
1998,2020,Porsanger,39.95915485423338,32.979220406947654
1999,2020,Porsanger,18.637342739881085,28.285671127710792
2000,2020,Porsanger,4.393960498492043,24.616152296000692
2001,2020,Porsanger,28.469031837463067,19.74150772612304
2002,2020,Porsanger,31.62127154993388,21.33932586915109
2003,2020,Porsanger,15.585932004845121,24.643363266402982
2004,2020,Porsanger,26.62643345502133,21.639281318311912
2005,2020,Porsanger,20.91414748475152,20.830857455479244
2006,2020,Porsanger,13.448622097007716,21.342408282883444
2007,2020,Porsanger,27.57915223577054,17.730741888664692
2008,2020,Porsanger,18.143686141866112,15.78524744026997
2009,2020,Porsanger,8.568101483927576,21.39886838790985
2010,2020,Porsanger,11.18667524277791,25.490128341056362
2011,2020,Porsanger,41.51672683520712,28.773572308162375
2012,2020,Porsanger,48.03545200150309,31.569056430797254
2014,2020,Porsanger,34.56090597739618,33.708880774826234
2015,2020,Porsanger,22.545522097101948,28.941048984708907
2016,2020,Porsanger,21.88579696292285,NA
2017,2020,Porsanger,17.677567884620483,NA
1994,2022,Lebesby,88.16648848881263,NA
1995,2022,Lebesby,90.29147516820923,NA
1996,2022,Lebesby,92.32996510223641,86.26476764289463
1997,2022,Lebesby,92.74609597448715,74.45707979040282
1998,2022,Lebesby,67.78981348072773,58.58024390134515
1999,2022,Lebesby,29.128049226353557,52.158392616415384
2000,2022,Lebesby,10.907295722920889,51.75089510154392
2001,2022,Lebesby,60.22070867758759,55.049109044122474
2002,2022,Lebesby,90.70860840012983,66.65057156063993
2003,2022,Lebesby,84.2808831936205,82.08791508112303
2004,2022,Lebesby,87.1353618089409,87.3344136367576
2005,2022,Lebesby,88.09401332533632,86.62271928449098
2006,2022,Lebesby,86.45320145576048,86.83730216499559
2007,2022,Lebesby,87.15013663879675,87.97512838765876
2008,2022,Lebesby,85.35379759614352,88.15424725706984
2009,2022,Lebesby,92.82449292225672,88.74586655570029
2010,2022,Lebesby,88.98960767239173,89.43267763954198
2011,2022,Lebesby,89.41129794891269,90.13566852290049
2012,2022,Lebesby,90.5841920580052,90.1989115823249
2013,2022,Lebesby,88.8687520129361,90.44974208620071
2014,2022,Lebesby,93.14070821937877,91.57758168895836
2015,2022,Lebesby,90.24376019177083,91.98462699556572
2016,2022,Lebesby,95.05049596270091,NA
2017,2022,Lebesby,92.61941859104198,NA
1994,2023,Gamvik,99.14710684420992,NA
1995,2023,Gamvik,98.68071977457359,NA
1996,2023,Gamvik,52.67806539243496,83.6417984235695
1997,2023,Gamvik,85.61032158877184,69.14672074196663
1998,2023,Gamvik,82.09277851785723,51.25504020077274
1999,2023,Gamvik,26.671718436195594,52.34028823689225
2000,2023,Gamvik,9.222317068604074,53.15993720200788
2001,2023,Gamvik,58.10430557303255,53.28918147195121
2002,2023,Gamvik,89.70856641434997,64.56480972559999
2003,2023,Gamvik,82.73899986757391,81.14584849503872
2004,2023,Gamvik,83.04985970443948,86.4850219298777
2005,2023,Gamvik,92.1275109157977,86.11941980822472
2006,2023,Gamvik,84.80017274722745,87.80958375274125
2007,2023,Gamvik,87.88055580608507,90.17510499136878
2008,2023,Gamvik,91.18981959015659,91.4773454167858
2009,2023,Gamvik,94.87746589757708,93.17960084450124
2010,2023,Gamvik,98.6387130428828,95.32408624881586
2011,2023,Gamvik,93.31144988580463,96.80082358774624
2012,2023,Gamvik,98.60298282765817,97.64674250357201
2013,2023,Gamvik,98.57350628480856,97.6349956007376
2014,2023,Gamvik,99.1070604767059,98.19834565325638
2015,2023,Gamvik,98.57997852871073,98.10071294463108
2016,2023,Gamvik,96.12820014839863,NA
2017,2023,Gamvik,98.1148192845316,NA
1994,2024,Berlevag,95.5310832375928,NA
1995,2024,Berlevag,97.16923755003928,NA
1996,2024,Berlevag,82.1282073230091,90.23720066903563
1997,2024,Berlevag,97.39463919380061,79.70192588788868
1998,2024,Berlevag,78.9628360407364,63.53444652112428
1999,2024,Berlevag,42.85470933185798,60.99775034707117
2000,2024,Berlevag,16.331840716217304,61.153390633974894
2001,2024,Berlevag,69.44472645274357,64.84288961218732
2002,2024,Berlevag,98.17284062831924,75.68733287268483
2003,2024,Berlevag,97.41033093179855,91.91900235618547
2004,2024,Berlevag,97.07692563434559,96.8122578335664
2005,2024,Berlevag,97.49018813372047,95.94048148067525
2006,2024,Berlevag,93.91100383964816,95.83694870066594
2007,2024,Berlevag,93.81395886386353,95.42442220332774
2008,2024,Berlevag,96.89266703175203,95.49509658442639
2009,2024,Berlevag,95.01429314765448,96.33290538088107
2010,2024,Berlevag,97.84356003921377,97.25808373034435
2011,2024,Berlevag,98.10004782192158,97.55209338232632
2012,2024,Berlevag,98.43985061117996,98.05689490446255
2013,2024,Berlevag,98.3627152916618,98.0077564746073
2014,2024,Berlevag,97.53830075833565,97.93574704322626
2015,2024,Berlevag,97.59786788993752,98.24777692099028
2016,2024,Berlevag,97.7400006650164,NA
2017,2024,Berlevag,100.00000000000001,NA
1994,2025,Tana,0.05419376394447613,NA
1995,2025,Tana,15.02928470239369,NA
1996,2025,Tana,48.059159128377196,33.39963388008307
1997,2025,Tana,83.34832901290166,35.21868458286624
1998,2025,Tana,20.507202792798353,34.043351821280396
1999,2025,Tana,9.149447277860297,29.29516446239427
2000,2025,Tana,9.152620894464468,13.198691807639928
2001,2025,Tana,24.318222333946558,10.690642247924382
2002,2025,Tana,2.8659657391299675,15.275542572674851
2013,2025,Tana,7.966954994220616,13.64952536272481
2014,2025,Tana,32.07394890161265,26.469311608285306
2015,2025,Tana,1.022534844714262,27.506879035207056
2016,2025,Tana,88.41715356174902,NA
2017,2025,Tana,8.05380287373873,NA
1994,2027,Nesseby,0.23708334796810793,NA
1995,2027,Nesseby,0.08903869445400159,NA
2000,2027,Nesseby,0.16309207792688474,12.034500605991438
2001,2027,Nesseby,54.414348584364966,15.550931688187342
2002,2027,Nesseby,5.26894032524323,33.68464044369418
2003,2027,Nesseby,17.819238758947623,41.105613821983724
2004,2027,Nesseby,90.75758247198819,40.69371938689035
2005,2027,Nesseby,37.267958969374604,59.08373869335886
2006,2027,Nesseby,52.35487640889812,75.3195364488409
2007,2027,Nesseby,97.2190368575858,77.10291880743799
2008,2027,Nesseby,98.9982275363578,89.60635696390408
2009,2027,Nesseby,99.67449426497363,99.07330428444105
2010,2027,Nesseby,99.78514975170503,99.38893561206508
2011,2027,Nesseby,99.689613011583,99.08221568736165
2012,2027,Nesseby,98.79719349570595,98.43414635419187
2013,2027,Nesseby,97.46462791284067,96.99946865662078
2014,2027,Nesseby,96.43414759912467,96.71480212051794
2015,2027,Nesseby,92.6117612638496,96.32641908240207
2016,2027,Nesseby,98.26628033106884,NA
2017,2027,Nesseby,96.85527830512659,NA
1994,2028,Batsfjord,96.71845828627134,NA
1995,2028,Batsfjord,96.64291691894655,NA
1996,2028,Batsfjord,98.03855637057215,94.41859706451294
1997,2028,Batsfjord,99.42613729954299,84.36010454207504
1998,2028,Batsfjord,81.26691644723164,71.81984839268056
1999,2028,Batsfjord,46.42599567408185,65.73630136548304
2000,2028,Batsfjord,33.94163617197416,65.56565071805834
2001,2028,Batsfjord,67.62082123458454,68.58849091841824
2002,2028,Batsfjord,98.57288406241949,78.73588235433758
2003,2028,Batsfjord,96.38111744903118,91.36707361737659
2004,2028,Batsfjord,97.16295285367853,97.43583655143051
2005,2028,Batsfjord,97.0975924871692,97.61871874637373
2006,2028,Batsfjord,97.96463590485413,98.00538601095175
2007,2028,Batsfjord,99.4872950371356,98.04773103417514
2008,2028,Batsfjord,98.314453771921265,97.52310613118566
2009,2028,Batsfjord,97.37467796979548,97.58085113032307
2010,2028,Batsfjord,94.47446797222179,97.37512458217734
2011,2028,Batsfjord,98.2533609005412,97.38861882691222
2012,2028,Batsfjord,98.45866229640689,97.56458995507688
2013,2028,Batsfjord,98.38192499559568,98.62792972225506
2014,2028,Batsfjord,98.25453361061884,98.8837082018641
2015,2028,Batsfjord,99.79116680811269,99.19197574258273
2016,2028,Batsfjord,99.53225329858643,NA
2017,2028,Batsfjord,99.99999999999999,NA
1994,2030,Sor-Varanger,31.168620736796008,NA
1995,2030,Sor-Varanger,11.547516621768171,NA
1996,2030,Sor-Varanger,4.316809370275372,14.377826989194247
1997,2030,Sor-Varanger,10.420316566981839,9.327531036732804
1998,2030,Sor-Varanger,14.43587165014985,8.050412152935937
1999,2030,Sor-Varanger,5.917140974488789,11.787156029218442
2000,2030,Sor-Varanger,5.161922202783847,14.108076239646568
2001,2030,Sor-Varanger,23.000528751687895,15.782202466573088
2002,2030,Sor-Varanger,22.024917619122462,30.838919124628056
2003,2030,Sor-Varanger,22.80650278478245,33.28221967001075
2004,2030,Sor-Varanger,81.20072426476364,31.359433072976636
2005,2030,Sor-Varanger,17.378424929697292,36.00255965016154
2006,2030,Sor-Varanger,13.386595766517337,41.975979753954974
2007,2030,Sor-Varanger,45.24055050504699,38.56992425943376
2008,2030,Sor-Varanger,52.673603303749594,44.333820898702044
2009,2030,Sor-Varanger,64.17044679215758,54.010539008236435
2010,2030,Sor-Varanger,46.19790812603871,56.050321733804346
2011,2030,Sor-Varanger,61.77018631418929,49.70637198481326
2012,2030,Sor-Varanger,55.43946413288654,39.08108635429316
2013,2030,Sor-Varanger,20.95385455879417,31.621091524549485
2014,2030,Sor-Varanger,11.04401863955711,23.056908338741515
2015,2030,Sor-Varanger,8.897933977320324,20.42577105548552
2016,2030,Sor-Varanger,18.94927038514944,NA
2017,2030,Sor-Varanger,42.28377771660656,NA
1996,1925,Sorreisa,0.1782371497144905,NA
1997,1925,Sorreisa,0.35248018963145733,NA
2006,1925,Sorreisa,4.807499163039839,1.5095898631135272
2007,1925,Sorreisa,1.6201273175086623,2.418065420601656
2008,1925,Sorreisa,0.5896054956731865,NA
2009,1925,Sorreisa,4.720614937155137,NA
2006,1923,Salangen,0.6647905037519568,NA
2009,1923,Salangen,100,NA
